mtllib ex_Market.mtl

o MarketTent.001_Market2_Material_
usemtl Material.004
s off

v -113.922020 -27.402199 5.691434
v -108.233734 -19.760046 -40.301491
v -113.922020 -27.402199 -40.301491
v -108.233734 -19.760002 5.691434
v -106.620384 -32.836998 -40.301491
v -106.620384 -32.836952 5.691434
v -100.932152 -25.194798 5.691434
v -100.932114 -25.194798 -40.301491
v -130.910263 -49.225094 5.691434
v -122.650131 -55.373363 -40.301491
v -130.910263 -49.225136 -40.301491
v -122.650131 -55.373363 5.691434
v -136.345062 -56.526810 5.691434
v -136.345062 -56.526772 -40.301491
v -128.085007 -62.674995 5.691434
v -128.084930 -62.675037 -40.301491
v 3.467563 -103.166985 6.111061
v 11.109761 -108.855270 -40.301449
v 3.467563 -103.166901 -40.301449
v 11.109761 -108.855270 6.111061
v -1.967360 -110.468582 6.111061
v -1.967360 -110.468620 -40.301491
v 5.674838 -116.156982 6.111061
v 5.674838 -116.156891 -40.301449
v -139.758392 -41.433735 -43.607132
v -160.391861 -26.075695 -40.618500
v -160.391861 -26.075737 -43.607132
v -139.758392 -41.433735 -40.618462
v -131.151031 -29.869741 -40.618462
v -153.941574 -12.906199 -43.607132
v -153.941574 -12.906199 -40.618500
v -131.151031 -29.869741 -43.607132
v -147.364746 -35.772163 -43.607132
v -147.364716 -35.772121 -40.618462
v -148.365875 -52.997681 -40.618462
v -156.262497 -47.120045 -40.618500
v -148.365875 -52.997681 -43.607132
v -156.262497 -47.120007 -43.607132
v -122.543716 -18.305836 -40.618500
v -132.523834 -10.877313 -43.607086
v -132.523834 -10.877313 -40.618462
v -122.543716 -18.305836 -43.607132
v -143.561523 -20.632322 -40.618462
v -143.561523 -20.632322 -43.607132
v 18.701399 -123.438393 -43.607086
v 35.958916 -136.283630 -40.618416
v 35.958916 -136.283630 -43.607086
v 18.701399 -123.438438 -40.618462
v 10.094039 -135.002380 -40.618462
v 26.037506 -146.869568 -43.607086
v 26.037506 -146.869568 -40.618462
v 10.094039 -135.002380 -43.607086
v 29.076866 -131.161270 -43.607086
v 29.076866 -131.161270 -40.618462
v 27.308760 -111.874443 -40.618462
v 38.892376 -120.496407 -40.618416
v 27.308760 -111.874443 -43.607086
v 38.892376 -120.496407 -43.607086
v 1.486720 -146.566376 -43.607086
v 12.370391 -154.667450 -40.618416
v 12.370391 -154.667450 -43.607086
v 1.486720 -146.566376 -40.618416
v 3.763115 -166.231445 -40.618462
v -7.120683 -158.130280 -40.618462
v 3.763115 -166.231400 -43.607086
v -7.120683 -158.130280 -43.607086
v 1.486720 -146.566376 -31.705093
v -7.120683 -158.130280 -31.705093
v 10.094039 -135.002380 -31.705093
v 18.701399 -123.438438 -31.705135
v 27.308760 -111.874443 -31.705093
v -44.405293 -58.495708 -40.618462
v -44.405293 -58.495663 -43.607132
v -113.936356 -6.741804 -40.618500
v -113.936356 -6.741804 -43.607132
v -44.405380 -58.495663 -31.705135
v -113.936356 -6.741804 -31.705135
v -122.543716 -18.305836 -31.705135
v -131.151031 -29.869741 -31.705135
v -139.758392 -41.433735 -31.705135
v -148.365875 -52.997635 -31.705135
v -78.834740 -104.751541 -40.618462
v -78.834740 -104.751541 -43.607132
v -78.834785 -104.751541 -31.705135
v -53.012741 -70.059616 -43.607086
v -61.620018 -81.623650 -43.607132
v -70.227379 -93.187592 -43.607132
v -53.012741 -70.059616 -31.705135
v -61.620018 -81.623604 -31.705135
v -70.227379 -93.187592 -31.705135
v -10.774358 -137.900909 6.111061
v -16.922626 -146.160995 -40.301449
v -10.774358 -137.900848 -40.301491
v -16.922626 -146.160995 6.111061
v -18.076077 -132.465973 6.111061
v -18.075991 -132.465973 -40.301491
v -24.224346 -140.726196 6.111061
v -24.224346 -140.726196 -40.301491
v 107.353317 21.154093 5.221845
v 101.665085 13.511938 -40.301491
v 107.353394 21.154093 -40.301491
v 101.665039 13.511938 5.221845
v 100.051933 26.588974 5.221845
v 100.052063 26.588974 -40.301491
v 94.363441 18.946775 5.221845
v 94.363441 18.946775 -40.301491
v 124.341728 42.977032 5.221845
v 116.081680 49.125256 -40.301491
v 124.341774 42.977032 -40.301491
v 116.081596 49.125168 5.221845
v 129.776520 50.278702 5.221845
v 129.776520 50.278664 -40.301491
v 121.516434 56.426800 5.221845
v 121.516472 56.426888 -40.301491
v -10.036098 96.918884 6.110976
v -17.678337 102.607201 -40.301529
v -10.036055 96.918884 -40.301529
v -17.678337 102.607201 6.111018
v -4.601302 104.220390 6.111018
v -4.601174 104.220428 -40.301529
v -12.243458 109.908798 6.110976
v -12.243372 109.908920 -40.301529
v 133.190079 35.185669 -43.607086
v 153.823257 19.827587 -40.618462
v 153.823257 19.827629 -43.607086
v 133.190079 35.185669 -40.618462
v 124.582718 23.621635 -40.618500
v 147.372864 6.658134 -43.607086
v 147.372864 6.658092 -40.618462
v 124.582718 23.621675 -43.607132
v 144.236511 26.963417 -43.607086
v 144.236511 26.963417 -40.618462
v 141.797424 46.749573 -40.618500
v 153.134232 38.311260 -40.618500
v 141.797424 46.749615 -43.607132
v 153.134232 38.311260 -43.607132
v 115.975006 12.057688 -40.618462
v 125.955254 4.629120 -43.607132
v 125.955254 4.629206 -40.618462
v 115.975006 12.057688 -43.607132
v 136.992920 14.384215 -40.618462
v 136.992920 14.384215 -43.607132
v -25.269978 117.190414 -43.607132
v -38.702129 127.188332 -40.618462
v -38.702129 127.188332 -43.607132
v -25.269978 117.190331 -40.618500
v -16.662573 128.754364 -40.618500
v -28.780846 137.774307 -43.607174
v -28.780846 137.774307 -40.618500
v -16.662573 128.754364 -43.607174
v -35.645485 124.913124 -43.607132
v -35.645485 124.913124 -40.618462
v -33.877296 105.626427 -40.618500
v -45.460873 114.248245 -40.618500
v -33.877338 105.626373 -43.607174
v -45.460873 114.248337 -43.607132
v -8.055297 140.318268 -43.607174
v -18.939053 148.419434 -40.618500
v -18.939053 148.419434 -43.607174
v -8.055297 140.318268 -40.618500
v -10.331521 159.983383 -40.618500
v 0.552064 151.882172 -40.618500
v -10.331521 159.983383 -43.607174
v 0.552064 151.882172 -43.607174
v -8.055212 140.318268 -31.705177
v 0.552064 151.882172 -31.705177
v -16.662573 128.754364 -31.705177
v -25.269978 117.190414 -31.705177
v -33.877338 105.626373 -31.705135
v 37.836891 52.247601 -40.618500
v 37.836891 52.247601 -43.607132
v 107.367737 0.493781 -40.618462
v 107.367691 0.493781 -43.607132
v 37.836849 52.247601 -31.705135
v 107.367737 0.493781 -31.705135
v 115.975006 12.057688 -31.705135
v 124.582718 23.621635 -31.705135
v 133.189987 35.185669 -31.705135
v 141.797424 46.749615 -31.705135
v 72.266289 98.503479 -40.618500
v 72.266289 98.503479 -43.607132
v 72.266289 98.503479 -31.705135
v 46.444248 63.811634 -43.607132
v 55.051571 75.375587 -43.607132
v 63.658928 86.939484 -43.607132
v 46.444210 63.811550 -31.705135
v 55.051571 75.375587 -31.705135
v 63.658928 86.939575 -31.705135
v 4.205697 131.652710 6.110976
v 10.353964 139.912842 -40.301529
v 4.205782 131.652710 -40.301529
v 10.353921 139.912766 6.110976
v 11.507373 126.217873 6.110976
v 11.507458 126.217873 -40.301529
v 17.655682 134.478012 6.110976
v 17.655682 134.478012 -40.301529
v 75.607048 -140.306870 -141.753326
v 83.904228 -129.503113 -158.788330
v 83.186996 -128.516541 -141.748795
v 75.607735 -140.948837 -160.378433
v 74.494431 -139.030197 -123.852142
v 82.208565 -127.436089 -123.826782
v 92.633781 -118.103226 -141.711639
v 91.687477 -117.133789 -123.766632
v 93.389961 -118.990700 -154.213867
v 101.634323 -107.575912 -154.976151
v 101.232353 -107.048080 -141.711975
v 100.895073 -106.609421 -123.717651
v 110.187958 -96.304276 -141.595963
v 110.404747 -96.394302 -123.600708
v 109.899834 -96.176224 -159.752167
v 118.064278 -84.681229 -157.439713
v 118.332436 -85.062881 -141.667984
v 118.327614 -85.189384 -123.618622
v 126.728806 -73.938828 -141.657242
v 126.736610 -74.220764 -123.591522
v 126.336052 -73.277702 -155.580780
v 136.484116 -60.030342 -156.710587
v 136.206696 -60.150108 -141.672852
v 136.038498 -60.254768 -123.608978
v 145.770477 -45.589081 -141.703568
v 145.300156 -45.315548 -123.654709
v 147.723618 -46.863495 -160.207474
v 73.819443 -138.247314 -106.049339
v 81.554695 -126.725815 -105.972656
v 73.718452 -138.059708 -88.345871
v 81.240715 -126.397842 -88.185143
v 90.980156 -116.434319 -105.869370
v 90.440247 -115.951324 -88.021561
v 100.711227 -106.342453 -105.774185
v 100.588432 -106.178360 -87.876617
v 110.609673 -96.479507 -105.655693
v 110.808075 -96.532883 -87.748924
v 118.004494 -84.990562 -105.622673
v 117.635979 -84.545418 -87.660553
v 126.199608 -73.938225 -105.576675
v 125.568657 -73.240883 -87.590164
v 135.537292 -59.961819 -105.573601
v 134.985825 -59.357830 -87.553162
v 144.932800 -45.021275 -105.605942
v 144.614380 -44.665562 -87.556747
v 74.291931 -138.542145 -70.742241
v 81.272758 -126.456413 -70.462646
v 74.857185 -139.187134 -53.236702
v 81.318413 -126.651619 -53.072048
v 90.004875 -115.638504 -70.224480
v 89.603554 -115.439880 -52.872112
v 100.447327 -106.057739 -70.019081
v 100.293854 -105.984009 -52.462345
v 111.007416 -96.528488 -69.868042
v 111.189262 -96.492905 -52.129543
v 117.464760 -83.909470 -69.711922
v 117.419273 -83.192329 -51.983540
v 125.243454 -72.237831 -69.609055
v 125.156235 -71.125000 -51.944923
v 134.636948 -58.503815 -69.533455
v 134.578796 -57.631878 -51.723995
v 144.301361 -44.216156 -69.507210
v 144.313751 -43.910572 -51.458225
v 74.853683 -139.576843 -35.826904
v 81.106316 -126.769852 -36.275501
v 74.326157 -139.995056 -12.114433
v 80.690231 -126.935905 -16.616280
v 89.178627 -115.301437 -36.352558
v 88.692360 -115.245880 -17.280430
v 100.134331 -105.957306 -35.465008
v 99.963493 -105.971512 -18.763693
v 111.336418 -96.453262 -34.650028
v 111.402039 -96.376297 -15.522392
v 117.425888 -82.502876 -34.682545
v 117.456825 -81.795723 -14.859524
v 125.226723 -70.092682 -34.910599
v 125.418343 -69.147316 -20.873007
v 134.865631 -56.951855 -34.334126
v 135.670288 -55.902512 -16.606041
v 144.908859 -43.940571 -33.410480
v 145.899445 -43.964081 -9.053614
v -90.933044 133.049652 -141.753403
v -99.414154 122.382607 -158.788376
v -98.178360 121.007286 -141.748886
v -91.197960 133.888397 -160.378525
v -89.225914 131.330536 -123.852173
v -96.687332 119.543442 -123.826828
v -108.183182 110.999222 -141.711716
v -106.766815 109.672928 -123.766663
v -109.410736 112.248840 -155.420990
v -117.585129 100.780640 -157.141693
v -116.941154 100.046349 -141.712112
v -116.458588 99.483490 -123.717651
v -126.243942 89.537544 -141.596008
v -126.633743 89.727966 -123.600784
v -125.787193 89.334709 -159.752258
v -133.840179 77.750328 -156.947311
v -134.379700 78.260277 -141.668076
v -134.526215 78.455559 -123.618713
v -142.879166 67.176971 -141.657318
v -143.125427 67.573509 -123.591614
v -142.068329 66.298164 -152.219452
v -152.307907 53.117702 -153.986755
v -152.206436 53.224239 -141.672928
v -152.254532 53.399044 -123.609009
v -161.483582 38.386524 -141.703659
v -161.143402 38.083546 -123.654800
v -163.957047 40.278576 -160.207550
v -88.350471 130.398392 -106.049423
v -95.818932 118.672997 -105.972710
v -88.508385 130.403473 -88.345947
v -95.596504 118.413963 -88.185226
v -105.808395 108.784691 -105.869446
v -105.202744 108.256866 -88.021652
v -116.274445 99.212692 -105.774261
v -116.251488 99.131531 -87.876663
v -127.042618 89.958794 -105.655731
v -127.471420 90.199097 -87.749008
v -134.198502 78.243675 -105.622711
v -133.773331 77.780281 -87.660645
v -142.531174 67.234695 -105.576714
v -141.723282 66.439941 -87.590202
v -151.763092 53.093254 -105.573639
v -151.123947 52.473396 -87.553207
v -160.909897 37.860104 -105.605988
v -160.702988 37.656197 -87.556793
v -89.848244 131.456573 -70.742363
v -96.028770 118.772926 -70.462730
v -91.363037 132.808121 -53.236790
v -96.617058 119.375587 -53.072094
v -104.857140 108.020233 -70.224564
v -104.657463 107.986267 -52.872200
v -116.272781 99.153038 -70.019127
v -116.342033 99.277969 -52.462559
v -127.923561 90.420357 -69.868080
v -128.379242 90.648033 -52.129585
v -133.581451 77.186783 -69.712013
v -133.549591 76.572342 -51.983578
v -141.252029 65.411041 -69.609100
v -141.067368 64.358154 -51.944969
v -150.684341 51.672115 -69.533493
v -150.609634 50.978783 -51.724083
v -160.458603 37.424561 -69.507256
v -160.648895 37.516422 -51.458271
v -92.224091 133.841217 -35.826950
v -96.942650 119.899025 -36.275761
v -92.935303 135.181488 -12.114477
v -97.247459 120.609085 -16.616367
v -104.499557 108.065331 -36.352646
v -104.439606 108.355087 -17.280516
v -116.459152 99.501114 -35.465054
v -116.617401 99.814537 -18.763737
v -128.818192 90.906212 -34.650074
v -129.203125 91.181152 -15.522436
v -133.599762 76.041862 -34.682758
v -133.719437 75.590797 -14.859566
v -141.100266 63.477257 -34.910641
v -141.279541 62.711941 -20.873049
v -151.013107 50.644402 -34.334171
v -152.012909 50.087173 -16.606125
v -161.653824 38.214748 -33.410522
v -163.213882 39.308678 -9.053656
v 98.697998 -85.681801 -236.228653
v 60.543369 -79.894325 -221.402039
v 71.295921 -65.271347 -233.550919
v 87.965363 -100.326927 -223.666595
v 101.035065 -82.492897 -237.205612
v 73.631363 -62.095325 -234.474014
v 43.893848 -44.860764 -231.347321
v 46.227077 -41.698395 -232.206879
v 33.121239 -59.461723 -219.360886
v 5.699499 -39.029167 -217.135849
v 16.492077 -24.450308 -229.697601
v 18.822062 -21.303213 -230.603973
v -10.909356 -4.039168 -228.876816
v -8.583254 -0.907776 -229.795822
v -21.721643 -18.595585 -216.084839
v -49.141766 1.839360 -216.935791
v -65.716995 36.776321 -231.008804
v -38.309937 16.372866 -229.475067
v -76.571449 22.261465 -219.070663
v -35.987373 19.488985 -230.375931
v -63.390602 39.887108 -231.847672
v -104.021477 42.656178 -221.233856
v -119.301170 76.597260 -236.160965
v -93.137596 57.161522 -233.296967
v -130.005981 61.880756 -223.724823
v -90.792931 60.286385 -234.163361
v -116.931046 79.745415 -237.034698
v 86.342583 -44.809093 -221.724823
v 86.824760 13.325740 -192.516235
v 114.148666 -6.994390 -194.584091
v 58.953777 -24.449497 -219.721313
v 114.327904 -65.619980 -223.934921
v 143.365646 -28.728409 -195.823822
v 141.530762 30.243290 -174.054733
v 173.367737 6.549249 -174.364685
v 114.273163 50.527412 -173.543777
v 31.558233 -4.099158 -217.490036
v 32.168026 53.953117 -188.098572
v 59.496754 33.639557 -189.609543
v 4.162091 16.250456 -216.406891
v 87.014320 70.809990 -173.722305
v 59.755398 91.092705 -172.927811
v -23.228716 36.607704 -217.234848
v 4.842795 74.271713 -189.458847
v 32.497456 111.376396 -173.684982
v -22.472153 94.604042 -192.293198
v 5.241857 131.663589 -173.488144
v -50.603996 56.985607 -219.341675
v -77.953926 77.397255 -221.474167
v -49.770119 114.958817 -194.445297
v -22.009390 151.956589 -174.020126
v -76.253067 134.724457 -195.847198
v -49.602097 172.782959 -174.370438
v -104.375732 97.144371 -223.938202
v -3.468032 -166.945602 -164.835938
v -30.534275 -145.737228 -168.626450
v -2.963328 -166.258926 -168.649841
v -31.040045 -146.422928 -164.825699
v 24.103981 -187.468140 -164.835938
v 24.607618 -186.780945 -168.649796
v 6.311084 -153.646317 -173.243118
v 33.860142 -174.155533 -173.562088
v -21.237806 -133.137329 -172.711914
v -58.612274 -125.900223 -164.181564
v -85.676170 -104.693558 -168.365158
v -58.164398 -125.171432 -168.728683
v -86.184242 -105.377548 -163.715347
v -48.786819 -112.628319 -171.610825
v -76.335541 -92.119133 -171.271179
v -113.756256 -84.854965 -164.181564
v -140.818115 -63.649925 -168.626480
v -113.247032 -84.171829 -168.477966
v -141.328232 -64.332428 -164.825790
v -103.884125 -71.609520 -171.212479
v -131.434555 -51.102257 -172.671127
v -168.900192 -43.809799 -164.836044
v -195.959885 -22.606339 -168.649887
v -168.388840 -43.128201 -168.649887
v -196.472397 -23.287001 -164.836044
v -158.988144 -30.599514 -173.222122
v -185.736130 -10.699905 -173.577225
v 151.165115 43.345158 -167.603012
v 125.520187 65.771057 -154.285202
v 148.720657 40.041733 -154.285202
v 123.930466 63.616566 -167.592270
v 184.473831 18.552322 -167.603012
v 184.798401 19.021870 -154.285202
v 148.563477 39.789532 -142.860733
v 186.978409 17.604481 -138.539490
v 126.973244 67.748955 -137.797638
v 96.695946 83.887886 -167.684021
v 69.799942 104.618591 -153.454269
v 95.504570 82.278542 -153.840912
v 69.461342 104.159416 -167.775589
v 94.078392 80.344246 -142.641083
v 72.520538 108.279739 -137.296356
v 42.226822 124.430779 -166.944107
v 15.337773 145.156158 -154.285248
v 41.030361 122.825233 -153.840912
v 14.992343 144.702057 -167.592270
v 39.593307 120.899040 -142.641083
v 18.067884 148.810165 -137.797607
v -12.242092 164.973541 -167.602890
v -39.126492 188.322098 -154.285248
v -13.443842 163.372009 -154.285248
v -41.692719 186.894409 -167.602844
v -14.891821 161.453842 -142.860733
v -38.699226 191.166016 -138.354019
v -2.277547 -165.326614 -144.519440
v -32.334126 -148.176651 -153.444534
v -2.512470 -165.646011 -153.444534
v -33.439835 -149.675110 -140.282608
v 21.714819 -190.728287 -141.953552
v 22.370562 -189.833313 -153.444504
v -57.416580 -124.285027 -142.395370
v -87.483788 -107.127136 -152.603317
v -57.652573 -124.603836 -152.993042
v -88.594269 -108.622093 -139.774918
v -112.555321 -83.243706 -144.295654
v -142.633530 -66.077744 -153.444534
v -112.792252 -83.561699 -152.993042
v -143.748871 -67.569115 -140.282639
v -167.694138 -42.202415 -142.895035
v -198.235931 -25.629700 -153.444534
v -167.932266 -42.519474 -153.444534
v -198.903244 -26.516186 -140.282639
v 60.666206 -137.577911 -195.267395
v 33.180931 -117.105553 -193.991394
v 5.695702 -96.633018 -191.905441
v -21.789358 -76.160484 -189.017242
v -49.273907 -55.687557 -187.533798
v -104.248199 -14.748162 -191.742035
v -76.757942 -35.213657 -188.903198
v -158.455521 25.536388 -195.327637
v -131.751907 5.698902 -193.907562
v 48.334343 -38.842842 -231.504974
v 75.741791 -59.225182 -233.690659
v 103.147064 -79.610893 -236.332108
v -6.490540 1.909376 -229.002533
v 20.922157 -18.466349 -229.846649
v -61.298183 42.685192 -231.107025
v -33.899395 22.290306 -229.587311
v -88.680115 63.102470 -233.381744
v -114.789513 82.590218 -236.227615
v 123.003105 62.359474 -170.929642
v 150.239548 42.086662 -170.957687
v 183.550476 17.292290 -170.957626
v 68.529930 102.905396 -170.974014
v 95.766411 82.632378 -170.922424
v 14.056791 143.451141 -170.929642
v 41.293316 123.178337 -170.943802
v -41.350361 184.692368 -170.957687
v -13.179564 163.724045 -170.957687
v 154.122208 -35.001648 -29.538692
v 142.914017 -47.039410 6.295338
v 151.499802 -38.486149 -31.631367
v 140.291428 -50.523952 4.202666
v 159.915375 -28.397657 -61.229065
v 162.538010 -24.913113 -59.136391
v 173.450211 -11.840470 -89.982300
v 170.827805 -15.325015 -92.074890
v 179.633774 0.456405 -122.486923
v 177.011124 -3.028139 -124.579590
v 189.008102 11.517015 -154.554260
v 186.385559 8.032471 -156.646927
v 197.795471 25.446575 -185.679504
v 195.172974 21.962029 -187.772186
v 147.635773 -35.575981 -31.634907
v 136.427399 -47.613705 4.199039
v 156.051468 -25.487492 -61.232605
v 166.963776 -12.414806 -92.078430
v 173.147232 -0.117803 -124.583099
v 182.521622 10.942764 -156.650436
v 191.308945 24.872322 -187.775726
v 150.258408 -32.091396 -29.542233
v 139.049957 -44.129242 6.291754
v 158.674072 -22.002861 -59.139931
v 169.586319 -8.930263 -89.985802
v 175.769791 3.366699 -122.490479
v 185.144211 14.427180 -154.557755
v 193.931503 28.356825 -185.683136
v 138.755646 -41.096539 6.759808
v 141.794922 -37.013336 6.759808
v 138.755737 -41.096581 -14.926466
v 141.794952 -37.013336 -14.926466
v 137.766205 -41.470852 -35.212036
v 140.805344 -37.387482 -35.211994
v 138.236771 -42.491226 -55.497566
v 141.276047 -38.408112 -55.497604
v 139.399948 -40.928516 -75.783134
v 142.439056 -36.845314 -75.783134
v 138.912186 -39.885746 -96.068710
v 141.951324 -35.802586 -96.068710
v 138.233658 -41.797852 -116.354195
v 141.272934 -37.714695 -116.354233
v 138.430267 -43.034626 -136.639755
v 141.469498 -38.951385 -136.639755
v 136.831635 -41.544750 -159.138443
v 139.870773 -37.461468 -159.138412
v 142.838715 -44.135639 6.759808
v 142.838837 -44.135815 -14.926466
v 141.849396 -44.509998 -35.211994
v 142.319931 -45.530457 -55.497566
v 143.483063 -43.967709 -75.783089
v 142.995392 -42.925018 -96.068710
v 142.316818 -44.837124 -116.354195
v 142.513428 -46.073818 -136.639755
v 140.914825 -44.584072 -159.138443
v 145.877945 -40.052486 6.759808
v 145.878082 -40.052654 -14.926466
v 144.888641 -40.426884 -35.211994
v 145.359161 -41.447258 -55.497566
v 146.522247 -39.884506 -75.783134
v 146.034576 -38.841816 -96.068665
v 145.356140 -40.753967 -116.354195
v 145.552658 -41.990662 -136.639755
v 143.953934 -40.500740 -159.138412
v 103.462799 -81.926491 -40.307720
v 103.295761 -82.150581 5.720191
v 107.329208 -84.833244 -40.307720
v 107.162163 -85.057373 5.720191
v 107.367058 -86.420532 -76.528603
v 103.500511 -83.513695 -76.528648
v 101.965622 -79.336929 -115.890274
v 105.832031 -82.243767 -115.890236
v 103.710007 -82.991287 -155.257187
v 107.576462 -85.898125 -155.257156
v 104.920464 -82.750687 -194.625122
v 108.787041 -85.657524 -194.625046
v 101.933746 -82.446304 -229.438629
v 105.800163 -85.353096 -229.438629
v 104.422455 -88.699745 -40.324570
v 104.255417 -88.923828 5.703338
v 104.460258 -90.287025 -76.545464
v 102.925194 -86.110222 -115.907089
v 104.669540 -89.764618 -155.274002
v 105.880119 -89.523933 -194.641953
v 102.893364 -89.219635 -229.455475
v 100.555962 -85.792908 -40.324570
v 100.388786 -86.017036 5.703338
v 100.593719 -87.380188 -76.545502
v 99.058701 -83.203468 -115.907127
v 100.803123 -86.857819 -155.274048
v 102.013664 -86.617096 -194.642029
v 99.026917 -86.312843 -229.455521
v 69.460022 -134.195221 -136.841354
v 72.499207 -130.112015 -158.527542
v 69.460022 -134.195251 -158.527603
v 72.499207 -130.112015 -136.841354
v 68.470451 -134.569397 -116.555794
v 71.509644 -130.486160 -116.555794
v 68.940979 -135.589859 -96.270226
v 71.980255 -131.506653 -96.270226
v 70.104111 -134.027100 -75.984650
v 73.143349 -129.944000 -75.984650
v 69.616394 -132.984375 -55.699081
v 72.655579 -128.901184 -55.699127
v 68.937988 -134.896606 -35.413555
v 71.977097 -130.813370 -35.413555
v 69.134430 -136.133301 -15.127981
v 72.173615 -132.050110 -15.127981
v 68.559372 -135.405289 5.157588
v 71.598511 -131.321960 5.157588
v 73.543221 -137.234451 -136.841309
v 73.543137 -137.234360 -158.527542
v 72.553650 -137.608643 -116.555794
v 73.024178 -138.629059 -96.270226
v 74.187317 -137.066422 -75.984688
v 73.699593 -136.023560 -55.699081
v 73.021149 -137.935806 -35.413509
v 73.217499 -139.172409 -15.127981
v 72.642525 -138.444519 5.157588
v 76.582451 -133.151215 -136.841309
v 76.582367 -133.151215 -158.527603
v 75.592842 -133.525482 -116.555794
v 76.063545 -134.545898 -96.270226
v 77.226547 -132.983139 -75.984688
v 76.738823 -131.940369 -55.699127
v 76.060295 -133.852554 -35.413555
v 76.256905 -135.089249 -15.127981
v 75.681633 -134.361237 5.157588
v 43.288151 -178.608078 -158.122818
v 35.636017 -189.356949 -190.723434
v 40.629421 -182.218887 -156.308411
v 32.977242 -192.967758 -188.909088
v 46.752178 -172.775070 -125.944717
v 49.410950 -169.164261 -127.759125
v 57.624325 -156.541504 -95.905594
v 54.965553 -160.152344 -94.091232
v 66.393776 -148.749588 -62.613174
v 63.735050 -152.360428 -60.798729
v 73.078278 -138.235153 -29.699760
v 70.419548 -141.846039 -27.885361
v 79.341110 -127.415398 5.114581
v 76.682381 -131.026184 6.928981
v 44.526043 -185.085403 -156.303116
v 36.873817 -195.834167 -188.903748
v 50.648708 -175.641617 -125.939468
v 58.862175 -163.018814 -94.085991
v 67.631454 -155.226852 -60.793518
v 74.316170 -144.712418 -27.880154
v 80.578911 -133.892838 6.934272
v 47.184727 -181.474594 -158.117569
v 39.532635 -192.223434 -190.718185
v 53.307442 -172.030746 -127.753876
v 61.520863 -159.408066 -95.900345
v 70.290352 -151.616013 -62.607925
v 76.974899 -141.101593 -29.694511
v 83.237640 -130.281921 5.119914
v 50.796677 -167.165161 -158.635880
v 20.567041 -207.310410 -158.635666
v 50.778118 -167.151337 -163.473007
v 20.548483 -207.296570 -163.472839
v 78.970634 -130.493118 -164.451096
v 78.989189 -130.506897 -159.613892
v 110.948151 -91.654236 -157.629761
v 110.929550 -91.640411 -162.466873
v 137.848801 -49.027931 -159.469894
v 137.830109 -49.014153 -164.307083
v 168.591125 -9.259606 -160.297241
v 168.572433 -9.245783 -165.134445
v 197.577026 31.806723 -158.958145
v 197.558411 31.820547 -163.795349
v 46.910553 -164.245819 -163.449875
v 16.681004 -204.391052 -163.449707
v 75.103073 -127.587601 -164.427963
v 107.062073 -88.734810 -162.443665
v 133.962555 -46.108677 -164.283829
v 164.704910 -6.340353 -165.111221
v 193.690857 34.726063 -163.772217
v 46.929199 -164.259644 -158.612671
v 16.699608 -204.404938 -158.612457
v 75.121635 -127.601387 -159.590714
v 107.080589 -88.748680 -157.606552
v 133.981247 -46.122417 -159.446671
v 164.723602 -6.354135 -160.274033
v 193.709686 34.712280 -158.935059
v 7.631148 -161.960800 -165.326950
v 51.742767 -194.794220 -165.047440
v 4.742955 -165.841171 -165.303833
v 48.854622 -198.674500 -165.024231
v -36.429527 -136.414474 -166.031006
v -33.541336 -132.534149 -166.054123
v -76.464394 -98.111839 -167.002335
v -79.352631 -101.992157 -166.979187
v -121.677116 -66.752731 -164.620407
v -124.565262 -70.633057 -164.597183
v -166.286057 -34.580399 -165.536194
v -169.174210 -38.460762 -165.512985
v -209.594727 -0.675243 -164.267929
v -212.482941 -4.555563 -164.244751
v 4.737835 -165.808487 -160.466583
v 48.849457 -198.641846 -160.187027
v -36.434608 -136.381882 -161.193741
v -79.357620 -101.959473 -162.141891
v -124.570213 -70.600372 -159.759888
v -169.179199 -38.428082 -160.675781
v -212.487961 -4.522838 -159.407471
v 7.626155 -161.928131 -160.489700
v 51.737694 -194.761505 -160.210159
v -33.546329 -132.501526 -161.216965
v -76.469513 -98.079117 -162.165100
v -121.682106 -66.720047 -159.783096
v -166.291092 -34.547760 -160.698929
v -209.599945 -0.642517 -159.430634
v -192.870041 -8.418646 -156.308548
v -198.274765 -15.250520 -190.723618
v -190.174133 -4.835499 -158.122986
v -200.970734 -18.833624 -188.909164
v -185.580612 0.156715 -125.944855
v -182.884705 3.739862 -127.759293
v -175.846024 11.647148 -94.091362
v -173.150070 15.230338 -95.905724
v -170.898422 22.283693 -60.798859
v -168.202438 25.866840 -62.613297
v -162.744598 31.704538 -27.885487
v -160.048615 35.287682 -29.699886
v -155.144806 44.038746 4.210304
v -152.448959 47.621979 2.395903
v -196.734283 -5.508608 -156.303253
v -204.834885 -15.923671 -188.903839
v -189.444763 3.066710 -125.939606
v -179.710068 14.557228 -94.086075
v -174.762466 25.193775 -60.793648
v -166.608658 34.614574 -27.880283
v -159.009003 46.948780 4.215594
v -194.038254 -1.925504 -158.117737
v -202.138947 -12.340525 -190.718369
v -186.748825 6.649899 -127.754044
v -177.014206 18.140333 -95.900475
v -172.066635 28.776920 -62.608009
v -163.912720 38.197681 -29.694637
v -156.313065 50.531887 2.401237
v -159.090958 35.921497 -136.841400
v -156.051727 40.004658 -158.527634
v -159.090927 35.921497 -158.527679
v -156.051727 40.004696 -136.841400
v -160.080536 35.547356 -116.555832
v -157.041336 39.630554 -116.555832
v -159.609970 34.526852 -96.270264
v -156.570724 38.610054 -96.270264
v -158.446823 36.089561 -75.984688
v -155.407593 40.172718 -75.984734
v -158.934586 37.132336 -55.699165
v -155.895447 41.215534 -55.699165
v -159.613083 35.220142 -35.413593
v -156.573837 39.303345 -35.413593
v -159.416550 33.983448 -15.128025
v -156.377274 38.066608 -15.128067
v -159.991653 34.711514 5.157504
v -156.952515 38.794674 5.157504
v -155.007797 32.882263 -136.841354
v -155.007858 32.882309 -158.527634
v -155.997375 32.508080 -116.555832
v -155.526840 31.487619 -96.270264
v -154.363632 33.050285 -75.984688
v -154.851425 34.093102 -55.699165
v -155.529877 32.180908 -35.413593
v -155.333389 30.944302 -15.128025
v -155.908493 31.672237 5.157504
v -151.968613 36.965508 -136.841354
v -151.968613 36.965466 -158.527634
v -152.958099 36.591236 -116.555832
v -152.487534 35.570732 -96.270264
v -151.324432 37.133572 -75.984688
v -151.812149 38.176262 -55.699165
v -152.490646 36.264153 -35.413593
v -152.294113 35.027416 -15.128067
v -152.869217 35.755440 5.157504
v -119.287399 75.695503 -40.307762
v -119.120399 75.919579 5.720405
v -123.153854 78.602333 -40.307762
v -122.986771 78.826424 5.720405
v -123.191612 80.189659 -76.528648
v -119.325111 77.282784 -76.528740
v -117.790054 73.105972 -115.890312
v -121.656509 76.012764 -115.890274
v -119.534401 76.760330 -155.257278
v -123.400894 79.667122 -155.257233
v -120.744888 76.519646 -194.625229
v -124.611343 79.426445 -194.625122
v -119.413651 77.109856 -228.413986
v -123.280190 80.016693 -228.413986
v -120.246971 82.468834 -40.324657
v -120.080063 82.692879 5.703509
v -120.284813 84.056114 -76.545540
v -118.749672 79.879311 -115.907127
v -120.494057 83.533577 -155.274048
v -121.704506 83.292938 -194.641998
v -120.373306 83.883186 -228.430832
v -116.380516 79.561951 -40.324615
v -116.213516 79.786079 5.703551
v -116.418320 81.149323 -76.545540
v -114.883209 76.972466 -115.907173
v -116.627594 80.626785 -155.274124
v -117.838051 80.386185 -194.642075
v -116.506981 80.976433 -228.430878
v -89.795128 129.020142 6.759765
v -86.755928 133.103287 6.759722
v -89.795128 129.020081 -14.926510
v -86.755928 133.103378 -14.926552
v -90.784645 128.645813 -35.212082
v -87.745461 132.729019 -35.212082
v -90.314034 127.625404 -55.497604
v -87.274849 131.708603 -55.497604
v -89.150993 129.188156 -75.783180
v -86.111717 133.271301 -75.783180
v -89.638618 130.230835 -96.068710
v -86.599434 134.314041 -96.068748
v -90.317146 128.318726 -116.354271
v -87.277832 132.401932 -116.354271
v -90.120583 127.081993 -136.639847
v -87.081398 131.165192 -136.639847
v -91.719215 128.571793 -159.138443
v -88.680077 132.655121 -159.138443
v -85.712059 125.980942 6.759722
v -85.712006 125.980858 -14.926510
v -86.701500 125.606583 -35.212082
v -86.230797 124.586128 -55.497604
v -85.067703 126.148880 -75.783180
v -85.555511 127.191612 -96.068748
v -86.233910 125.279503 -116.354271
v -86.037422 124.042809 -136.639847
v -87.636017 125.532600 -159.138504
v -82.672821 130.064056 6.759765
v -82.672783 130.064148 -14.926510
v -83.662216 129.689789 -35.212036
v -83.191605 128.669403 -55.497604
v -82.028557 130.232117 -75.783180
v -82.516273 131.274857 -96.068710
v -83.194679 129.362701 -116.354271
v -82.998154 128.126007 -136.639847
v -84.596870 129.615891 -159.138443
v -183.424271 130.019852 -228.469330
v -175.476974 124.617058 -235.861008
v -183.178726 130.349762 -235.861069
v -175.722595 124.287163 -228.469269
v -186.611008 125.738335 -228.469330
v -186.856644 125.408440 -235.861008
v -178.909378 120.005692 -228.469330
v -179.154968 119.675789 -235.860977
v -155.297592 109.084305 -228.469269
v -147.701004 103.942711 -235.861069
v -155.052048 109.414200 -235.861008
v -147.946564 103.612724 -228.469269
v -158.484375 104.802788 -228.469330
v -158.729965 104.472885 -235.860977
v -151.133331 99.331253 -228.469269
v -151.378967 99.001358 -235.860977
v -184.291687 128.854492 -225.140854
v -176.589966 123.121849 -225.140823
v -185.743668 126.903740 -225.140854
v -178.042007 121.171089 -225.140762
v -156.165009 107.918945 -225.140762
v -148.813934 102.447327 -225.140823
v -157.617050 105.968140 -225.140762
v -150.265961 100.496613 -225.140823
v -166.377533 115.520401 -167.120712
v -148.813934 102.447411 -179.332031
v -184.291687 128.854553 -179.332031
v -185.743668 126.903740 -179.332031
v -167.829529 113.569595 -167.120712
v -150.265961 100.496658 -179.332031
v -124.275856 79.408562 -229.796677
v -191.389465 129.711639 -230.722076
v -123.879616 79.142540 -234.615875
v -190.799133 129.301056 -235.518234
v -55.734108 29.979139 -228.298355
v -55.950939 30.111706 -223.466232
v -11.254273 -6.191617 -220.328781
v -11.232598 -6.178817 -225.165985
v 36.045914 -39.042480 -223.144394
v 35.872345 -38.884357 -227.977325
v 81.517921 -74.030174 -227.202896
v 81.149323 -73.726898 -232.022125
v 120.328331 -101.336716 -230.835709
v 119.799179 -100.913971 -235.636459
v -120.973534 83.009674 -234.590912
v -187.894043 133.168869 -235.492462
v -52.827225 33.845592 -228.274246
v -8.324694 -2.313131 -225.142731
v 38.781101 -35.019310 -227.954926
v 84.059013 -69.862534 -232.000885
v 122.709557 -97.050125 -235.616165
v -121.369705 83.275574 -229.771683
v -188.484329 133.579361 -230.696259
v -53.044018 33.978031 -223.442017
v -8.346241 -2.326016 -220.305573
v 38.954842 -35.177521 -223.122116
v 84.427658 -70.165855 -227.181686
v 123.238930 -97.472992 -230.815445
v -64.415115 164.195602 -157.397354
v -34.185516 204.340851 -157.397186
v -64.396507 164.181778 -162.234558
v -34.166958 204.326935 -162.234360
v -92.588860 127.523476 -163.212601
v -92.607506 127.537254 -158.375397
v -123.370934 87.794868 -156.391235
v -123.352333 87.781090 -161.228394
v -151.467209 46.058414 -158.231369
v -151.448502 46.044632 -163.068558
v -182.209518 6.290049 -159.058701
v -182.190918 6.276310 -163.895950
v -211.195374 -34.776196 -157.719620
v -211.176727 -34.790020 -162.556870
v -60.529118 161.276230 -162.211380
v -30.299480 201.421509 -162.211227
v -88.721413 124.617996 -163.189468
v -119.484940 84.875572 -161.205185
v -147.581070 43.139118 -163.045303
v -178.323425 3.370838 -163.872696
v -207.309250 -37.695580 -162.533646
v -60.547676 161.290085 -157.374191
v -30.317999 201.435333 -157.373978
v -88.740059 124.631783 -158.352234
v -119.503548 84.889351 -156.368057
v -147.599716 43.152905 -158.208191
v -178.342117 3.384576 -159.035538
v -207.327850 -37.681797 -157.696533
v 152.081345 32.106758 -162.700867
v 196.192627 -0.726912 -162.980362
v 154.969528 35.987034 -162.724075
v 199.080780 3.153366 -163.003540
v 114.965012 66.982788 -161.996872
v 112.076721 63.102516 -161.973694
v 66.784088 94.341728 -161.025513
v 69.672325 98.221924 -161.048691
v 23.768961 128.652863 -163.407547
v 26.657112 132.533173 -163.430771
v -19.852034 162.152634 -162.491806
v -16.963715 166.032959 -162.514969
v -64.759857 193.909485 -163.760117
v -61.871666 197.789764 -163.783218
v 154.936813 35.982552 -167.561325
v 199.048080 3.148928 -167.840775
v 114.932327 66.978271 -166.834106
v 69.639557 98.217400 -165.885925
v 26.624432 132.528564 -168.268005
v -16.996525 166.028351 -167.352219
v -61.904392 197.785202 -168.620529
v 152.048569 32.102234 -167.538101
v 196.159851 -0.731435 -167.817673
v 112.043999 63.097950 -166.810928
v 66.751366 94.337120 -165.862747
v 23.736109 128.648376 -168.244827
v -19.884760 162.148117 -167.328995
v -64.792587 193.905014 -168.597305
v -88.613129 140.236511 -31.631451
v -96.286392 131.377289 6.066090
v -86.027779 143.748795 -29.538776
v -98.871735 127.865059 3.973418
v -81.364235 151.193451 -61.229149
v -78.778717 154.705734 -59.136520
v -71.973000 165.398422 -92.075027
v -69.387573 168.910614 -89.982391
v -61.967876 174.850754 -124.579681
v -59.382534 178.363083 -122.487061
v -54.062813 187.005020 -156.647018
v -51.477425 190.517319 -154.554337
v -43.240921 199.420227 -187.772308
v -40.655491 202.932373 -185.679596
v -84.716423 137.370331 -31.635036
v -94.975067 124.998886 3.969834
v -77.467491 148.327179 -61.232735
v -68.076210 162.532211 -92.078606
v -58.071175 171.984619 -124.583221
v -50.166107 184.138809 -156.650513
v -39.344135 196.553925 -187.775864
v -82.131126 140.882614 -29.542320
v -92.389595 128.510910 6.062549
v -74.882103 151.839462 -59.140060
v -65.490868 166.044388 -89.985931
v -55.485786 175.496811 -122.490601
v -47.580765 187.651077 -154.557892
v -36.758831 200.066162 -185.683273

vt 0.800225 0.695163
vt 0.815610 0.768468
vt 0.800450 0.768514
vt 0.815385 0.695117
vt 0.786572 0.794018
vt 0.800787 0.796807
vt 0.786732 0.868774
vt 0.786411 0.794245
vt 0.786572 0.869001
vt 0.772357 0.866212
vt 0.805566 0.097861
vt 0.820951 0.171164
vt 0.805790 0.171211
vt 0.820726 0.097815
vt 0.353858 0.851823
vt 0.339598 0.778428
vt 0.354083 0.778473
vt 0.339374 0.851779
vt 0.075214 0.725309
vt 0.091825 0.798610
vt 0.075438 0.798660
vt 0.091600 0.725259
vt 0.544612 0.868361
vt 0.544455 0.793587
vt 0.558670 0.796375
vt 0.368141 0.793437
vt 0.368298 0.868211
vt 0.354083 0.865423
vt 0.016613 0.725310
vt 0.033223 0.798592
vt 0.016837 0.798642
vt 0.032999 0.725259
vt 0.830993 0.694414
vt 0.845702 0.767719
vt 0.831217 0.767763
vt 0.845477 0.694370
vt 0.642068 0.736609
vt 0.657455 0.810582
vt 0.642294 0.810628
vt 0.657228 0.736563
vt 0.835936 0.171997
vt 0.835908 0.096566
vt 0.850123 0.099355
vt 0.324989 0.778446
vt 0.325018 0.853878
vt 0.310803 0.851089
vt 0.607693 0.814447
vt 0.592759 0.740399
vt 0.607920 0.740446
vt 0.592533 0.814401
vt 0.800898 0.768559
vt 0.815610 0.842533
vt 0.801125 0.842577
vt 0.815383 0.768515
vt 0.781936 0.910300
vt 0.781848 0.869001
vt 0.786572 0.869541
vt 0.063242 0.871950
vt 0.063330 0.913249
vt 0.058605 0.912709
vt 0.462942 0.837970
vt 0.462964 0.883532
vt 0.458234 0.883035
vt 0.471401 0.887042
vt 0.471379 0.841481
vt 0.476109 0.841977
vt 0.620775 0.860958
vt 0.620756 0.810147
vt 0.639283 0.824368
vt 0.614401 0.095558
vt 0.614420 0.146368
vt 0.593958 0.135973
vt 0.008545 0.799328
vt 0.022649 0.843824
vt 0.000000 0.843823
vt 0.660337 0.597113
vt 0.637967 0.556160
vt 0.660208 0.556090
vt 0.434184 0.939217
vt 0.434209 0.955073
vt 0.429670 0.953647
vt 0.577997 0.955133
vt 0.577972 0.939277
vt 0.582510 0.940702
vt 0.374197 0.960830
vt 0.374245 0.933311
vt 0.387300 0.952225
vt 0.542273 0.935992
vt 0.542225 0.963511
vt 0.529652 0.944281
vt 0.920287 0.216640
vt 0.920285 0.200232
vt 0.924834 0.201616
vt 0.291472 0.936505
vt 0.291475 0.952912
vt 0.286925 0.951529
vt 0.885407 0.936062
vt 0.885408 0.963326
vt 0.873070 0.944771
vt 0.682499 0.571720
vt 0.682449 0.556020
vt 0.859125 0.075788
vt 0.859178 0.096195
vt 0.854551 0.095094
vt 0.859230 0.096195
vt 0.859178 0.075788
vt 0.863805 0.076890
vt 0.767659 0.920834
vt 0.767645 0.895704
vt 0.772314 0.896605
vt 0.448851 0.893265
vt 0.448865 0.918395
vt 0.444196 0.917494
vt 0.650088 0.096169
vt 0.650089 0.065800
vt 0.668727 0.080049
vt 0.211363 0.918936
vt 0.211363 0.949306
vt 0.196375 0.931900
vt 0.022649 0.924565
vt 0.022597 0.957816
vt 0.009354 0.939268
vt 0.638045 0.580834
vt 0.615727 0.556230
vt 0.193964 0.907617
vt 0.193966 0.872976
vt 0.198676 0.873632
vt 0.723425 0.875100
vt 0.723423 0.909740
vt 0.718713 0.909084
vt 0.134345 0.874624
vt 0.134408 0.906679
vt 0.129704 0.905980
vt 0.458296 0.915586
vt 0.458234 0.883532
vt 0.462937 0.884231
vt 0.627730 0.099129
vt 0.646948 0.133223
vt 0.623860 0.133220
vt 0.642141 0.849787
vt 0.642068 0.810628
vt 0.660663 0.824093
vt 0.592533 0.855363
vt 0.592556 0.814447
vt 0.609779 0.828791
vt 0.614738 0.241101
vt 0.637087 0.275342
vt 0.614846 0.275412
vt 0.476084 0.935690
vt 0.476084 0.956861
vt 0.471452 0.955789
vt 0.525019 0.957164
vt 0.525019 0.935992
vt 0.529652 0.937065
vt 0.760464 0.066176
vt 0.760437 0.097065
vt 0.743346 0.081541
vt 0.417595 0.939217
vt 0.417622 0.908328
vt 0.432927 0.925454
vt 0.920322 0.200232
vt 0.920285 0.176714
vt 0.924943 0.177673
vt 0.924906 0.216657
vt 0.924943 0.240175
vt 0.920285 0.239217
vt 0.091825 0.938403
vt 0.091854 0.906352
vt 0.106153 0.923593
vt 0.592533 0.252452
vt 0.592605 0.275482
vt 0.326934 0.944601
vt 0.326889 0.922444
vt 0.331535 0.923459
vt 0.835927 0.921524
vt 0.835972 0.943681
vt 0.831325 0.942665
vt 0.897243 0.176841
vt 0.897238 0.208414
vt 0.881518 0.191669
vt 0.865794 0.208414
vt 0.865799 0.176841
vt 0.881518 0.193586
vt 0.738849 0.932156
vt 0.738893 0.954313
vt 0.734248 0.953298
vt 0.845077 0.953361
vt 0.845033 0.931204
vt 0.849678 0.932220
vt 0.139395 0.939042
vt 0.139409 0.907976
vt 0.154894 0.923976
vt 0.659260 0.253633
vt 0.681568 0.275201
vt 0.659328 0.275271
vt 0.802334 0.920286
vt 0.807019 0.897280
vt 0.807090 0.920271
vt 0.802264 0.897295
vt 0.458278 0.939066
vt 0.458324 0.915586
vt 0.462937 0.938108
vt 0.639256 0.934791
vt 0.639283 0.958271
vt 0.634601 0.935764
vt 0.155724 0.932611
vt 0.160526 0.909632
vt 0.160480 0.932625
vt 0.155770 0.909618
vt 0.561093 0.931381
vt 0.565897 0.908402
vt 0.565848 0.931395
vt 0.561141 0.908388
vt 0.010574 0.984847
vt 0.010615 0.957816
vt 0.022649 0.977390
vt 0.034724 0.957816
vt 0.034683 0.984847
vt 0.022649 0.965273
vt 0.625398 0.961173
vt 0.958067 0.957710
vt 0.958026 0.984740
vt 0.945992 0.965167
vt 0.116410 0.979223
vt 0.116451 0.952192
vt 0.128485 0.971766
vt 0.973336 0.949654
vt 0.973295 0.976685
vt 0.961261 0.957111
vt 0.252763 0.984797
vt 0.252805 0.957767
vt 0.264839 0.977340
vt 0.978638 0.213716
vt 0.978597 0.240747
vt 0.966563 0.221173
vt 0.169963 0.855726
vt 0.170355 0.713067
vt 0.174716 0.855580
vt 0.669356 0.097347
vt 0.678565 0.239708
vt 0.664623 0.097814
vt 0.368298 0.931759
vt 0.368399 0.793437
vt 0.373051 0.931598
vt 0.929702 0.083036
vt 0.929601 0.221357
vt 0.924949 0.083196
vt 0.664450 0.241101
vt 0.720905 0.097814
vt 0.720731 0.241101
vt 0.706789 0.099208
vt 0.735020 0.236783
vt 0.735193 0.097814
vt 0.749132 0.235346
vt 0.763243 0.097814
vt 0.763070 0.236783
vt 0.749132 0.099251
vt 0.905250 0.937027
vt 0.905296 0.913547
vt 0.909909 0.936069
vt 0.345395 0.934013
vt 0.345421 0.957494
vt 0.340739 0.934986
vt 0.734248 0.932142
vt 0.739049 0.909153
vt 0.739004 0.932156
vt 0.734293 0.909138
vt 0.718760 0.932735
vt 0.723468 0.909740
vt 0.723516 0.932720
vt 0.718713 0.909754
vt 0.010183 0.922044
vt 0.015006 0.899066
vt 0.014939 0.922059
vt 0.010250 0.899052
vt 0.331535 0.960395
vt 0.224209 0.939671
vt 0.224167 0.966702
vt 0.212133 0.947128
vt 0.240688 0.970422
vt 0.240730 0.943391
vt 0.252763 0.962965
vt 0.794228 0.942578
vt 0.794186 0.969609
vt 0.782152 0.950036
vt 0.954487 0.240747
vt 0.954528 0.213716
vt 0.966563 0.233290
vt 0.577931 0.966308
vt 0.565896 0.946734
vt 0.904288 0.964135
vt 0.904330 0.937104
vt 0.916364 0.956678
vt 0.964500 0.420605
vt 0.964459 0.447636
vt 0.952425 0.428062
vt 0.929702 0.221357
vt 0.929800 0.083035
vt 0.934454 0.221197
vt 0.648244 0.597113
vt 0.657455 0.735126
vt 0.643513 0.597594
vt 0.867868 0.837794
vt 0.868257 0.695135
vt 0.872621 0.837648
vt 0.697576 0.097348
vt 0.706789 0.239708
vt 0.692844 0.097815
vt 0.643347 0.736563
vt 0.777350 0.097814
vt 0.777184 0.236783
vt 0.763243 0.099251
vt 0.692677 0.241101
vt 0.606645 0.597113
vt 0.606477 0.740399
vt 0.592533 0.598506
vt 0.615293 0.417991
vt 0.593486 0.556301
vt 0.593052 0.418061
vt 0.637534 0.417921
vt 0.659775 0.417851
vt 0.682015 0.417781
vt 0.022971 0.582674
vt 0.000000 0.444439
vt 0.022940 0.444434
vt 0.000031 0.582679
vt 0.023003 0.725254
vt 0.000063 0.725259
vt 0.045912 0.582669
vt 0.045881 0.444429
vt 0.045944 0.725249
vt 0.068852 0.582664
vt 0.068821 0.444424
vt 0.068884 0.725244
vt 0.091793 0.582659
vt 0.091762 0.444419
vt 0.091825 0.725239
vt 0.778241 0.001730
vt 0.794854 0.075698
vt 0.778468 0.075748
vt 0.794627 0.001680
vt 0.388441 0.854020
vt 0.388412 0.778590
vt 0.402627 0.781379
vt 0.339204 0.778446
vt 0.339233 0.853877
vt 0.325018 0.851088
vt 0.778015 0.075748
vt 0.761855 0.001677
vt 0.761628 0.075698
vt 0.844806 0.841809
vt 0.830548 0.767763
vt 0.845033 0.767808
vt 0.830321 0.841765
vt 0.815610 0.695163
vt 0.830993 0.767717
vt 0.815832 0.767763
vt 0.830770 0.695117
vt 0.058679 0.871950
vt 0.058605 0.797911
vt 0.072812 0.800743
vt 0.825402 0.075748
vt 0.810463 0.003099
vt 0.825624 0.003146
vt 0.810241 0.075702
vt 0.845702 0.695180
vt 0.860409 0.767719
vt 0.845924 0.767763
vt 0.860187 0.695135
vt 0.033223 0.725310
vt 0.049832 0.797843
vt 0.033445 0.797894
vt 0.049609 0.725259
vt 0.854625 0.075788
vt 0.854551 0.001750
vt 0.868757 0.004583
vt 0.049758 0.797894
vt 0.049832 0.871931
vt 0.035625 0.869099
vt 0.058605 0.725309
vt 0.075214 0.797861
vt 0.058828 0.797911
vt 0.074992 0.725259
vt 0.541443 0.862178
vt 0.527181 0.789531
vt 0.541666 0.789576
vt 0.526959 0.862133
vt 0.794854 0.001747
vt 0.795080 0.075748
vt 0.810014 0.001700
vt 0.374226 0.854019
vt 0.374197 0.778590
vt 0.388412 0.781379
vt 0.169080 0.779428
vt 0.169109 0.854857
vt 0.154894 0.852069
vt 0.620756 0.736128
vt 0.636143 0.810101
vt 0.620983 0.810147
vt 0.635917 0.736081
vt 0.830095 0.841829
vt 0.830321 0.767808
vt 0.815610 0.841784
vt 0.767677 0.895704
vt 0.767589 0.854405
vt 0.772314 0.854945
vt 0.174600 0.855726
vt 0.174688 0.897024
vt 0.169963 0.896485
vt 0.386519 0.854019
vt 0.386540 0.899580
vt 0.381811 0.899084
vt 0.326828 0.899438
vt 0.326807 0.853877
vt 0.331535 0.854373
vt 0.091805 0.798660
vt 0.091825 0.849470
vt 0.073298 0.835250
vt 0.805586 0.222021
vt 0.805566 0.171211
vt 0.826027 0.181606
vt 0.840131 0.222021
vt 0.826027 0.177525
vt 0.848676 0.177527
vt 0.705700 0.241101
vt 0.727818 0.282190
vt 0.705577 0.282123
vt 0.772249 0.920834
vt 0.772293 0.943307
vt 0.767645 0.942306
vt 0.818071 0.943508
vt 0.818026 0.921035
vt 0.822675 0.922036
vt 0.864961 0.208414
vt 0.864915 0.240209
vt 0.848676 0.223960
vt 0.864961 0.240209
vt 0.865006 0.208414
vt 0.880828 0.225062
vt 0.444261 0.941433
vt 0.444196 0.918395
vt 0.448852 0.919368
vt 0.938167 0.898605
vt 0.938232 0.921643
vt 0.933576 0.920670
vt 0.897264 0.208414
vt 0.897243 0.176714
vt 0.912663 0.192788
vt 0.683404 0.259517
vt 0.683336 0.282057
vt 0.889982 0.936062
vt 0.890034 0.956468
vt 0.885408 0.955367
vt 0.946842 0.240822
vt 0.946790 0.220415
vt 0.951416 0.221516
vt 0.471454 0.912172
vt 0.471439 0.887042
vt 0.476109 0.887943
vt 0.759871 0.891485
vt 0.759886 0.916615
vt 0.755216 0.915714
vt 0.711308 0.063762
vt 0.711308 0.094132
vt 0.692670 0.079883
vt 0.237775 0.943391
vt 0.237775 0.913021
vt 0.252763 0.930427
vt 0.116410 0.952192
vt 0.116461 0.918940
vt 0.129704 0.937489
vt 0.727892 0.257516
vt 0.750059 0.282257
vt 0.668773 0.096169
vt 0.668727 0.069042
vt 0.673409 0.069871
vt 0.488329 0.883820
vt 0.488375 0.910948
vt 0.483693 0.910119
vt 0.822626 0.896475
vt 0.822675 0.921035
vt 0.818008 0.920120
vt 0.831375 0.921524
vt 0.831325 0.896964
vt 0.835993 0.897879
vt 0.674300 0.094132
vt 0.674255 0.060829
vt 0.692670 0.074786
vt 0.727881 0.063762
vt 0.727926 0.097065
vt 0.711308 0.081216
vt 0.743346 0.062280
vt 0.743317 0.097065
vt 0.727926 0.080764
vt 0.749141 0.589781
vt 0.726980 0.563009
vt 0.749221 0.563076
vt 0.063239 0.913249
vt 0.063239 0.934420
vt 0.058605 0.933347
vt 0.620757 0.955923
vt 0.620756 0.934752
vt 0.625390 0.935825
vt 0.848676 0.208414
vt 0.848703 0.177525
vt 0.865794 0.193049
vt 0.581229 0.908388
vt 0.581201 0.939277
vt 0.565896 0.922150
vt 0.868000 0.934382
vt 0.867963 0.910864
vt 0.872621 0.911822
vt 0.476073 0.912172
vt 0.476109 0.935690
vt 0.471452 0.934731
vt 0.226461 0.907620
vt 0.226432 0.939671
vt 0.212133 0.922430
vt 0.771393 0.586172
vt 0.771462 0.563142
vt 0.718915 0.954892
vt 0.718871 0.932735
vt 0.723516 0.933750
vt 0.872577 0.934382
vt 0.872621 0.956539
vt 0.867975 0.955523
vt 0.880828 0.239987
vt 0.880833 0.208414
vt 0.896553 0.225159
vt 0.912278 0.208414
vt 0.912273 0.239987
vt 0.896553 0.223242
vt 0.807045 0.920286
vt 0.807090 0.942443
vt 0.802443 0.941427
vt 0.933621 0.943800
vt 0.933576 0.921643
vt 0.938223 0.922659
vt 0.193691 0.905782
vt 0.193677 0.936848
vt 0.178192 0.920847
vt 0.704675 0.584581
vt 0.682499 0.562876
vt 0.704739 0.562943
vt 0.887306 0.079227
vt 0.891992 0.056221
vt 0.892062 0.079212
vt 0.887236 0.056235
vt 0.286925 0.936505
vt 0.286971 0.913025
vt 0.291584 0.935546
vt 0.324662 0.934012
vt 0.324688 0.957492
vt 0.320006 0.934985
vt 0.340207 0.929500
vt 0.345020 0.906517
vt 0.344963 0.929515
vt 0.340264 0.906502
vt 0.381811 0.922577
vt 0.386625 0.899595
vt 0.386567 0.922592
vt 0.381869 0.899580
vt 0.094077 0.965434
vt 0.094119 0.938403
vt 0.106153 0.957977
vt 0.806304 0.942558
vt 0.806262 0.969589
vt 0.794228 0.950015
vt 0.310803 0.960394
vt 0.564188 0.942152
vt 0.564147 0.969183
vt 0.552113 0.949609
vt 0.139395 0.966073
vt 0.139437 0.939042
vt 0.151471 0.958616
vt 0.904288 0.937104
vt 0.904246 0.964135
vt 0.892212 0.944561
vt 0.417595 0.966248
vt 0.417637 0.939217
vt 0.429670 0.958791
vt 0.193691 0.936848
vt 0.193649 0.963879
vt 0.181615 0.944305
vt 0.718672 0.875100
vt 0.719060 0.732440
vt 0.723425 0.874953
vt 0.683464 0.097347
vt 0.692677 0.239708
vt 0.678732 0.097814
vt 0.933576 0.898605
vt 0.933674 0.760283
vt 0.938328 0.898444
vt 0.939206 0.083035
vt 0.939109 0.221357
vt 0.934454 0.083196
vt 0.678565 0.241101
vt 0.671567 0.597113
vt 0.671399 0.740399
vt 0.657455 0.598506
vt 0.791458 0.236783
vt 0.791625 0.097815
vt 0.805566 0.235347
vt 0.791458 0.097815
vt 0.791292 0.236783
vt 0.777350 0.099251
vt 0.755216 0.940095
vt 0.755261 0.916615
vt 0.759875 0.939136
vt 0.064821 0.935288
vt 0.064848 0.958768
vt 0.060165 0.936261
vt 0.483693 0.933942
vt 0.488474 0.910962
vt 0.488449 0.933957
vt 0.483718 0.910948
vt 0.781816 0.933302
vt 0.786542 0.910300
vt 0.786572 0.933288
vt 0.781786 0.910314
vt 0.326714 0.922429
vt 0.331535 0.899452
vt 0.331470 0.922444
vt 0.326780 0.899438
vt 0.050963 0.961670
vt 0.287536 0.957701
vt 0.287494 0.984731
vt 0.275460 0.965158
vt 0.767708 0.971840
vt 0.767749 0.944809
vt 0.779783 0.964383
vt 0.211322 0.976337
vt 0.199288 0.956763
vt 0.476109 0.974622
vt 0.476150 0.947591
vt 0.488184 0.967165
vt 0.976576 0.420605
vt 0.976535 0.447636
vt 0.964500 0.428062
vt 0.312613 0.987424
vt 0.312654 0.960394
vt 0.324688 0.979967
vt 0.047701 0.947739
vt 0.047659 0.974770
vt 0.035625 0.955196
vt 0.928823 0.898605
vt 0.928924 0.760283
vt 0.933576 0.898444
vt 0.611549 0.597113
vt 0.620756 0.735126
vt 0.606817 0.597594
vt 0.718672 0.732440
vt 0.719064 0.589781
vt 0.723426 0.732294
vt 0.655240 0.097347
vt 0.664450 0.239708
vt 0.650507 0.097814
vt 0.606645 0.736563
vt 0.634867 0.597113
vt 0.634695 0.736081
vt 0.620756 0.598549
vt 0.650334 0.241101
vt 0.735020 0.097814
vt 0.734847 0.241101
vt 0.720905 0.099208
vt 0.749646 0.420496
vt 0.772300 0.282324
vt 0.771887 0.420562
vt 0.727405 0.420429
vt 0.705165 0.420363
vt 0.682924 0.420296
vt 0.379656 0.581110
vt 0.402627 0.719345
vt 0.379687 0.719350
vt 0.402596 0.581105
vt 0.379624 0.438530
vt 0.402564 0.438525
vt 0.356715 0.581115
vt 0.356746 0.719355
vt 0.356683 0.438535
vt 0.333775 0.581120
vt 0.333806 0.719360
vt 0.333743 0.438540
vt 0.310835 0.581126
vt 0.310865 0.719365
vt 0.310803 0.438545
vt 0.370469 0.793437
vt 0.354309 0.719365
vt 0.370696 0.719416
vt 0.354083 0.793386
vt 0.840367 0.077163
vt 0.840335 0.001750
vt 0.854551 0.004539
vt 0.859216 0.767763
vt 0.859248 0.843176
vt 0.845033 0.840387
vt 0.000000 0.725310
vt 0.016613 0.799278
vt 0.000227 0.799328
vt 0.016386 0.725259
vt 0.840335 0.077118
vt 0.825850 0.077163
vt 0.840109 0.003099
vt 0.593049 0.211064
vt 0.571457 0.238300
vt 0.570797 0.211110
vt 0.593958 0.240770
vt 0.592391 0.182492
vt 0.570261 0.182508
vt 0.548526 0.211140
vt 0.548102 0.182502
vt 0.549001 0.231094
vt 0.526600 0.232375
vt 0.526244 0.211213
vt 0.525917 0.182508
vt 0.504018 0.211108
vt 0.503839 0.182413
vt 0.504217 0.240058
vt 0.481775 0.236434
vt 0.481930 0.211288
vt 0.482008 0.182503
vt 0.459751 0.211340
vt 0.460016 0.182530
vt 0.459349 0.233536
vt 0.432802 0.235423
vt 0.433145 0.211437
vt 0.433350 0.182627
vt 0.405471 0.211556
vt 0.405481 0.182763
vt 0.405330 0.241101
vt 0.591947 0.154086
vt 0.569890 0.154021
vt 0.591717 0.125850
vt 0.569683 0.125648
vt 0.547794 0.153946
vt 0.547605 0.125471
vt 0.525663 0.153888
vt 0.525483 0.125343
vt 0.503665 0.153798
vt 0.503457 0.125243
vt 0.481974 0.153798
vt 0.481668 0.125144
vt 0.460078 0.153791
vt 0.459700 0.125093
vt 0.433365 0.153855
vt 0.433031 0.125105
vt 0.405367 0.153972
vt 0.405128 0.125181
vt 0.591701 0.097787
vt 0.569641 0.097385
vt 0.591901 0.069881
vt 0.569762 0.069652
vt 0.547533 0.097081
vt 0.547576 0.069400
vt 0.525376 0.096861
vt 0.525343 0.068859
vt 0.503174 0.096730
vt 0.502870 0.068443
vt 0.480932 0.096514
vt 0.479974 0.068236
vt 0.458642 0.096407
vt 0.457219 0.068230
vt 0.432185 0.096358
vt 0.431041 0.067950
vt 0.404764 0.096388
vt 0.404274 0.067603
vt 0.592317 0.042118
vt 0.570032 0.042862
vt 0.593236 0.004295
vt 0.570544 0.011504
vt 0.547723 0.043048
vt 0.548021 0.012624
vt 0.525377 0.041749
vt 0.525477 0.015111
vt 0.502594 0.040569
vt 0.502340 0.010065
vt 0.479003 0.040641
vt 0.477975 0.009025
vt 0.455752 0.041059
vt 0.454294 0.018670
vt 0.429815 0.040218
vt 0.427625 0.011952
vt 0.403658 0.038829
vt 0.402627 0.000000
vt 0.591626 0.452143
vt 0.570032 0.479381
vt 0.569375 0.452192
vt 0.592533 0.481850
vt 0.590975 0.423575
vt 0.568843 0.423593
vt 0.547084 0.452218
vt 0.546657 0.423584
vt 0.547573 0.474096
vt 0.525176 0.476906
vt 0.524779 0.452291
vt 0.524434 0.423588
vt 0.502520 0.452184
vt 0.502303 0.423489
vt 0.502785 0.481136
vt 0.480334 0.476727
vt 0.480395 0.452365
vt 0.480416 0.423581
vt 0.458170 0.452418
vt 0.458352 0.423609
vt 0.457875 0.469254
vt 0.431327 0.472157
vt 0.431499 0.452517
vt 0.431588 0.423709
vt 0.403750 0.452639
vt 0.403600 0.423851
vt 0.403893 0.482176
vt 0.590536 0.395173
vt 0.568475 0.395110
vt 0.590305 0.366940
vt 0.568270 0.366739
vt 0.546352 0.395030
vt 0.546170 0.366559
vt 0.524177 0.394969
vt 0.524008 0.366425
vt 0.502119 0.394873
vt 0.501929 0.366319
vt 0.480370 0.394877
vt 0.480098 0.366225
vt 0.458399 0.394872
vt 0.458069 0.366177
vt 0.431579 0.394940
vt 0.431311 0.366193
vt 0.403450 0.395063
vt 0.403299 0.366275
vt 0.590284 0.338879
vt 0.568229 0.338479
vt 0.590476 0.310977
vt 0.568351 0.310750
vt 0.546110 0.338172
vt 0.546173 0.310496
vt 0.523928 0.337945
vt 0.523936 0.309946
vt 0.501693 0.337807
vt 0.501462 0.309521
vt 0.479437 0.337598
vt 0.478598 0.309323
vt 0.457119 0.337495
vt 0.455867 0.309320
vt 0.430621 0.337450
vt 0.429722 0.309045
vt 0.403149 0.337486
vt 0.402996 0.308703
vt 0.590886 0.283220
vt 0.568626 0.283966
vt 0.591800 0.245411
vt 0.569144 0.252616
vt 0.546344 0.284148
vt 0.546677 0.253731
vt 0.524025 0.282839
vt 0.524192 0.256205
vt 0.501287 0.281649
vt 0.501177 0.251147
vt 0.477789 0.281731
vt 0.477004 0.250116
vt 0.454630 0.282152
vt 0.453416 0.259766
vt 0.428826 0.281314
vt 0.427076 0.253050
vt 0.402840 0.279930
vt 0.402627 0.241101
vt 0.234237 0.002014
vt 0.256610 0.056268
vt 0.233346 0.056511
vt 0.257349 0.001725
vt 0.822525 0.841829
vt 0.822675 0.896475
vt 0.816969 0.896037
vt 0.228518 0.002079
vt 0.232639 0.111007
vt 0.227624 0.056565
vt 0.641849 0.736081
vt 0.641851 0.790755
vt 0.636143 0.790271
vt 0.255959 0.110811
vt 0.255235 0.165354
vt 0.232149 0.165502
vt 0.807874 0.842577
vt 0.807929 0.897280
vt 0.802264 0.896773
vt 0.226911 0.111051
vt 0.231980 0.219996
vt 0.226461 0.165536
vt 0.739882 0.854398
vt 0.739881 0.909138
vt 0.734248 0.908589
vt 0.254967 0.219895
vt 0.255439 0.274434
vt 0.233128 0.328980
vt 0.232364 0.274489
vt 0.256436 0.328971
vt 0.226719 0.274503
vt 0.160526 0.854857
vt 0.160453 0.909618
vt 0.154894 0.855419
vt 0.227462 0.328984
vt 0.909909 0.858831
vt 0.909858 0.913547
vt 0.904288 0.859347
vt 0.257496 0.383508
vt 0.235550 0.435448
vt 0.234222 0.383471
vt 0.258774 0.435056
vt 0.228533 0.383465
vt 0.345020 0.851823
vt 0.344938 0.906502
vt 0.339374 0.852297
vt 0.229811 0.435432
vt 0.368192 0.920360
vt 0.362628 0.868677
vt 0.186200 0.061920
vt 0.102588 0.116926
vt 0.103202 0.062616
vt 0.185622 0.116350
vt 0.186863 0.006296
vt 0.103487 0.004539
vt 0.023888 0.063295
vt 0.023806 0.000000
vt 0.023863 0.117483
vt 0.184973 0.170781
vt 0.101274 0.225545
vt 0.101658 0.171236
vt 0.184774 0.225210
vt 0.024112 0.171672
vt 0.023980 0.225861
vt 0.185305 0.279637
vt 0.102000 0.279851
vt 0.024452 0.280049
vt 0.103274 0.334156
vt 0.024545 0.334238
vt 0.186295 0.334063
vt 0.187230 0.388488
vt 0.104239 0.388461
vt 0.024911 0.388426
vt 0.104885 0.441163
vt 0.024864 0.443560
vt 0.188256 0.441093
vt 0.658074 0.795559
vt 0.658238 0.740399
vt 0.664137 0.794895
vt 0.872865 0.569995
vt 0.866971 0.624837
vt 0.866787 0.570019
vt 0.193996 0.817811
vt 0.200025 0.872293
vt 0.873070 0.624810
vt 0.867139 0.679655
vt 0.379062 0.055032
vt 0.401252 0.000000
vt 0.401424 0.054816
vt 0.379019 0.000256
vt 0.379023 0.109807
vt 0.401587 0.109631
vt 0.007807 0.899052
vt 0.007917 0.843824
vt 0.015006 0.898062
vt 0.872114 0.460365
vt 0.865594 0.515205
vt 0.864685 0.460389
vt 0.444196 0.893265
vt 0.444357 0.837970
vt 0.450237 0.892587
vt 0.872860 0.515061
vt 0.378761 0.164584
vt 0.401799 0.164564
vt 0.378795 0.219360
vt 0.401829 0.219263
vt 0.887236 0.056221
vt 0.887252 0.000945
vt 0.894046 0.055337
vt 0.872194 0.350732
vt 0.865259 0.405569
vt 0.866115 0.350748
vt 0.962242 0.139175
vt 0.962251 0.083830
vt 0.969600 0.138149
vt 0.872125 0.405549
vt 0.378939 0.274135
vt 0.402045 0.274078
vt 0.379678 0.328909
vt 0.402274 0.328894
vt 0.129704 0.874624
vt 0.129738 0.819474
vt 0.135767 0.873956
vt 0.871895 0.241101
vt 0.865964 0.295931
vt 0.865796 0.241112
vt 0.831375 0.841810
vt 0.837367 0.896295
vt 0.872063 0.295917
vt 0.380073 0.383683
vt 0.402455 0.383709
vt 0.380390 0.436853
vt 0.402627 0.438525
vt 0.819969 0.311287
vt 0.798974 0.365525
vt 0.798725 0.311321
vt 0.820116 0.365434
vt 0.819767 0.245063
vt 0.798582 0.245162
vt 0.780542 0.311337
vt 0.773515 0.241101
vt 0.772768 0.365638
vt 0.820427 0.419580
vt 0.797956 0.473802
vt 0.798374 0.419633
vt 0.820738 0.473726
vt 0.780522 0.419663
vt 0.772300 0.473901
vt 0.819580 0.527877
vt 0.799608 0.582077
vt 0.798704 0.527936
vt 0.820776 0.582020
vt 0.780852 0.527988
vt 0.773428 0.582159
vt 0.820958 0.636167
vt 0.799971 0.692869
vt 0.799741 0.636238
vt 0.821136 0.694719
vt 0.781531 0.636312
vt 0.774658 0.695117
vt 0.834724 0.624917
vt 0.848600 0.570090
vt 0.848908 0.624877
vt 0.827591 0.570167
vt 0.830585 0.679816
vt 0.848908 0.679746
vt 0.831009 0.515302
vt 0.846926 0.460447
vt 0.847854 0.515252
vt 0.826448 0.460514
vt 0.833696 0.405668
vt 0.847928 0.350797
vt 0.847518 0.405625
vt 0.826919 0.350855
vt 0.831132 0.296050
vt 0.847564 0.241144
vt 0.847901 0.295996
vt 0.826584 0.241199
vt 0.317523 0.000987
vt 0.317179 0.055648
vt 0.316519 0.110309
vt 0.315546 0.164972
vt 0.315120 0.219632
vt 0.317078 0.328945
vt 0.315805 0.274289
vt 0.318893 0.436653
vt 0.318125 0.383600
vt 0.224274 0.061601
vt 0.217813 0.116129
vt 0.218472 0.061653
vt 0.223562 0.116087
vt 0.225169 0.007115
vt 0.219316 0.007176
vt 0.223112 0.170572
vt 0.217247 0.225080
vt 0.217371 0.170605
vt 0.222971 0.225056
vt 0.223369 0.279539
vt 0.218433 0.334026
vt 0.217671 0.279553
vt 0.224113 0.334020
vt 0.225183 0.388501
vt 0.219446 0.388497
vt 0.220653 0.440455
vt 0.226461 0.440468
vt 0.718090 0.001493
vt 0.718015 0.060829
vt 0.696277 0.011254
vt 0.000159 0.117657
vt 0.674255 0.000000
vt 0.657780 0.065800
vt 0.650088 0.000022
vt 0.000000 0.063506
vt 0.825086 0.245024
vt 0.825288 0.311251
vt 0.825408 0.365402
vt 0.739839 0.001615
vt 0.739856 0.060829
vt 0.718090 0.011266
vt 0.000516 0.225958
vt 0.402627 0.719365
vt 0.402531 0.778590
vt 0.380938 0.728952
vt 0.000326 0.171808
vt 0.825561 0.419553
vt 0.825808 0.473703
vt 0.761628 0.001677
vt 0.761599 0.060829
vt 0.739856 0.011256
vt 0.000838 0.334260
vt 0.354083 0.719365
vt 0.353988 0.778428
vt 0.332554 0.728720
vt 0.000674 0.280109
vt 0.825925 0.527854
vt 0.826068 0.582005
vt 0.696249 0.000000
vt 0.696277 0.060829
vt 0.674255 0.009352
vt 0.001195 0.444419
vt 0.332554 0.719365
vt 0.332409 0.778446
vt 0.310803 0.728814
vt 0.001019 0.388410
vt 0.826277 0.636155
vt 0.826448 0.692163
vt 0.583426 0.545011
vt 0.582555 0.482176
vt 0.591123 0.545053
vt 0.920285 0.177795
vt 0.912710 0.240175
vt 0.912663 0.176714
vt 0.592393 0.596679
vt 0.584696 0.596636
vt 0.581229 0.652713
vt 0.588926 0.652756
vt 0.583829 0.708785
vt 0.591526 0.708827
vt 0.584835 0.764895
vt 0.592533 0.764938
vt 0.291584 0.969091
vt 0.293694 0.913025
vt 0.299281 0.969087
vt 0.590080 0.820990
vt 0.960096 0.523464
vt 0.952471 0.580772
vt 0.952425 0.522819
vt 0.952425 0.419960
vt 0.960050 0.362652
vt 0.960096 0.420605
vt 0.387366 0.979978
vt 0.394913 0.932888
vt 0.394993 0.981023
vt 0.600203 0.934088
vt 0.592655 0.981179
vt 0.592576 0.933044
vt 0.373051 0.932710
vt 0.365472 0.981965
vt 0.365412 0.931759
vt 0.759950 0.981745
vt 0.767529 0.932490
vt 0.767589 0.982696
vt 0.975130 0.249258
vt 0.967708 0.301197
vt 0.967610 0.247608
vt 0.967595 0.519517
vt 0.975017 0.467578
vt 0.975114 0.521168
vt 0.976474 0.895799
vt 0.968876 0.946924
vt 0.968832 0.894872
vt 0.968849 0.893944
vt 0.976447 0.842820
vt 0.976490 0.894872
vt 0.503942 0.931428
vt 0.496448 0.981143
vt 0.496384 0.929963
vt 0.073383 0.979923
vt 0.080876 0.930208
vt 0.080940 0.981388
vt 0.412541 0.758099
vt 0.411692 0.820900
vt 0.404844 0.758143
vt 0.946870 0.157609
vt 0.954487 0.220277
vt 0.406106 0.706530
vt 0.413804 0.706487
vt 0.410325 0.650427
vt 0.402627 0.650470
vt 0.412956 0.594306
vt 0.405259 0.594349
vt 0.413952 0.538212
vt 0.406254 0.538255
vt 0.963188 0.020357
vt 0.955681 0.075983
vt 0.955604 0.019034
vt 0.403819 0.482176
vt 0.536338 0.732156
vt 0.538630 0.789531
vt 0.528641 0.732090
vt 0.953650 0.830359
vt 0.961180 0.773436
vt 0.961223 0.831742
vt 0.527960 0.684716
vt 0.535658 0.684781
vt 0.534656 0.635365
vt 0.526959 0.635300
vt 0.538967 0.583395
vt 0.531270 0.583330
vt 0.538027 0.532063
vt 0.530329 0.531998
vt 0.707235 0.932228
vt 0.699696 0.981539
vt 0.699583 0.931384
vt 0.532857 0.482176
vt 0.815733 0.951231
vt 0.822675 0.951235
vt 0.815731 0.958946
vt 0.822673 0.958950
vt 0.967677 0.457010
vt 0.967684 0.464724
vt 0.960133 0.457020
vt 0.960139 0.464734
vt 0.973336 0.951505
vt 0.981223 0.949654
vt 0.981207 0.985180
vt 0.692784 0.624367
vt 0.684684 0.624392
vt 0.692678 0.589781
vt 0.683363 0.656753
vt 0.691463 0.656728
vt 0.682610 0.689100
vt 0.690710 0.689075
vt 0.685809 0.721443
vt 0.693910 0.721418
vt 0.686772 0.753801
vt 0.694872 0.753776
vt 0.683788 0.786157
vt 0.691888 0.786133
vt 0.682499 0.818506
vt 0.690598 0.818482
vt 0.682983 0.854405
vt 0.682499 0.971034
vt 0.674579 0.972740
vt 0.674606 0.936014
vt 0.978638 0.215568
vt 0.986524 0.213716
vt 0.986506 0.249234
vt 0.986217 0.055743
vt 0.978331 0.057595
vt 0.978349 0.022077
vt 0.990861 0.486080
vt 0.998769 0.484326
vt 0.998714 0.517431
vt 0.998716 0.482572
vt 0.990807 0.484326
vt 0.990863 0.451221
vt 0.185927 0.966212
vt 0.193686 0.963879
vt 0.193691 0.997625
vt 0.139395 0.995496
vt 0.131637 0.997829
vt 0.131632 0.964083
vt 0.983032 0.544963
vt 0.990890 0.542990
vt 0.990892 0.576408
vt 0.990939 0.398461
vt 0.983082 0.400433
vt 0.983079 0.367016
vt 0.985186 0.142671
vt 0.993130 0.141087
vt 0.993068 0.174098
vt 0.523642 0.993503
vt 0.515697 0.995087
vt 0.515759 0.962076
vt 0.990892 0.545179
vt 0.998692 0.542990
vt 0.998660 0.576513
vt 0.998784 0.340512
vt 0.990984 0.342702
vt 0.991016 0.309179
vt 0.421898 0.968533
vt 0.429670 0.966248
vt 0.429604 0.999941
vt 0.421898 0.997656
vt 0.414125 0.999941
vt 0.414192 0.966248
vt 0.065147 0.945195
vt 0.073179 0.944152
vt 0.073175 0.980334
vt 0.362116 0.977181
vt 0.354083 0.978225
vt 0.354088 0.942042
vt 0.976508 0.794083
vt 0.984394 0.792232
vt 0.984378 0.827757
vt 0.500634 0.611472
vt 0.492534 0.611497
vt 0.500528 0.576887
vt 0.494051 0.643835
vt 0.502151 0.643811
vt 0.495005 0.676199
vt 0.503105 0.676174
vt 0.492003 0.708560
vt 0.500104 0.708535
vt 0.491236 0.740898
vt 0.499336 0.740874
vt 0.494420 0.773249
vt 0.502520 0.773224
vt 0.495910 0.805610
vt 0.504010 0.805585
vt 0.495639 0.841459
vt 0.983000 0.677398
vt 0.975113 0.679249
vt 0.975213 0.642407
vt 0.976508 0.758557
vt 0.984394 0.756706
vt 0.984378 0.792232
vt 0.716052 0.624366
vt 0.707952 0.624416
vt 0.715840 0.589781
vt 0.707245 0.656762
vt 0.715346 0.656712
vt 0.709016 0.689097
vt 0.717116 0.689047
vt 0.709208 0.721472
vt 0.717308 0.721422
vt 0.707791 0.753840
vt 0.715891 0.753790
vt 0.708945 0.786161
vt 0.717045 0.786112
vt 0.710572 0.818493
vt 0.718672 0.818443
vt 0.707335 0.854398
vt 0.546886 0.785748
vt 0.539172 0.788223
vt 0.539261 0.750516
vt 0.631960 0.133223
vt 0.623862 0.141343
vt 0.631962 0.141342
vt 0.834574 0.679816
vt 0.842427 0.679839
vt 0.834549 0.687934
vt 0.842403 0.687957
vt 0.138609 0.746065
vt 0.138159 0.819474
vt 0.130911 0.746018
vt 0.534617 0.935189
vt 0.542244 0.862178
vt 0.129704 0.688259
vt 0.137402 0.688306
vt 0.143722 0.625539
vt 0.136025 0.625492
vt 0.138402 0.562745
vt 0.130704 0.562698
vt 0.137472 0.499942
vt 0.129775 0.499895
vt 0.960013 0.639383
vt 0.960025 0.583729
vt 0.967690 0.638815
vt 0.134212 0.444419
vt 0.559771 0.869144
vt 0.552149 0.942152
vt 0.552113 0.868361
vt 0.544455 0.941369
vt 0.552077 0.868361
vt 0.552113 0.942152
vt 0.952425 0.696700
vt 0.959970 0.639383
vt 0.960013 0.697999
vt 0.945992 0.904499
vt 0.938446 0.961817
vt 0.938404 0.903201
vt 0.925892 0.961443
vt 0.925916 0.898605
vt 0.933576 0.960997
vt 0.953677 0.894872
vt 0.953652 0.957710
vt 0.945992 0.895318
vt 0.483693 0.885142
vt 0.476125 0.947591
vt 0.476109 0.883820
vt 0.504010 0.946371
vt 0.511578 0.883922
vt 0.511594 0.947693
vt 0.947919 0.019817
vt 0.940326 0.082168
vt 0.940261 0.019034
vt 0.939206 0.145386
vt 0.946799 0.083035
vt 0.946864 0.146169
vt 0.967610 0.249023
vt 0.960056 0.304041
vt 0.960043 0.247608
vt 0.960027 0.519753
vt 0.967581 0.464735
vt 0.967595 0.521168
vt 0.223064 0.745954
vt 0.222839 0.819353
vt 0.215366 0.745930
vt 0.786572 0.941774
vt 0.794198 0.868774
vt 0.217100 0.688229
vt 0.224797 0.688254
vt 0.219061 0.625386
vt 0.211363 0.625361
vt 0.224952 0.562706
vt 0.217255 0.562681
vt 0.226461 0.499906
vt 0.218763 0.499882
vt 0.967626 0.524418
vt 0.960180 0.579517
vt 0.960096 0.522819
vt 0.214832 0.444419
vt 0.152554 0.746063
vt 0.152549 0.819472
vt 0.144856 0.746043
vt 0.631629 0.933968
vt 0.639260 0.860958
vt 0.639283 0.934791
vt 0.147196 0.688297
vt 0.154894 0.688318
vt 0.151420 0.625488
vt 0.143722 0.625468
vt 0.154797 0.562753
vt 0.147099 0.562733
vt 0.153721 0.499967
vt 0.146023 0.499946
vt 0.967681 0.304723
vt 0.960138 0.359805
vt 0.960013 0.304041
vt 0.148823 0.444419
vt 0.957910 0.011311
vt 0.965608 0.011320
vt 0.957901 0.019026
vt 0.965599 0.019034
vt 0.961223 0.827766
vt 0.968693 0.827757
vt 0.961235 0.835481
vt 0.968705 0.835472
vt 0.975145 0.301197
vt 0.975130 0.265671
vt 0.983016 0.267523
vt 0.697066 0.589781
vt 0.705060 0.624392
vt 0.696960 0.624367
vt 0.706381 0.656744
vt 0.698281 0.656719
vt 0.707134 0.689107
vt 0.699033 0.689082
vt 0.703935 0.721450
vt 0.695835 0.721425
vt 0.702972 0.753791
vt 0.705956 0.786158
vt 0.697856 0.786133
vt 0.707245 0.818522
vt 0.699145 0.818497
vt 0.706767 0.850865
vt 0.994044 0.022077
vt 0.994098 0.055335
vt 0.986217 0.053459
vt 0.978349 0.093112
vt 0.986217 0.059446
vt 0.985111 0.103658
vt 0.985129 0.139175
vt 0.977242 0.137324
vt 0.984504 0.447636
vt 0.984462 0.414466
vt 0.992371 0.416220
vt 0.631333 0.961173
vt 0.631374 0.994343
vt 0.623465 0.992588
vt 0.984464 0.876604
vt 0.984377 0.842820
vt 0.992143 0.845129
vt 0.992073 0.758448
vt 0.992160 0.792232
vt 0.984394 0.789923
vt 0.992166 0.928627
vt 0.992133 0.895350
vt 0.999991 0.897322
vt 0.998815 0.605628
vt 0.998848 0.638905
vt 0.990991 0.636932
vt 0.406077 0.998229
vt 0.406007 0.965258
vt 0.413952 0.966842
vt 0.151401 0.966073
vt 0.151471 0.999044
vt 0.143526 0.997460
vt 0.983001 0.484326
vt 0.983007 0.450664
vt 0.990807 0.452854
vt 0.272793 0.957747
vt 0.272786 0.991409
vt 0.264986 0.989220
vt 0.983266 0.639383
vt 0.983218 0.605628
vt 0.990991 0.607913
vt 0.992085 0.894872
vt 0.992133 0.928627
vt 0.984361 0.926342
vt 0.986574 0.249234
vt 0.986524 0.216214
vt 0.994459 0.217847
vt 0.888890 0.963326
vt 0.888940 0.996346
vt 0.881005 0.994713
vt 0.975209 0.402541
vt 0.975193 0.367016
vt 0.983079 0.368867
vt 0.454043 0.576909
vt 0.462038 0.611519
vt 0.453937 0.611494
vt 0.460520 0.643874
vt 0.452420 0.643849
vt 0.459566 0.676208
vt 0.451466 0.676183
vt 0.462567 0.708569
vt 0.454467 0.708544
vt 0.463335 0.740938
vt 0.455235 0.740913
vt 0.460151 0.773271
vt 0.452051 0.773246
vt 0.458661 0.805605
vt 0.450561 0.805580
vt 0.458944 0.837970
vt 0.933502 0.961443
vt 0.933576 0.994906
vt 0.925737 0.992861
vt 0.975162 0.576408
vt 0.975146 0.540882
vt 0.983032 0.542734
vt 0.673698 0.597113
vt 0.681693 0.631723
vt 0.673593 0.631698
vt 0.682498 0.664089
vt 0.674398 0.664064
vt 0.680827 0.696442
vt 0.672727 0.696417
vt 0.680735 0.728770
vt 0.672634 0.728745
vt 0.682251 0.761120
vt 0.674151 0.761095
vt 0.681195 0.793493
vt 0.673095 0.793468
vt 0.679667 0.825851
vt 0.671567 0.825826
vt 0.680995 0.858204
vt 0.993933 0.057595
vt 0.993990 0.091323
vt 0.986217 0.089038
vt 0.853448 0.688319
vt 0.861325 0.680225
vt 0.861301 0.688343
vt 0.853472 0.680201
vt 0.826449 0.687936
vt 0.834548 0.679816
vt 0.826448 0.679818
vt 0.163305 0.723350
vt 0.162390 0.779428
vt 0.155608 0.723224
vt 0.406254 0.965250
vt 0.406311 0.909165
vt 0.413952 0.965258
vt 0.154894 0.671603
vt 0.162590 0.671730
vt 0.166662 0.615714
vt 0.158965 0.615588
vt 0.164651 0.559561
vt 0.156954 0.559434
vt 0.164249 0.503463
vt 0.156553 0.503336
vt 0.523284 0.903620
vt 0.515785 0.962076
vt 0.515697 0.902317
vt 0.155051 0.444419
vt 0.970707 0.073014
vt 0.978220 0.022077
vt 0.978331 0.074083
vt 0.470982 0.930815
vt 0.463469 0.981753
vt 0.463358 0.929746
vt 0.747554 0.933751
vt 0.739960 0.981152
vt 0.739927 0.932705
vt 0.394993 0.980290
vt 0.402586 0.932888
vt 0.402619 0.981335
vt 0.653024 0.979972
vt 0.660659 0.930306
vt 0.660663 0.980923
vt 0.732875 0.932153
vt 0.725240 0.981819
vt 0.725236 0.931201
vt 0.967594 0.694662
vt 0.975088 0.642407
vt 0.975113 0.696314
vt 0.970707 0.023728
vt 0.963213 0.075983
vt 0.963188 0.022077
vt 0.000023 0.976296
vt 0.007667 0.924827
vt 0.007665 0.977225
vt 0.975325 0.308336
vt 0.967681 0.359805
vt 0.967683 0.307408
vt 0.960123 0.759517
vt 0.967783 0.704960
vt 0.967783 0.760281
vt 0.620749 0.915686
vt 0.613089 0.970243
vt 0.613089 0.914923
vt 0.426465 0.538265
vt 0.426066 0.482176
vt 0.434162 0.538211
vt 0.962184 0.157625
vt 0.962068 0.213716
vt 0.954487 0.157609
vt 0.432969 0.589838
vt 0.425272 0.589892
vt 0.428824 0.645964
vt 0.436521 0.645909
vt 0.426312 0.702041
vt 0.434009 0.701986
vt 0.425390 0.758152
vt 0.433088 0.758098
vt 0.370696 0.778334
vt 0.370761 0.719365
vt 0.378387 0.778020
vt 0.431037 0.817031
vt 0.548526 0.534006
vt 0.548198 0.482176
vt 0.556223 0.534021
vt 0.458234 0.927135
vt 0.450656 0.978406
vt 0.450629 0.925941
vt 0.557268 0.582310
vt 0.549571 0.582294
vt 0.550972 0.632913
vt 0.558670 0.632929
vt 0.547055 0.685854
vt 0.554753 0.685870
vt 0.548392 0.738195
vt 0.556090 0.738211
vt 0.960096 0.419247
vt 0.967586 0.364340
vt 0.967673 0.420605
vt 0.558245 0.793587
vt 0.193814 0.911221
vt 0.200025 0.911222
vt 0.193812 0.918936
vt 0.200022 0.918937
vt 0.852167 0.953361
vt 0.852173 0.961076
vt 0.845033 0.953370
vt 0.845039 0.961085
vt 0.120893 0.524565
vt 0.121379 0.444419
vt 0.128589 0.524612
vt 0.707245 0.851598
vt 0.699655 0.931384
vt 0.699583 0.850865
vt 0.129704 0.598368
vt 0.122008 0.598320
vt 0.118396 0.678443
vt 0.126092 0.678490
vt 0.120775 0.758607
vt 0.128472 0.758654
vt 0.121614 0.838768
vt 0.129310 0.838815
vt 0.346403 0.931636
vt 0.353942 0.851823
vt 0.354083 0.932156
vt 0.126670 0.918940
vt 0.682499 0.931740
vt 0.690061 0.854405
vt 0.690160 0.932490
vt 0.767588 0.855156
vt 0.760026 0.932490
vt 0.759927 0.854405
vt 0.945992 0.761010
vt 0.938540 0.831742
vt 0.938328 0.760283
vt 0.938328 0.902474
vt 0.945781 0.831742
vt 0.945992 0.903201
vt 0.879546 0.000945
vt 0.879518 0.079514
vt 0.871855 0.001282
vt 0.879546 0.079514
vt 0.879573 0.000945
vt 0.887236 0.079177
vt 0.896719 0.935698
vt 0.904245 0.858831
vt 0.917579 0.860238
vt 0.910053 0.937104
vt 0.910010 0.858831
vt 0.592533 0.932387
vt 0.600132 0.855363
vt 0.600203 0.933044
vt 0.609779 0.856019
vt 0.602179 0.933044
vt 0.602108 0.855363
vt 0.394993 0.931902
vt 0.402538 0.854020
vt 0.402627 0.932888
vt 0.394993 0.855006
vt 0.387448 0.932888
vt 0.387358 0.854020
vt 0.249155 0.832873
vt 0.248911 0.913021
vt 0.241458 0.832850
vt 0.653000 0.929573
vt 0.660593 0.849787
vt 0.243235 0.759106
vt 0.250932 0.759129
vt 0.248001 0.678970
vt 0.240303 0.678946
vt 0.251208 0.598844
vt 0.243510 0.598820
vt 0.252763 0.518691
vt 0.245066 0.518667
vt 0.080940 0.850391
vt 0.073500 0.930208
vt 0.073298 0.849470
vt 0.243192 0.438525
vt 0.227533 0.518672
vt 0.227070 0.438525
vt 0.235231 0.518636
vt 0.091797 0.929630
vt 0.084127 0.849470
vt 0.236405 0.592382
vt 0.228707 0.592417
vt 0.232605 0.672559
vt 0.240303 0.672523
vt 0.226461 0.752711
vt 0.234159 0.752675
vt 0.227937 0.832863
vt 0.235634 0.832827
vt 0.331535 0.934013
vt 0.333781 0.853877
vt 0.339233 0.934001
vt 0.233634 0.912970
vt 0.954803 0.146585
vt 0.962499 0.146595
vt 0.954792 0.154300
vt 0.962487 0.154310
vt 0.950203 0.019034
vt 0.957891 0.011309
vt 0.950193 0.011320
vt 0.266388 0.526226
vt 0.266541 0.438525
vt 0.273842 0.526248
vt 0.852459 0.843816
vt 0.845067 0.931204
vt 0.845033 0.843176
vt 0.275394 0.606951
vt 0.267940 0.606928
vt 0.264986 0.694614
vt 0.272440 0.694636
vt 0.266635 0.782325
vt 0.274089 0.782348
vt 0.268006 0.870038
vt 0.275460 0.870060
vt 0.852459 0.930596
vt 0.859839 0.843176
vt 0.859902 0.931007
vt 0.272638 0.957747
vt 0.867868 0.829408
vt 0.860452 0.916795
vt 0.860201 0.828756
vt 0.613089 0.914270
vt 0.620505 0.826883
vt 0.620756 0.914923
vt 0.909603 0.082359
vt 0.917136 0.002008
vt 0.917270 0.083011
vt 0.007667 0.844476
vt 0.000135 0.924827
vt 0.444196 0.838528
vt 0.436716 0.925916
vt 0.436521 0.837970
vt 0.917274 0.170423
vt 0.924754 0.083036
vt 0.924949 0.170981
vt 0.496384 0.842487
vt 0.488965 0.929963
vt 0.488758 0.841459
vt 0.496384 0.928935
vt 0.503803 0.841459
vt 0.504010 0.929963
vt 0.458234 0.838552
vt 0.450641 0.925941
vt 0.450561 0.837970
vt 0.909601 0.170400
vt 0.917194 0.083011
vt 0.917274 0.170981
vt 0.470982 0.842345
vt 0.463561 0.929746
vt 0.463335 0.841481
vt 0.822675 0.929230
vt 0.830321 0.930094
vt 0.285311 0.870000
vt 0.285599 0.957701
vt 0.277613 0.870025
vt 0.562228 0.901857
vt 0.562477 0.814156
vt 0.569925 0.901879
vt 0.278905 0.789323
vt 0.286603 0.789298
vt 0.283158 0.701615
vt 0.275460 0.701640
vt 0.285796 0.613899
vt 0.278099 0.613925
vt 0.286825 0.526187
vt 0.279128 0.526212
vt 0.143722 0.820322
vt 0.136216 0.907720
vt 0.136071 0.819474
vt 0.276708 0.438525
vt 0.942567 0.328803
vt 0.942392 0.241101
vt 0.950264 0.328789
vt 0.909601 0.083682
vt 0.902000 0.171053
vt 0.901933 0.083011
vt 0.951161 0.409486
vt 0.943464 0.409500
vt 0.944727 0.497205
vt 0.952425 0.497191
vt 0.940644 0.584893
vt 0.948342 0.584879
vt 0.941822 0.672602
vt 0.949519 0.672588
vt 0.663883 0.919710
vt 0.671516 0.832322
vt 0.671567 0.920169
vt 0.947247 0.760281
vt 0.954781 0.154310
vt 0.947084 0.154300
vt 0.954792 0.146595
vt 0.947094 0.146585
vt 0.960133 0.455350
vt 0.952435 0.455361
vt 0.960122 0.447636
vt 0.952425 0.447646
vt 0.516880 0.538313
vt 0.524175 0.482176
vt 0.524578 0.538258
vt 0.592533 0.909255
vt 0.584894 0.965346
vt 0.584835 0.909263
vt 0.515697 0.589920
vt 0.523395 0.589865
vt 0.519261 0.645966
vt 0.526959 0.645911
vt 0.516718 0.702108
vt 0.524416 0.702052
vt 0.515808 0.758195
vt 0.523506 0.758139
vt 0.954549 0.138899
vt 0.962124 0.083035
vt 0.518331 0.814278
vt 0.977379 0.157609
vt 0.977265 0.209616
vt 0.969756 0.158678
vt 0.084201 0.981637
vt 0.084316 0.929630
vt 0.091825 0.980568
vt 0.682499 0.980938
vt 0.682535 0.932490
vt 0.690125 0.979893
vt 0.718628 0.932705
vt 0.718591 0.981153
vt 0.711001 0.933751
vt 0.815568 0.930422
vt 0.815559 0.981040
vt 0.807929 0.931374
vt 0.852459 0.981626
vt 0.852468 0.931007
vt 0.860098 0.980674
vt 0.114445 0.918864
vt 0.114417 0.972771
vt 0.106925 0.920516
vt 0.663883 0.974076
vt 0.663911 0.920169
vt 0.671402 0.972425
vt 0.975425 0.707883
vt 0.975423 0.760281
vt 0.967783 0.708811
vt 0.967690 0.639383
vt 0.967691 0.586985
vt 0.975332 0.638455
vt 0.845033 0.929852
vt 0.844886 0.981425
vt 0.837471 0.931295
vt 0.488758 0.981536
vt 0.488904 0.929963
vt 0.496320 0.980093
vt 0.567555 0.758122
vt 0.559457 0.814156
vt 0.559857 0.758067
vt 0.131698 0.964083
vt 0.139280 0.907976
vt 0.139395 0.964067
vt 0.566367 0.706497
vt 0.558670 0.706442
vt 0.569925 0.650429
vt 0.562228 0.650374
vt 0.567396 0.594340
vt 0.559698 0.594285
vt 0.566480 0.538231
vt 0.558783 0.538176
vt 0.967594 0.639383
vt 0.967593 0.696314
vt 0.960013 0.640718
vt 0.569010 0.482176
vt 0.513417 0.832077
vt 0.505475 0.883922
vt 0.505719 0.832093
vt 0.436521 0.978368
vt 0.436626 0.925916
vt 0.444130 0.977197
vt 0.514391 0.783789
vt 0.506693 0.783804
vt 0.515697 0.733171
vt 0.507999 0.733186
vt 0.511708 0.680230
vt 0.504010 0.680245
vt 0.512966 0.627889
vt 0.505268 0.627904
vt 0.622074 0.095057
vt 0.621927 0.146368
vt 0.614420 0.095876
vt 0.510746 0.576887
vt 0.657922 0.795560
vt 0.664137 0.803274
vt 0.657926 0.803275
vt 0.664133 0.795559
vt 0.845033 0.968800
vt 0.852167 0.968805
vt 0.975340 0.342934
vt 0.975325 0.307408
vt 0.983211 0.309259
vt 0.749747 0.589781
vt 0.757742 0.624392
vt 0.749642 0.624367
vt 0.759063 0.656744
vt 0.750963 0.656719
vt 0.759815 0.689107
vt 0.751715 0.689082
vt 0.756616 0.721450
vt 0.748516 0.721425
vt 0.755654 0.753791
vt 0.747554 0.753766
vt 0.758638 0.786158
vt 0.750538 0.786133
vt 0.759927 0.818522
vt 0.751827 0.818497
vt 0.759449 0.850865
vt 0.178367 0.963119
vt 0.178421 0.996377
vt 0.170541 0.994501
vt 0.983018 0.679249
vt 0.983000 0.643732
vt 0.990887 0.645583
vt 0.984445 0.412118
vt 0.984462 0.447636
vt 0.976576 0.445784
vt 0.631415 0.994343
vt 0.631374 0.961173
vt 0.639283 0.962927
vt 0.387258 0.960830
vt 0.387300 0.994000
vt 0.379391 0.992245
vt 0.331622 0.994179
vt 0.339301 0.962704
vt 0.992073 0.793973
vt 0.992160 0.827757
vt 0.984394 0.825448
vt 0.992176 0.876097
vt 0.992143 0.842820
vt 1.000000 0.844793
vt 0.998908 0.707883
vt 0.998941 0.741160
vt 0.991084 0.739187
vt 0.098278 0.998405
vt 0.098208 0.965434
vt 0.106153 0.967017
vt 0.592463 0.965346
vt 0.592533 0.998317
vt 0.584588 0.996733
vt 0.299281 0.991408
vt 0.299288 0.957746
vt 0.307088 0.959935
vt 0.985186 0.140437
vt 0.985179 0.174098
vt 0.977379 0.171909
vt 0.983259 0.342934
vt 0.983211 0.309179
vt 0.990984 0.311464
vt 0.991036 0.707883
vt 0.991084 0.741638
vt 0.983311 0.739353
vt 0.529701 0.996531
vt 0.529652 0.963511
vt 0.537586 0.965144
vt 0.880956 0.963326
vt 0.881005 0.996346
vt 0.873070 0.994713
vt 0.976490 0.930397
vt 0.976474 0.894872
vt 0.984361 0.896723
vt 0.440003 0.576909
vt 0.447998 0.611519
vt 0.439898 0.611494
vt 0.446480 0.643874
vt 0.438380 0.643849
vt 0.445527 0.676208
vt 0.437426 0.676183
vt 0.448528 0.708569
vt 0.440428 0.708544
vt 0.449295 0.740938
vt 0.441195 0.740913
vt 0.446111 0.773271
vt 0.438011 0.773246
vt 0.444621 0.805605
vt 0.436521 0.805580
vt 0.444904 0.837970
vt 0.058728 0.961670
vt 0.058802 0.995132
vt 0.050963 0.993087
vt 0.975441 0.743409
vt 0.983311 0.709734
vt 0.727327 0.589781
vt 0.735321 0.624392
vt 0.727221 0.624367
vt 0.736127 0.656757
vt 0.728027 0.656732
vt 0.734456 0.689111
vt 0.726356 0.689086
vt 0.734363 0.721438
vt 0.726263 0.721413
vt 0.735879 0.753788
vt 0.727779 0.753763
vt 0.734823 0.786161
vt 0.726723 0.786136
vt 0.733296 0.818519
vt 0.725195 0.818494
vt 0.734623 0.850872
vt 0.992982 0.175887
vt 0.993039 0.209616
vt 0.985266 0.207331
vt 0.861325 0.688319
vt 0.869203 0.680225
vt 0.869179 0.688343
vt 0.861350 0.680201
vt 0.640064 0.133225
vt 0.648165 0.141342
vt 0.640065 0.141343
vt 0.648164 0.133224
vt 0.194915 0.744433
vt 0.194467 0.817811
vt 0.187218 0.744385
vt 0.794228 0.941754
vt 0.801851 0.868774
vt 0.801884 0.942558
vt 0.186015 0.686578
vt 0.193713 0.686626
vt 0.200025 0.623995
vt 0.192328 0.623947
vt 0.194711 0.561123
vt 0.187013 0.561074
vt 0.193778 0.498380
vt 0.186081 0.498332
vt 0.968866 0.774357
vt 0.961313 0.827757
vt 0.961223 0.773436
vt 0.187549 0.444419
vt 0.628414 0.861741
vt 0.620792 0.934752
vt 0.620756 0.860958
vt 0.526959 0.935189
vt 0.534581 0.862178
vt 0.534617 0.935972
vt 0.952425 0.638084
vt 0.959972 0.580772
vt 0.960013 0.305340
vt 0.952465 0.362652
vt 0.952425 0.304041
vt 0.946864 0.145899
vt 0.946876 0.083035
vt 0.954549 0.145453
vt 0.955592 0.081898
vt 0.947919 0.019481
vt 0.033346 0.891223
vt 0.025771 0.953649
vt 0.025763 0.889901
vt 0.939206 0.220035
vt 0.946782 0.157609
vt 0.946790 0.221357
vt 0.953650 0.832525
vt 0.946055 0.894872
vt 0.945992 0.831742
vt 0.945992 0.822630
vt 0.953587 0.760283
vt 0.953650 0.823413
vt 0.968832 0.896264
vt 0.961305 0.949654
vt 0.961261 0.894872
vt 0.962184 0.210999
vt 0.969711 0.157609
vt 0.969756 0.212391
vt 0.103529 0.744445
vt 0.103305 0.817848
vt 0.095831 0.744422
vt 0.932605 0.081365
vt 0.940231 0.008360
vt 0.940261 0.082168
vt 0.097568 0.686646
vt 0.105266 0.686669
vt 0.099522 0.623906
vt 0.091825 0.623883
vt 0.105419 0.561118
vt 0.097722 0.561094
vt 0.106925 0.498348
vt 0.099228 0.498325
vt 0.968849 0.841496
vt 0.961253 0.840247
vt 0.098258 0.444419
vt 0.183673 0.744401
vt 0.183668 0.817808
vt 0.175975 0.744380
vt 0.354083 0.941219
vt 0.361714 0.868211
vt 0.361737 0.942042
vt 0.178318 0.686643
vt 0.186015 0.686663
vt 0.182531 0.623811
vt 0.174833 0.623791
vt 0.185918 0.561102
vt 0.178220 0.561082
vt 0.184844 0.498322
vt 0.177147 0.498302
vt 0.867860 0.917571
vt 0.860252 0.970965
vt 0.860201 0.916795
vt 0.179495 0.444419
vt 0.960123 0.704951
vt 0.960131 0.697237
vt 0.967820 0.704960
vt 0.967829 0.697245
vt 0.968826 0.767999
vt 0.961370 0.768008
vt 0.968814 0.760284
vt 0.961358 0.760294
vt 0.975114 0.450651
vt 0.983001 0.448800
vt 0.982985 0.484326
vt 0.770213 0.624367
vt 0.762113 0.624392
vt 0.770107 0.589781
vt 0.760791 0.656753
vt 0.768891 0.656729
vt 0.760039 0.689100
vt 0.768139 0.689075
vt 0.763238 0.721443
vt 0.771338 0.721418
vt 0.764200 0.753801
vt 0.772300 0.753776
vt 0.761216 0.786158
vt 0.769316 0.786133
vt 0.759927 0.818506
vt 0.768027 0.818482
vt 0.760411 0.854405
vt 0.159390 0.974062
vt 0.151471 0.975767
vt 0.151498 0.939042
vt 0.981223 0.951505
vt 0.989109 0.949654
vt 0.989091 0.985171
vt 0.985266 0.207764
vt 0.977379 0.209616
vt 0.977397 0.174098
vt 0.216300 0.968456
vt 0.224209 0.966702
vt 0.224153 0.999807
vt 0.998784 0.299131
vt 0.990876 0.300885
vt 0.990931 0.267780
vt 0.896525 0.966468
vt 0.904288 0.997881
vt 0.912051 0.995548
vt 0.983001 0.486299
vt 0.990858 0.484326
vt 0.990861 0.517743
vt 0.990876 0.299225
vt 0.983018 0.301197
vt 0.983016 0.267780
vt 0.938047 0.963401
vt 0.945992 0.961817
vt 0.945930 0.994828
vt 0.993073 0.137592
vt 0.985191 0.106165
vt 0.990939 0.369205
vt 0.998739 0.367016
vt 0.998707 0.400538
vt 0.998687 0.675065
vt 0.990887 0.677254
vt 0.990919 0.643732
vt 0.989109 0.951939
vt 0.996882 0.949654
vt 0.996815 0.983346
vt 0.577972 0.997715
vt 0.570200 1.000000
vt 0.570266 0.966308
vt 0.504010 0.948737
vt 0.512043 0.947693
vt 0.512038 0.983876
vt 0.552113 0.977291
vt 0.544080 0.978334
vt 0.544084 0.942152
vt 0.976490 0.844671
vt 0.984361 0.878345
vt 0.472733 0.611494
vt 0.464632 0.611519
vt 0.472627 0.576909
vt 0.466150 0.643857
vt 0.474250 0.643832
vt 0.467104 0.676221
vt 0.475204 0.676196
vt 0.464103 0.708581
vt 0.472203 0.708556
vt 0.463335 0.740920
vt 0.471435 0.740895
vt 0.466519 0.773271
vt 0.474619 0.773246
vt 0.468009 0.805631
vt 0.476109 0.805607
vt 0.467738 0.841481
vt 0.983001 0.519316
vt 0.975213 0.484326
vt 0.975332 0.605708
vt 0.983218 0.603857
vt 0.983202 0.639383
vt 0.744934 0.624366
vt 0.736834 0.624416
vt 0.744722 0.589781
vt 0.744227 0.656712
vt 0.737897 0.689096
vt 0.745997 0.689047
vt 0.738089 0.721472
vt 0.746189 0.721422
vt 0.736672 0.753840
vt 0.744772 0.753790
vt 0.737827 0.786161
vt 0.745927 0.786112
vt 0.739454 0.818493
vt 0.747554 0.818443
vt 0.736216 0.854398
vt 0.925293 0.970797
vt 0.917579 0.973272
vt 0.917668 0.935565
vt 0.939230 0.146169
vt 0.947084 0.146192
vt 0.939206 0.154287
vt 0.947060 0.154310
vt 0.769793 0.097065
vt 0.769789 0.077738
vt 0.779115 0.089868
vt 0.760464 0.084936
vt 0.833446 0.241077
vt 0.833426 0.226143
vt 0.841172 0.232164
vt 0.854522 0.081075
vt 0.854542 0.096009
vt 0.847831 0.090792
vt 0.788440 0.097065
vt 0.788476 0.077752
vt 0.797764 0.089910
vt 0.788440 0.077752
vt 0.788404 0.097065
vt 0.779115 0.084908
vt 0.845723 0.695135
vt 0.845702 0.680201
vt 0.853448 0.686222
vt 0.832317 0.078300
vt 0.832338 0.093234
vt 0.825626 0.088017
vt 0.805566 0.240800
vt 0.814732 0.233404
vt 0.806930 0.078286
vt 0.806911 0.097065
vt 0.797764 0.085683
vt 0.840105 0.096009
vt 0.840085 0.081074
vt 0.847831 0.087095
vt 0.847863 0.226143
vt 0.847884 0.241077
vt 0.841172 0.235861
vt 0.806931 0.097065
vt 0.806930 0.078300
vt 0.816077 0.089682
vt 0.823878 0.222021
vt 0.823879 0.240787
vt 0.814732 0.229404
vt 0.832359 0.096009
vt 0.832338 0.081075
vt 0.840085 0.087095
vt 0.611973 0.736563
vt 0.620756 0.748627
vt 0.612266 0.748366
vt 0.924950 0.223967
vt 0.929965 0.238432
vt 0.641165 0.790755
vt 0.641158 0.806963
vt 0.636143 0.792499
vt 0.560117 0.939196
vt 0.562502 0.931395
vt 0.565896 0.939198
vt 0.491234 0.593204
vt 0.491236 0.601363
vt 0.488717 0.598418
vt 0.929965 0.240175
vt 0.930001 0.223987
vt 0.934927 0.238482
vt 0.939888 0.223987
vt 0.939852 0.240175
vt 0.934927 0.225681
vt 0.827266 0.096009
vt 0.491234 0.576887
vt 0.491236 0.585046
vt 0.488717 0.582101
vt 0.939891 0.239539
vt 0.944885 0.237718
vt 0.945256 0.003483
vt 0.945258 0.019034
vt 0.940261 0.005304
vt 0.362519 0.928161
vt 0.364904 0.920360
vt 0.368298 0.928163
vt 0.488717 0.590260
vt 0.458278 0.954597
vt 0.458301 0.939066
vt 0.463213 0.952827
vt 0.950193 0.003504
vt 0.950171 0.019034
vt 0.945258 0.005274
vt 0.618283 0.753862
vt 0.614415 0.753743
vt 0.786759 0.794018
vt 0.786572 0.695117
vt 0.800225 0.700251
vt 0.650147 0.142199
vt 0.624539 0.210600
vt 0.436639 0.482176
vt 0.476109 0.568255
vt 0.436521 0.576909
vt 0.821029 0.171211
vt 0.820951 0.096566
vt 0.835908 0.099692
vt 0.624421 0.241101
vt 0.593958 0.172986
vt 0.624539 0.146368
vt 0.868527 0.837806
vt 0.872621 0.910852
vt 0.868751 0.910864
vt 0.872397 0.837794
vt 0.772540 0.794245
vt 0.772300 0.695117
vt 0.786572 0.700584
vt 0.650088 0.000000
vt 0.650025 0.099129
vt 0.623860 0.068145
vt 0.476232 0.576887
vt 0.476109 0.482176
vt 0.515697 0.490830
vt 0.850208 0.171053
vt 0.850123 0.096566
vt 0.864426 0.099417
vt 0.623737 0.094711
vt 0.593958 0.026465
vt 0.623860 0.000000
vt 0.616047 0.826883
vt 0.612179 0.826764
vt 0.816123 0.078300
vt 0.825581 0.093641
vt 0.816077 0.093612
vt 0.825627 0.078328
vt 0.755337 0.850865
vt 0.758968 0.891485
vt 0.755216 0.891474
vt 0.759089 0.850877
vt 0.823922 0.226143
vt 0.833382 0.240787
vt 0.823879 0.240758
vt 0.833426 0.226172
vt 0.608087 0.772180
vt 0.611957 0.736563
vt 0.611956 0.772179
vt 0.608087 0.736564
vt 0.608103 0.807100
vt 0.611973 0.807099
vt 0.888869 0.374861
vt 0.890760 0.241101
vt 0.896534 0.375645
vt 0.174716 0.579895
vt 0.167150 0.713067
vt 0.167146 0.578399
vt 0.886120 0.509614
vt 0.878433 0.509187
vt 0.873070 0.600926
vt 0.880767 0.600965
vt 0.877339 0.692736
vt 0.885030 0.692387
vt 0.883482 0.784249
vt 0.891152 0.783512
vt 0.880742 0.934362
vt 0.888369 0.858867
vt 0.888450 0.934654
vt 0.896719 0.858867
vt 0.867868 0.695583
vt 0.860454 0.828756
vt 0.860409 0.695135
vt 0.051145 0.858434
vt 0.058561 0.725259
vt 0.058605 0.858880
vt 0.635905 0.730999
vt 0.642990 0.597113
vt 0.643347 0.731676
vt 0.546613 0.616631
vt 0.539529 0.750516
vt 0.539172 0.615952
vt 0.886775 0.079943
vt 0.879499 0.171053
vt 0.879315 0.079514
vt 0.871855 0.170626
vt 0.879131 0.079514
vt 0.879315 0.171053
vt 0.871855 0.079927
vt 0.864454 0.171053
vt 0.864426 0.079130
vt 0.664137 0.831527
vt 0.671539 0.740399
vt 0.671567 0.832322
vt 0.894236 0.080204
vt 0.886795 0.171053
vt 0.886775 0.079794
vt 0.025763 0.889493
vt 0.033203 0.798642
vt 0.033223 0.889901
vt 0.043051 0.872754
vt 0.035774 0.947739
vt 0.035625 0.871931
vt 0.772357 0.943987
vt 0.779634 0.869001
vt 0.779783 0.944809
vt 0.916702 0.725441
vt 0.916504 0.858831
vt 0.909024 0.726107
vt 0.538967 0.615952
vt 0.539133 0.482176
vt 0.546613 0.614900
vt 0.900615 0.591639
vt 0.908309 0.591330
vt 0.904416 0.499900
vt 0.896719 0.499820
vt 0.910035 0.408557
vt 0.902349 0.408089
vt 0.917579 0.317533
vt 0.909919 0.316678
vt 0.058605 0.859936
vt 0.053066 0.935288
vt 0.050963 0.858880
vt 0.916645 0.241101
vt 0.920583 0.374869
vt 0.920928 0.241101
vt 0.928281 0.374879
vt 0.174833 0.444833
vt 0.167530 0.578399
vt 0.167146 0.444419
vt 0.925493 0.509222
vt 0.917796 0.509213
vt 0.921126 0.600991
vt 0.928823 0.600997
vt 0.917579 0.692771
vt 0.925277 0.692775
vt 0.918499 0.784273
vt 0.926197 0.784276
vt 0.917579 0.935564
vt 0.920040 0.859919
vt 0.925276 0.935565
vt 0.923735 0.859919
vt 0.945998 0.824020
vt 0.953625 0.824027
vt 0.953618 0.831742
vt 0.940243 0.000646
vt 0.932613 0.000633
vt 0.932605 0.008348
vt 0.202556 0.524566
vt 0.203045 0.444419
vt 0.210254 0.524613
vt 0.755216 0.851598
vt 0.747623 0.931384
vt 0.747554 0.850865
vt 0.211363 0.598370
vt 0.203666 0.598323
vt 0.200025 0.678446
vt 0.207722 0.678493
vt 0.202442 0.758604
vt 0.210139 0.758651
vt 0.203274 0.838768
vt 0.210971 0.838815
vt 0.725195 0.930681
vt 0.732726 0.850872
vt 0.732875 0.931201
vt 0.208338 0.918936
vt 0.697823 0.855138
vt 0.690260 0.932473
vt 0.690160 0.854405
vt 0.161446 0.932192
vt 0.169008 0.854857
vt 0.169109 0.932924
vt 0.043051 0.943424
vt 0.050571 0.871931
vt 0.050716 0.944134
vt 0.072812 0.872659
vt 0.065292 0.944152
vt 0.065147 0.871950
vt 0.896719 0.859505
vt 0.889105 0.936062
vt 0.889048 0.858867
vt 0.873070 0.935424
vt 0.880684 0.858867
vt 0.880742 0.936062
vt 0.326115 0.855010
vt 0.318628 0.933169
vt 0.318501 0.853878
vt 0.374197 0.932179
vt 0.381684 0.854019
vt 0.381811 0.933311
vt 0.747554 0.855036
vt 0.739903 0.932705
vt 0.711001 0.932067
vt 0.718652 0.854398
vt 0.718672 0.932705
vt 0.932605 0.005326
vt 0.925188 0.082168
vt 0.924968 0.004358
vt 0.674862 0.935047
vt 0.682278 0.858204
vt 0.682499 0.936014
vt 0.295677 0.832878
vt 0.295435 0.913025
vt 0.287979 0.832854
vt 0.642068 0.929573
vt 0.649659 0.849787
vt 0.649731 0.930306
vt 0.289751 0.759112
vt 0.297449 0.759136
vt 0.294523 0.678984
vt 0.286825 0.678961
vt 0.297733 0.598845
vt 0.290035 0.598821
vt 0.299281 0.518695
vt 0.291584 0.518671
vt 0.022649 0.844745
vt 0.015200 0.924565
vt 0.015006 0.843824
vt 0.289718 0.438525
vt 0.117324 0.838717
vt 0.117787 0.918864
vt 0.109626 0.838753
vt 0.917270 0.082157
vt 0.917298 0.002008
vt 0.924968 0.082168
vt 0.108452 0.765006
vt 0.116150 0.764970
vt 0.114623 0.684831
vt 0.106925 0.684867
vt 0.118396 0.604677
vt 0.110698 0.604713
vt 0.116920 0.524523
vt 0.109223 0.524559
vt 0.316255 0.934012
vt 0.310803 0.853890
vt 0.111223 0.444419
vt 0.952435 0.457010
vt 0.952425 0.464724
vt 0.960122 0.464735
vt 0.965597 0.003504
vt 0.965606 0.011219
vt 0.957901 0.003515
vt 0.957911 0.011229
vt 0.261542 0.870067
vt 0.261025 0.957767
vt 0.253844 0.870021
vt 0.894236 0.171031
vt 0.894484 0.083330
vt 0.901933 0.171053
vt 0.252763 0.789316
vt 0.260461 0.789362
vt 0.264135 0.701688
vt 0.256437 0.701642
vt 0.261726 0.613966
vt 0.254028 0.613920
vt 0.260926 0.526251
vt 0.253228 0.526206
vt 0.219047 0.819824
vt 0.211573 0.907225
vt 0.211363 0.819353
vt 0.255877 0.438525
vt 0.428851 0.904418
vt 0.436269 0.817031
vt 0.436521 0.905070
vt 0.523367 0.814930
vt 0.515949 0.902317
vt 0.515697 0.814278
vt 0.909603 0.002659
vt 0.902044 0.083011
vt 0.901933 0.002007
vt 0.894236 0.082678
vt 0.901795 0.002326
vt 0.901906 0.083330
vt 0.417595 0.907770
vt 0.425027 0.820386
vt 0.425272 0.908328
vt 0.581229 0.821003
vt 0.573796 0.908388
vt 0.573551 0.820445
vt 0.091825 0.905324
vt 0.099290 0.817848
vt 0.099453 0.906352
vt 0.154894 0.820501
vt 0.147428 0.907976
vt 0.147265 0.819472
vt 0.186015 0.905201
vt 0.193630 0.817811
vt 0.182508 0.818389
vt 0.174893 0.905779
vt 0.174833 0.817808
vt 0.584884 0.908391
vt 0.592272 0.820990
vt 0.413952 0.821764
vt 0.406563 0.909165
vt 0.406303 0.820900
vt 0.302953 0.526225
vt 0.303324 0.438525
vt 0.310407 0.526248
vt 0.106925 0.818466
vt 0.099582 0.905858
vt 0.099497 0.817848
vt 0.308373 0.606939
vt 0.300919 0.606917
vt 0.303349 0.694619
vt 0.310803 0.694641
vt 0.301177 0.782319
vt 0.308631 0.782341
vt 0.299281 0.870022
vt 0.306735 0.870044
vt 0.219055 0.906775
vt 0.226416 0.819353
vt 0.309034 0.957746
vt 0.938706 0.672581
vt 0.938882 0.760283
vt 0.931011 0.672595
vt 0.837367 0.929181
vt 0.844967 0.841810
vt 0.930137 0.591894
vt 0.937832 0.591880
vt 0.936518 0.504182
vt 0.928823 0.504196
vt 0.940644 0.416488
vt 0.932949 0.416502
vt 0.939486 0.328776
vt 0.931792 0.328789
vt 0.815610 0.843036
vt 0.808012 0.930422
vt 0.807929 0.842577
vt 0.934028 0.241101
vt 0.961347 0.768008
vt 0.953660 0.760283
vt 0.953650 0.767998
vt 0.957891 0.003504
vt 0.957901 0.011219
vt 0.950193 0.003514
vt 0.950204 0.011229
vt 0.579815 0.758130
vt 0.570987 0.820445
vt 0.572118 0.758174
vt 0.952612 0.241101
vt 0.960043 0.302936
vt 0.581088 0.706509
vt 0.573390 0.706552
vt 0.577623 0.650439
vt 0.569925 0.650481
vt 0.580220 0.594345
vt 0.572522 0.594388
vt 0.581229 0.538240
vt 0.573531 0.538283
vt 0.234159 0.912974
vt 0.228572 0.969048
vt 0.226461 0.912970
vt 0.578774 0.482176
vt 0.960027 0.521610
vt 0.961253 0.836788
vt 0.953650 0.837997
vt 0.609779 0.933044
vt 0.609703 0.981178
vt 0.602152 0.934089
vt 0.161446 0.981059
vt 0.161521 0.932924
vt 0.169073 0.980014
vt 0.346403 0.982362
vt 0.346458 0.932156
vt 0.354042 0.981411
vt 0.697823 0.932473
vt 0.697768 0.982678
vt 0.690184 0.933424
vt 0.967767 0.367016
vt 0.975193 0.418954
vt 0.975146 0.522819
vt 0.975052 0.576408
vt 0.967626 0.524470
vt 0.968866 0.827757
vt 0.968905 0.775706
vt 0.976508 0.826829
vt 0.977242 0.087124
vt 0.977203 0.139175
vt 0.969600 0.088052
vt 0.822763 0.981274
vt 0.822823 0.930094
vt 0.830321 0.979809
vt 0.649671 0.981485
vt 0.642173 0.931771
vt 0.416167 0.544419
vt 0.422724 0.482176
vt 0.423865 0.544463
vt 0.960123 0.697999
vt 0.953946 0.760281
vt 0.952425 0.698002
vt 0.417430 0.596024
vt 0.425127 0.596068
vt 0.413952 0.652075
vt 0.421649 0.652118
vt 0.416578 0.708213
vt 0.424275 0.708257
vt 0.417574 0.764298
vt 0.425272 0.764342
vt 0.953677 0.951829
vt 0.953755 0.894872
vt 0.961261 0.950507
vt 0.415135 0.820386
vt 0.478574 0.633883
vt 0.484808 0.576887
vt 0.486272 0.633866
vt 0.178192 0.905782
vt 0.178089 0.963119
vt 0.170541 0.906626
vt 0.477521 0.681253
vt 0.485218 0.681235
vt 0.476109 0.730662
vt 0.483807 0.730645
vt 0.480016 0.782658
vt 0.487714 0.782640
vt 0.478670 0.833984
vt 0.486367 0.833966
vt 0.747554 0.981551
vt 0.755202 0.980683
vt 0.480789 0.883820
vt 0.815728 0.943516
vt 0.822670 0.943508
vt 0.967683 0.447645
vt 0.967677 0.455360
vt 0.960138 0.447636

vn -0.802177 0.000000 0.597086
vn -0.597082 -0.000001 -0.802180
vn 0.802179 -0.000001 -0.597084
vn 0.597080 0.000001 0.802182
vn -0.597082 -0.000017 -0.802180
vn -0.000001 -1.000000 0.000000
vn 0.000001 1.000000 0.000001
vn 0.597083 0.000020 0.802179
vn -0.597085 0.000008 -0.802178
vn 0.597083 -0.000008 0.802180
vn 0.729639 0.000005 -0.683833
vn 0.735800 0.000000 -0.677199
vn -0.662226 0.000000 0.749304
vn -0.898065 0.000009 0.439863
vn -0.898064 0.000000 0.439865
vn -0.786939 -0.000006 0.617030
vn 0.597104 -0.000002 0.802164
vn -0.802164 0.000000 0.597103
vn 0.597095 -0.000003 0.802170
vn 0.597088 -0.000016 0.802175
vn -0.597088 0.000016 -0.802175
vn -0.597078 -0.000029 -0.802183
vn -0.729644 0.000000 0.683827
vn -0.735802 -0.000014 0.677197
vn -0.735804 0.000000 0.677195
vn 0.802180 0.000016 -0.597082
vn 0.662231 0.000000 -0.749300
vn 0.662229 -0.000015 -0.749302
vn 0.898063 0.000009 -0.439868
vn 0.786940 0.000000 -0.617030
vn 0.802169 0.000000 -0.597097
vn 0.597073 0.000000 0.802187
vn 0.839286 -0.066569 -0.539599
vn 0.808155 -0.020318 -0.588619
vn 0.829902 -0.078608 -0.552343
vn 0.837698 -0.090476 -0.538587
vn 0.738086 -0.080680 -0.669866
vn 0.733600 -0.075172 -0.675411
vn 0.725220 -0.070183 -0.684931
vn 0.737332 -0.092101 -0.669222
vn 0.788427 -0.048296 -0.613229
vn 0.810215 -0.090116 -0.579163
vn 0.752209 -0.030145 -0.658234
vn 0.787151 -0.074583 -0.612235
vn 0.767630 -0.029995 -0.640191
vn 0.731942 0.012226 -0.681257
vn 0.818039 -0.047601 -0.573189
vn 0.768117 0.016704 -0.640092
vn 0.809399 0.027958 -0.586594
vn 0.816780 0.017029 -0.576698
vn 0.816495 0.003829 -0.577340
vn 0.809696 0.012690 -0.586712
vn 0.798154 0.004010 -0.602439
vn 0.793590 0.009837 -0.608374
vn 0.811310 0.027927 -0.583949
vn 0.797142 0.051053 -0.601630
vn 0.824052 -0.010690 -0.566413
vn 0.790685 0.051272 -0.610072
vn 0.832286 -0.004538 -0.554329
vn 0.824054 0.009196 -0.566437
vn 0.835830 -0.004602 -0.548968
vn 0.849576 -0.030120 -0.526606
vn 0.761713 -0.008891 -0.647854
vn 0.829395 -0.125046 -0.544488
vn 0.828935 -0.052510 -0.556875
vn 0.831202 -0.055841 -0.553159
vn 0.839931 -0.024822 -0.542125
vn 0.830162 -0.010644 -0.557420
vn 0.737088 -0.025463 -0.675317
vn 0.749546 -0.040555 -0.660709
vn 0.734678 -0.053808 -0.676279
vn 0.736042 -0.055457 -0.674661
vn 0.719662 -0.017700 -0.694099
vn 0.751338 -0.055394 -0.657589
vn 0.693535 -0.011362 -0.720333
vn 0.719076 -0.040527 -0.693749
vn 0.705723 -0.011336 -0.708397
vn 0.686415 0.009774 -0.727144
vn 0.731713 -0.017635 -0.681385
vn 0.705859 0.011422 -0.708260
vn 0.840661 -0.021073 -0.541152
vn 0.816435 0.012063 -0.577311
vn 0.868443 -0.030083 -0.494875
vn 0.840839 0.010930 -0.541174
vn 0.802818 -0.031228 -0.595406
vn 0.817356 -0.050922 -0.573878
vn 0.793417 -0.020967 -0.608317
vn 0.802761 -0.033266 -0.595372
vn 0.831067 -0.032115 -0.555244
vn 0.831844 -0.033484 -0.553998
vn 0.826712 -0.044099 -0.560894
vn 0.830427 -0.050642 -0.554821
vn 0.845761 -0.043705 -0.531769
vn 0.836125 -0.025550 -0.547944
vn 0.849524 -0.032162 -0.526568
vn 0.846269 -0.025901 -0.532126
vn 0.865955 0.003219 -0.500111
vn 0.839863 0.042191 -0.541157
vn 0.888887 0.007475 -0.458065
vn 0.865462 0.046326 -0.498829
vn 0.778198 0.009091 -0.627953
vn 0.803761 -0.025392 -0.594410
vn 0.750501 0.003542 -0.660860
vn 0.777457 -0.030061 -0.628217
vn 0.675905 -0.010319 -0.736917
vn 0.693141 -0.029616 -0.720194
vn 0.662319 -0.008935 -0.749169
vn 0.675598 -0.024059 -0.736877
vn 0.669843 -0.008973 -0.742448
vn 0.656924 0.005221 -0.753939
vn 0.686279 -0.010336 -0.727265
vn 0.669981 0.007288 -0.742343
vn 0.889823 -0.024631 -0.455640
vn 0.868923 0.009566 -0.494855
vn 0.905326 -0.019485 -0.424271
vn 0.890228 0.008211 -0.455441
vn 0.831779 -0.024567 -0.554563
vn 0.841165 -0.038137 -0.539433
vn 0.818160 -0.028152 -0.574300
vn 0.831064 -0.045951 -0.554275
vn 0.824541 -0.042702 -0.564188
vn 0.826630 -0.046237 -0.560844
vn 0.819254 -0.030710 -0.572607
vn 0.824654 -0.039619 -0.564248
vn 0.827902 -0.030125 -0.560063
vn 0.815465 -0.009239 -0.578733
vn 0.835657 -0.042133 -0.547634
vn 0.827948 -0.028301 -0.560090
vn 0.898705 -0.008262 -0.438476
vn 0.888881 0.010075 -0.458028
vn 0.900912 -0.015403 -0.433729
vn 0.898723 -0.012263 -0.438344
vn 0.817717 -0.012445 -0.575486
vn 0.825574 -0.022691 -0.563838
vn 0.804172 -0.005971 -0.594367
vn 0.817549 -0.025851 -0.575278
vn 0.648570 -0.007284 -0.761120
vn 0.661856 -0.023305 -0.749269
vn 0.635839 -0.005847 -0.771800
vn 0.647936 -0.018738 -0.761464
vn 0.646684 -0.005965 -0.762734
vn 0.642529 -0.000878 -0.766261
vn 0.656697 -0.007349 -0.754119
vn 0.647101 0.003717 -0.762395
vn 0.916392 -0.015590 -0.399978
vn 0.905588 0.006661 -0.424107
vn 0.923269 -0.012256 -0.383958
vn 0.916488 0.001535 -0.400060
vn 0.846645 -0.017652 -0.531865
vn 0.851107 -0.023704 -0.524457
vn 0.841613 -0.021185 -0.539666
vn 0.846520 -0.028711 -0.531582
vn 0.806093 -0.009841 -0.591708
vn 0.819235 -0.031310 -0.572603
vn 0.790730 -0.000346 -0.612164
vn 0.805397 -0.028879 -0.592032
vn 0.791600 -0.000240 -0.611040
vn 0.768867 0.031886 -0.638614
vn 0.815466 -0.009179 -0.578733
vn 0.792247 0.027136 -0.609596
vn -0.852275 -0.103201 0.512812
vn -0.810745 -0.037838 0.584176
vn -0.839394 -0.113254 0.531594
vn -0.849562 -0.130110 0.511190
vn -0.702248 -0.115800 0.702451
vn -0.695287 -0.107402 0.710662
vn -0.689614 -0.107813 0.716107
vn -0.701283 -0.126739 0.701527
vn -0.779510 -0.062198 0.623294
vn -0.816710 -0.124489 0.563461
vn -0.723874 -0.040954 0.688715
vn -0.776524 -0.107180 0.620905
vn -0.747918 -0.040780 0.662537
vn -0.692023 0.022627 0.721521
vn -0.817887 -0.061363 0.572097
vn -0.748651 0.026233 0.662445
vn -0.809898 0.048111 0.584594
vn -0.823853 0.027049 0.566157
vn -0.819094 0.012854 0.573515
vn -0.810682 0.023752 0.585005
vn -0.793468 0.013024 0.608473
vn -0.784396 0.024297 0.619785
vn -0.820466 0.047986 0.569678
vn -0.788689 0.110861 0.604714
vn -0.831348 -0.002039 0.555748
vn -0.777524 0.111187 0.618946
vn -0.840693 0.007478 0.541460
vn -0.831107 0.023526 0.555615
vn -0.847877 0.007388 0.530142
vn -0.864655 -0.024720 0.501758
vn -0.740663 -0.000287 0.671877
vn -0.836404 -0.165241 0.522612
vn -0.841341 -0.067069 0.536327
vn -0.842836 -0.069388 0.533679
vn -0.860570 -0.018173 0.509008
vn -0.843437 0.007676 0.537173
vn -0.703271 -0.019143 0.710664
vn -0.725440 -0.044929 0.686817
vn -0.697799 -0.068700 0.712992
vn -0.701256 -0.072751 0.709188
vn -0.674687 -0.018061 0.737883
vn -0.722482 -0.072814 0.687545
vn -0.636762 -0.004311 0.771049
vn -0.673991 -0.044679 0.737387
vn -0.651732 -0.004273 0.758438
vn -0.622821 0.025406 0.781952
vn -0.691845 -0.017994 0.721822
vn -0.651723 0.024601 0.758058
vn -0.853163 -0.021673 0.521193
vn -0.818874 0.026034 0.573382
vn -0.891181 -0.032767 0.452464
vn -0.853105 0.027419 0.521019
vn -0.796812 -0.034423 0.603247
vn -0.817077 -0.062025 0.573183
vn -0.784389 -0.021583 0.619894
vn -0.796713 -0.037627 0.603185
vn -0.836925 -0.032070 0.546376
vn -0.840138 -0.037891 0.541047
vn -0.828547 -0.048575 0.557809
vn -0.835761 -0.061646 0.545622
vn -0.856376 -0.048059 0.514112
vn -0.839688 -0.015759 0.542840
vn -0.864484 -0.032062 0.501637
vn -0.857207 -0.017463 0.514676
vn -0.898794 0.030778 0.437290
vn -0.857444 0.095510 0.505636
vn -0.930574 0.044073 0.363442
vn -0.894372 0.110853 0.433370
vn -0.772502 0.048074 0.633189
vn -0.816805 -0.010529 0.576818
vn -0.726426 0.031622 0.686517
vn -0.772407 -0.023438 0.634695
vn -0.613456 0.001682 0.789727
vn -0.636462 -0.022610 0.770977
vn -0.597739 0.008061 0.801650
vn -0.613319 -0.008603 0.789788
vn -0.599810 0.008058 0.800102
vn -0.582941 0.025398 0.812118
vn -0.622856 0.001684 0.782335
vn -0.599782 0.025063 0.799770
vn -0.919151 -0.022830 0.393244
vn -0.891481 0.028138 0.452183
vn -0.938543 -0.013640 0.344892
vn -0.919232 0.028654 0.392671
vn -0.837655 -0.020423 0.545817
vn -0.850874 -0.040119 0.523836
vn -0.818438 -0.027728 0.573925
vn -0.836516 -0.053131 0.545361
vn -0.823451 -0.045237 0.565582
vn -0.828327 -0.053620 0.557674
vn -0.813669 -0.026023 0.580745
vn -0.823564 -0.042326 0.565643
vn -0.824318 -0.025476 0.565553
vn -0.801696 0.011495 0.597621
vn -0.838961 -0.044583 0.542362
vn -0.824452 -0.018422 0.565632
vn -0.946564 0.028362 0.321267
vn -0.929452 0.067490 0.362716
vn -0.956434 0.025334 0.290847
vn -0.945740 0.046543 0.321573
vn -0.842269 0.032494 0.538077
vn -0.862301 0.004983 0.506372
vn -0.816750 0.033784 0.576002
vn -0.842814 -0.005481 0.538178
vn -0.582869 0.014682 0.812433
vn -0.597533 -0.001875 0.801842
vn -0.572363 0.020807 0.819736
vn -0.582695 0.010514 0.812623
vn -0.571745 0.020809 0.820168
vn -0.569584 0.023274 0.821604
vn -0.571920 0.026473 0.819882
vn -0.951942 -0.006628 0.306206
vn -0.938387 0.028653 0.344396
vn -0.960504 -0.000533 0.278266
vn -0.951680 0.023554 0.306188
vn -0.858679 -0.006478 0.512473
vn -0.865569 -0.016231 0.500526
vn -0.851518 -0.013601 0.524148
vn -0.858579 -0.024824 0.512080
vn -0.791514 0.006613 0.611116
vn -0.813596 -0.028461 0.580733
vn -0.765486 0.022959 0.643043
vn -0.790668 -0.023255 0.611804
vn -0.760290 0.022472 0.649195
vn -0.717814 0.077054 0.691958
vn -0.801687 0.007107 0.597701
vn -0.760400 0.067333 0.645955
vn -0.383843 0.829080 -0.406559
vn -0.383222 0.820935 -0.423328
vn -0.198234 0.970626 -0.136339
vn -0.204055 0.967863 -0.146977
vn -0.186399 0.971664 -0.145343
vn -0.179359 0.974803 -0.132626
vn -0.371788 0.829856 -0.416068
vn -0.371972 0.833060 -0.409448
vn -0.371682 0.821405 -0.432604
vn -0.372419 0.833034 -0.409095
vn -0.171191 0.973200 -0.153543
vn -0.165402 0.975776 -0.143188
vn -0.153478 0.973960 -0.166875
vn -0.155347 0.973091 -0.170180
vn -0.360365 0.821807 -0.441328
vn -0.360043 0.816959 -0.450496
vn -0.309917 0.821824 -0.478076
vn -0.286337 0.833935 -0.471767
vn -0.332861 0.817055 -0.470771
vn -0.323490 0.822221 -0.468303
vn -0.121203 0.974030 -0.191247
vn -0.123628 0.973224 -0.193781
vn -0.090825 0.976508 -0.195406
vn -0.101088 0.973310 -0.206031
vn -0.270979 0.830231 -0.487122
vn -0.283635 0.824191 -0.490163
vn -0.282928 0.833742 -0.474157
vn -0.287746 0.831344 -0.475467
vn -0.076711 0.974139 -0.212529
vn -0.072826 0.975299 -0.208540
vn -0.060317 0.972602 -0.224517
vn -0.060255 0.972620 -0.224455
vn 0.256048 0.864620 0.432286
vn 0.257949 0.864175 0.432046
vn 0.283501 0.857161 0.430004
vn 0.254165 0.864519 0.433598
vn 0.217118 0.913530 0.343981
vn 0.245987 0.906786 0.342389
vn 0.181080 0.923746 0.337495
vn 0.231248 0.913851 0.333767
vn 0.273719 0.859254 0.432159
vn 0.285889 0.856140 0.430454
vn 0.239074 0.862973 0.445108
vn 0.258867 0.858531 0.442620
vn 0.128520 0.942733 0.307794
vn 0.230543 0.925111 0.301696
vn 0.151899 0.949378 0.274971
vn 0.176130 0.945537 0.273747
vn 0.331089 0.860287 0.387669
vn 0.324538 0.856269 0.401843
vn 0.209473 0.946319 0.246173
vn 0.216239 0.949528 0.227240
vn 0.255029 0.943615 0.211070
vn 0.220483 0.926411 0.305205
vn 0.346045 0.859579 0.376000
vn 0.354832 0.864422 0.356187
vn 0.341525 0.865462 0.366518
vn 0.341334 0.865354 0.366952
vn 0.252699 0.914706 0.315368
vn 0.271475 0.924873 0.266291
vn 0.272462 0.914129 0.300221
vn 0.260399 0.907451 0.329735
vn 0.349713 0.864931 0.359993
vn 0.336089 0.857522 0.389487
vn -0.582831 0.218065 -0.782787
vn -0.582677 0.218746 -0.782712
vn -0.582724 0.218018 -0.782879
vn -0.582714 0.218066 -0.782874
vn -0.168101 0.959551 -0.225842
vn -0.185946 0.954059 -0.234935
vn -0.151270 0.967606 -0.202130
vn -0.180052 0.959421 -0.217007
vn -0.588440 0.184143 -0.787293
vn -0.589266 0.180243 -0.787578
vn -0.582102 0.218747 -0.783140
vn -0.589639 0.184118 -0.786401
vn -0.105730 0.983479 -0.146936
vn -0.175630 0.967109 -0.183996
vn -0.117272 0.983168 -0.140102
vn -0.115866 0.983441 -0.139350
vn -0.585003 0.194526 -0.787357
vn -0.579327 0.218754 -0.785192
vn -0.586830 0.180244 -0.789394
vn -0.583559 0.194526 -0.788428
vn -0.100066 0.985103 -0.139853
vn -0.110277 0.983221 -0.145310
vn -0.145887 0.968249 -0.203006
vn -0.069055 0.984243 -0.162779
vn -0.582718 0.218041 -0.782878
vn -0.582721 0.218028 -0.782880
vn -0.582504 0.218758 -0.782838
vn -0.582667 0.218041 -0.782916
vn -0.166790 0.959936 -0.225174
vn -0.136753 0.968134 -0.209800
vn -0.179254 0.953871 -0.240828
vn -0.159071 0.959876 -0.230944
vn 0.710865 -0.289473 0.640996
vn 0.585301 0.197254 0.786456
vn 0.502957 0.042694 0.863256
vn 0.570543 -0.294852 0.766514
vn 0.503246 -0.025991 0.863752
vn 0.499338 -0.008853 0.866362
vn 0.734893 0.144262 0.662662
vn 0.793380 -0.024341 0.608239
vn 0.650489 -0.142708 0.745988
vn 0.596698 0.039806 0.801478
vn 0.470370 0.195518 0.860537
vn 0.590622 -0.143154 0.794149
vn 0.473706 -0.208115 0.855740
vn 0.372184 0.142820 0.917105
vn 0.629108 0.271004 0.728547
vn 0.793800 -0.200261 0.574262
vn 0.647030 -0.150663 0.747430
vn 0.597190 0.042836 0.800955
vn 0.534716 0.039706 0.844098
vn 0.593195 -0.151057 0.790760
vn 0.520918 -0.209173 0.827581
vn 0.382277 0.264950 0.885249
vn 0.635006 0.265890 0.725307
vn 0.792283 -0.200755 0.576181
vn 0.689182 -0.147502 0.709416
vn 0.585369 0.197109 0.786442
vn 0.534302 0.042680 0.844216
vn 0.590413 -0.148676 0.793289
vn 0.523410 -0.205192 0.827006
vn 0.380391 0.259700 0.887614
vn 0.689423 0.145171 0.709663
vn 0.779324 -0.198562 0.594330
vn -0.504962 -0.044143 -0.862012
vn -0.459473 0.138481 -0.877330
vn -0.693846 0.095190 -0.713804
vn -0.728491 -0.043643 -0.683664
vn -0.690254 -0.138913 -0.710108
vn -0.578233 0.249285 -0.776855
vn -0.496532 0.187069 -0.847621
vn -0.591154 -0.140202 -0.794280
vn -0.504780 -0.037185 -0.862447
vn -0.453866 0.141806 -0.879714
vn -0.676123 0.139171 -0.723525
vn -0.728087 -0.036803 -0.684496
vn -0.673182 -0.141834 -0.725748
vn -0.589251 0.188078 -0.785754
vn -0.498006 0.191410 -0.845785
vn -0.589422 -0.142688 -0.795124
vn -0.505512 -0.045271 -0.861631
vn -0.458830 0.138332 -0.877689
vn -0.673291 0.142823 -0.725452
vn -0.730361 -0.044815 -0.681589
vn -0.675735 -0.141835 -0.723370
vn -0.583824 0.192465 -0.788737
vn -0.494508 0.186886 -0.848844
vn -0.593116 -0.142692 -0.792371
vn -0.486503 -0.037216 -0.872886
vn -0.453064 0.082753 -0.887629
vn -0.674841 0.139302 -0.724697
vn -0.728589 -0.037001 -0.683951
vn -0.674829 -0.139427 -0.724684
vn -0.586384 0.188076 -0.787896
vn -0.471743 0.247100 -0.846404
vn -0.591188 -0.140200 -0.794255
vn -0.275592 0.908767 -0.313355
vn -0.264555 0.901942 -0.341337
vn -0.350181 0.858414 -0.374831
vn -0.338277 0.851288 -0.401095
vn -0.346503 0.858647 -0.377706
vn -0.346063 0.858389 -0.378692
vn -0.259709 0.909245 -0.325306
vn -0.277406 0.919427 -0.278749
vn -0.276321 0.930702 -0.239669
vn -0.256317 0.920515 -0.294881
vn -0.354736 0.852827 -0.383208
vn -0.362490 0.857234 -0.365719
vn -0.340048 0.853588 -0.394659
vn -0.334959 0.850387 -0.405764
vn -0.221296 0.933607 -0.281791
vn -0.234029 0.940585 -0.246027
vn -0.154496 0.928964 -0.336388
vn -0.199750 0.921209 -0.333877
vn -0.171212 0.940734 -0.292755
vn -0.218122 0.931740 -0.290316
vn -0.282278 0.854490 -0.436081
vn -0.297060 0.850520 -0.434018
vn -0.246215 0.858513 -0.449816
vn -0.266546 0.853764 -0.447258
vn -0.216092 0.909171 -0.355968
vn -0.250404 0.901622 -0.352670
vn -0.184105 0.920327 -0.345115
vn -0.235896 0.909808 -0.341471
vn -0.259797 0.859354 -0.440472
vn -0.259557 0.859411 -0.440503
vn -0.283602 0.850662 -0.442657
vn -0.249112 0.858644 -0.447965
vn 0.077664 0.974834 0.208967
vn 0.063330 0.978975 0.193901
vn 0.080931 0.968783 0.234328
vn 0.065125 0.973795 0.217904
vn 0.279456 0.829716 0.483194
vn 0.298334 0.820111 0.488278
vn 0.284919 0.833976 0.472551
vn 0.292002 0.830395 0.474531
vn 0.105699 0.977471 0.182697
vn 0.113081 0.975136 0.190586
vn 0.077340 0.979918 0.183794
vn 0.088285 0.976743 0.195394
vn 0.306894 0.821980 0.479756
vn 0.283723 0.833913 0.473381
vn 0.327473 0.817121 0.474421
vn 0.317979 0.822338 0.471857
vn 0.166107 0.974550 0.150533
vn 0.157442 0.977412 0.140988
vn 0.144948 0.975253 0.166947
vn 0.144717 0.975330 0.166696
vn 0.350728 0.822326 0.448074
vn 0.359574 0.817121 0.450576
vn 0.358043 0.834504 0.418817
vn 0.379931 0.821356 0.425473
vn 0.181187 0.974215 0.134453
vn 0.176557 0.976146 0.126359
vn 0.372759 0.831134 0.412635
vn 0.372858 0.833790 0.407151
vn 0.388820 0.830089 0.399714
vn 0.388012 0.822137 0.416578
vn 0.197517 0.972706 0.121782
vn 0.199573 0.971817 0.125467
vn 0.122440 0.978521 0.165850
vn 0.092576 0.984464 0.149200
vn 0.134835 0.974169 0.181148
vn 0.116919 0.978500 0.169903
vn 0.541277 0.422141 0.727198
vn 0.541283 0.422124 0.727203
vn 0.540496 0.423925 0.726740
vn 0.541166 0.422141 0.727280
vn 0.112847 0.982360 0.149109
vn 0.059947 0.991036 0.119386
vn 0.104345 0.984562 0.140538
vn 0.115770 0.982347 0.146943
vn 0.537707 0.434477 0.722566
vn 0.541695 0.423923 0.725848
vn 0.537054 0.438847 0.720407
vn 0.538724 0.434475 0.721809
vn 0.108986 0.983097 0.147111
vn 0.097681 0.985209 0.140792
vn 0.077881 0.991300 0.106109
vn 0.126834 0.982864 0.133755
vn 0.555912 0.363788 0.747409
vn 0.527862 0.438827 0.727181
vn 0.540638 0.423911 0.726643
vn 0.561728 0.363781 0.743051
vn 0.121682 0.979014 0.163479
vn 0.146324 0.973183 0.177493
vn 0.102905 0.985227 0.136890
vn 0.133963 0.978910 0.154237
vn 0.541565 0.422107 0.727003
vn 0.540890 0.423911 0.726456
vn 0.541288 0.422093 0.727217
vn 0.541283 0.422106 0.727213
vn 0.786917 -0.039263 -0.615809
vn 0.786900 -0.039254 -0.615830
vn 0.793554 -0.018317 -0.608225
vn 0.793538 -0.018310 -0.608245
vn 0.792423 -0.021992 -0.609575
vn 0.792406 -0.021981 -0.609598
vn 0.815157 0.062770 -0.575828
vn 0.815177 0.062761 -0.575802
vn 0.792563 -0.021495 -0.609410
vn 0.808426 0.034722 -0.587573
vn -0.547037 0.415275 -0.726841
vn -0.549748 0.405282 -0.730427
vn -0.526560 0.482828 -0.699722
vn -0.555141 0.384606 -0.737493
vn -0.555112 0.384613 -0.737512
vn -0.548115 0.411411 -0.728224
vn -0.548128 0.411410 -0.728215
vn -0.531887 0.466462 -0.706760
vn -0.786901 0.039256 0.615829
vn -0.793539 0.018307 0.608244
vn -0.793548 0.018317 0.608232
vn -0.792413 0.021982 0.609589
vn -0.815165 -0.062769 0.575818
vn -0.792549 0.021486 0.609429
vn -0.792562 0.021499 0.609413
vn -0.808416 -0.034730 0.587586
vn -0.808407 -0.034740 0.587597
vn 0.547058 -0.415278 0.726823
vn 0.547029 -0.415272 0.726848
vn 0.549769 -0.405284 0.730410
vn 0.526572 -0.482827 0.699714
vn 0.555119 -0.384610 0.737508
vn 0.548106 -0.411410 0.728232
vn 0.531880 -0.466461 0.706766
vn -0.260798 -0.901573 -0.345182
vn -0.260802 -0.901579 -0.345163
vn 0.260797 0.901579 0.345166
vn 0.260799 0.901584 0.345153
vn -0.801863 -0.028102 0.596847
vn -0.801883 -0.028112 0.596820
vn -0.801252 0.048585 0.596351
vn -0.801226 0.048597 0.596386
vn -0.802189 -0.000006 0.597070
vn -0.801189 -0.049917 0.596326
vn -0.801839 0.029436 0.596814
vn -0.801830 0.029441 0.596827
vn -0.801396 0.044134 0.596504
vn -0.798468 -0.096091 0.594319
vn -0.798483 -0.096096 0.594298
vn -0.597091 0.000001 -0.802173
vn -0.596516 -0.043879 -0.801401
vn -0.596503 -0.043883 -0.801411
vn -0.596868 -0.026495 -0.801902
vn -0.596882 -0.026490 -0.801892
vn -0.594357 0.095594 -0.798500
vn -0.596872 0.026870 -0.801886
vn -0.594380 -0.095154 -0.798535
vn -0.596541 -0.043077 -0.801426
vn -0.597053 0.010692 -0.802130
vn 0.802175 -0.000009 -0.597089
vn 0.801859 0.028100 -0.596853
vn 0.801226 -0.048583 -0.596386
vn 0.801186 0.049913 -0.596331
vn 0.801836 -0.029440 -0.596819
vn 0.801822 -0.029436 -0.596837
vn 0.801388 -0.044130 -0.596515
vn 0.798463 0.096095 -0.594325
vn 0.798486 0.096086 -0.594296
vn 0.596524 0.043882 0.801395
vn 0.596883 0.026494 0.801890
vn 0.594349 -0.095592 0.798506
vn 0.596862 -0.026870 0.801894
vn 0.594371 0.095148 0.798542
vn 0.594384 0.095152 0.798532
vn 0.596539 0.043078 0.801427
vn 0.597061 -0.010692 0.802125
vn 0.600911 -0.006072 0.799293
vn 0.600567 0.034379 0.798835
vn 0.599801 -0.061267 0.797800
vn 0.599788 -0.061267 0.797810
vn 0.600250 0.047516 0.798400
vn 0.600752 -0.023355 0.799094
vn 0.600330 0.044522 0.798512
vn 0.799317 0.000025 -0.600910
vn 0.798965 -0.027160 -0.600764
vn 0.795929 0.094492 -0.597971
vn 0.795804 -0.090840 -0.598702
vn 0.799076 -0.020900 -0.600866
vn 0.797298 0.073644 -0.599077
vn 0.797279 0.073638 -0.599102
vn -0.600907 0.006073 -0.799296
vn -0.600891 0.006075 -0.799308
vn -0.600563 -0.034381 -0.798838
vn -0.599777 0.061269 -0.797818
vn -0.600248 -0.047519 -0.798401
vn -0.600228 -0.047518 -0.798416
vn -0.600764 0.023359 -0.799085
vn -0.600324 -0.044523 -0.798516
vn -0.799300 -0.000023 0.600932
vn -0.798949 0.027159 0.600786
vn -0.798960 0.027161 0.600771
vn -0.795923 -0.094492 0.597978
vn -0.795933 -0.094489 0.597965
vn -0.795815 0.090840 0.598688
vn -0.799088 0.020897 0.600850
vn -0.797292 -0.073638 0.599085
vn -0.002089 -0.999994 -0.002790
vn -0.002098 -0.999994 -0.002791
vn 0.002098 0.999994 0.002790
vn -0.802188 0.000002 0.597072
vn -0.801866 0.028106 0.596842
vn -0.801240 -0.048584 0.596367
vn -0.801224 -0.048592 0.596388
vn -0.801173 0.049916 0.596347
vn -0.801183 0.049920 0.596333
vn -0.801835 -0.029444 0.596819
vn -0.801846 -0.029438 0.596806
vn -0.801412 -0.044126 0.596483
vn -0.801402 -0.044131 0.596496
vn -0.801402 0.044126 0.596496
vn -0.801416 0.044132 0.596477
vn -0.596510 0.043882 -0.801405
vn -0.596876 0.026492 -0.801896
vn -0.594343 -0.095589 -0.798510
vn -0.594358 -0.095594 -0.798499
vn -0.596878 -0.026872 -0.801882
vn -0.596862 -0.026869 -0.801894
vn -0.594369 0.095153 -0.798544
vn -0.596523 0.043083 -0.801439
vn -0.597040 -0.011859 -0.802124
vn -0.597049 -0.011861 -0.802117
vn 0.801865 -0.028107 -0.596844
vn 0.801236 0.048592 -0.596373
vn 0.801215 0.048584 -0.596402
vn 0.802162 -0.000009 -0.597107
vn 0.801182 -0.049918 -0.596335
vn 0.801830 0.029439 -0.596827
vn 0.801843 0.029443 -0.596809
vn 0.801410 0.044131 -0.596486
vn 0.801383 0.044122 -0.596523
vn 0.801416 -0.044120 -0.596477
vn 0.596497 -0.043879 0.801415
vn 0.596518 -0.043887 0.801399
vn 0.596884 -0.026493 0.801890
vn 0.596870 -0.026489 0.801900
vn 0.594345 0.095590 0.798509
vn 0.596862 0.026869 0.801894
vn 0.596857 0.026871 0.801898
vn 0.594363 -0.095152 0.798548
vn 0.596527 -0.043082 0.801436
vn 0.596514 -0.043079 0.801446
vn 0.597026 0.011866 0.802134
vn 0.597049 0.011857 0.802117
vn -0.000008 1.000000 -0.000001
vn -0.806576 0.005573 0.591105
vn -0.809679 0.019164 0.586560
vn -0.810510 0.022942 0.585276
vn -0.787916 -0.064208 0.612426
vn -0.810404 0.022436 0.585442
vn -0.812953 0.034419 0.581312
vn -0.549630 -0.375125 -0.746450
vn -0.556054 -0.347021 -0.755235
vn -0.556068 -0.347023 -0.755224
vn -0.536252 -0.426832 -0.728182
vn -0.536270 -0.426834 -0.728167
vn -0.560527 -0.325834 -0.761342
vn -0.554653 -0.353309 -0.753348
vn -0.554672 -0.353312 -0.753332
vn -0.558406 -0.336155 -0.758408
vn -0.558372 -0.336152 -0.758435
vn 0.806582 -0.005565 -0.591096
vn 0.806567 -0.005579 -0.591116
vn 0.809686 -0.019162 -0.586550
vn 0.810511 -0.022939 -0.585274
vn 0.787906 0.064197 -0.612440
vn 0.787916 0.064206 -0.612427
vn 0.810403 -0.022432 -0.585443
vn 0.810390 -0.022444 -0.585460
vn 0.812961 -0.034413 -0.581300
vn 0.549631 0.375125 0.746450
vn 0.556055 0.347022 0.755234
vn 0.536267 0.426830 0.728172
vn 0.560517 0.325836 0.761349
vn 0.560530 0.325835 0.761339
vn 0.554653 0.353311 0.753347
vn 0.558394 0.336151 0.758419
vn 0.558371 0.336155 0.758433
vn -0.221460 0.926984 -0.302746
vn -0.221448 0.926988 -0.302745
vn 0.221468 -0.926985 0.302740
vn 0.221439 -0.926993 0.302737
vn 0.798836 0.004783 -0.601530
vn 0.792617 0.004783 -0.609700
vn 0.772405 0.004788 -0.635112
vn 0.772406 0.004774 -0.635111
vn 0.845576 0.004787 -0.533834
vn 0.791110 0.004799 -0.611655
vn 0.817051 0.004796 -0.576545
vn -0.003822 0.999989 0.002874
vn -0.016491 0.999766 -0.013992
vn 0.019985 0.999202 0.034591
vn 0.019998 0.999202 0.034582
vn -0.026062 0.999304 -0.026694
vn -0.013682 0.999854 -0.010224
vn 0.012095 0.999637 0.024059
vn 0.012080 0.999637 0.024067
vn -0.798837 -0.004797 0.601528
vn -0.792618 -0.004797 0.609699
vn -0.792617 -0.004779 0.609701
vn -0.772406 -0.004782 0.635111
vn -0.772405 -0.004774 0.635112
vn -0.845577 -0.004784 0.533833
vn -0.845576 -0.004773 0.533833
vn -0.791109 -0.004799 0.611656
vn -0.817052 -0.004819 0.576543
vn -0.817051 -0.004799 0.576545
vn 0.003833 -0.999988 -0.002881
vn 0.016500 -0.999766 0.013983
vn -0.019990 -0.999202 -0.034585
vn 0.026050 -0.999304 0.026699
vn 0.013679 -0.999854 0.010227
vn -0.012101 -0.999637 -0.024051
vn -0.012085 -0.999637 -0.024066
vn -0.600648 -0.000022 -0.799513
vn 0.600642 0.000022 0.799518
vn 0.600668 0.000054 0.799499
vn 0.001219 0.999976 -0.006874
vn 0.001211 0.999976 -0.006889
vn 0.008744 0.999884 -0.012474
vn 0.010833 0.999843 -0.014034
vn -0.037445 0.999059 0.021899
vn 0.010552 0.999849 -0.013830
vn -0.021446 0.999720 0.010003
vn -0.021453 0.999720 0.009992
vn -0.597094 -0.004787 -0.802157
vn -0.597095 -0.004768 -0.802156
vn -0.581520 -0.004880 -0.813518
vn -0.581520 -0.004872 -0.813517
vn -0.625679 -0.004623 -0.780067
vn -0.625681 -0.004601 -0.780066
vn -0.569739 -0.004970 -0.821811
vn -0.585009 -0.004875 -0.811012
vn -0.616345 -0.004680 -0.787462
vn -0.001218 -0.999976 0.006876
vn -0.008744 -0.999884 0.012477
vn -0.010829 -0.999843 0.014036
vn 0.037446 -0.999059 -0.021899
vn -0.010553 -0.999849 0.013831
vn 0.021451 -0.999720 -0.009996
vn 0.597096 0.004802 0.802156
vn 0.581520 0.004895 0.813517
vn 0.625679 0.004613 0.780067
vn 0.569740 0.004963 0.821810
vn 0.569739 0.004954 0.821811
vn 0.585008 0.004869 0.811013
vn 0.616345 0.004665 0.787463
vn 0.616345 0.004678 0.787462
vn 0.802185 -0.004878 -0.597055
vn 0.802190 -0.004886 -0.597049
vn -0.802187 0.004878 0.597053
vn -0.802199 0.004898 0.597036
vn 0.797712 0.005570 -0.603013
vn 0.794248 0.019163 -0.607291
vn 0.793255 0.022936 -0.608457
vn 0.812775 -0.064204 -0.579029
vn 0.793383 0.022432 -0.608309
vn 0.807114 -0.035370 -0.589335
vn 0.807099 -0.035377 -0.589355
vn -0.557315 -0.375125 -0.740730
vn -0.563886 -0.347021 -0.749406
vn -0.543674 -0.426831 -0.722658
vn -0.543645 -0.426835 -0.722677
vn -0.568482 -0.325831 -0.755422
vn -0.562482 -0.353310 -0.747519
vn -0.548343 -0.409944 -0.728880
vn -0.548360 -0.409940 -0.728869
vn -0.797706 -0.005565 0.603020
vn -0.794243 -0.019160 0.607299
vn -0.794252 -0.019168 0.607286
vn -0.793258 -0.022938 0.608454
vn -0.812787 0.064200 0.579013
vn -0.793389 -0.022437 0.608302
vn -0.807101 0.035379 0.589353
vn 0.557321 0.375126 0.740725
vn 0.557309 0.375124 0.740735
vn 0.563893 0.347022 0.749400
vn 0.543648 0.426831 0.722677
vn 0.568466 0.325833 0.755433
vn 0.562476 0.353310 0.747525
vn 0.548329 0.409940 0.728892
vn 0.548353 0.409943 0.728873
vn -0.226454 0.926981 -0.299040
vn -0.226458 0.926986 -0.299020
vn 0.226456 -0.926986 0.299023
vn -0.801236 -0.048589 0.596373
vn -0.801392 -0.044132 0.596510
vn -0.596518 0.043880 -0.801399
vn -0.596883 0.026494 -0.801890
vn -0.594376 0.095152 -0.798538
vn -0.596531 0.043079 -0.801433
vn 0.801400 0.044131 -0.596498
vn 0.594359 0.095592 0.798498
vn -0.600909 -0.006071 -0.799294
vn -0.600923 -0.006073 -0.799284
vn -0.600565 0.034382 -0.798836
vn -0.599791 -0.061268 -0.797808
vn -0.600236 0.047519 -0.798410
vn -0.600242 0.047517 -0.798406
vn -0.600756 -0.023357 -0.799091
vn -0.600750 -0.023356 -0.799096
vn -0.600489 0.037611 -0.798748
vn -0.799308 0.000025 0.600922
vn -0.799315 0.000026 0.600912
vn -0.798956 -0.027162 0.600776
vn -0.795929 0.094495 0.597970
vn -0.795808 -0.090839 0.598696
vn -0.799085 -0.020896 0.600855
vn -0.799175 0.020992 0.600731
vn 0.600917 0.006070 0.799288
vn 0.600903 0.006072 0.799299
vn 0.600573 -0.034381 0.798831
vn 0.600559 -0.034379 0.798841
vn 0.599791 0.061266 0.797808
vn 0.599785 0.061267 0.797812
vn 0.600242 -0.047516 0.798406
vn 0.600748 0.023356 0.799097
vn 0.600499 -0.037611 0.798740
vn 0.799303 -0.000026 -0.600928
vn 0.798951 0.027159 -0.600782
vn 0.798962 0.027161 -0.600768
vn 0.795929 -0.094494 -0.597970
vn 0.795814 0.090837 -0.598689
vn 0.799089 0.020897 -0.600849
vn 0.799198 -0.020989 -0.600701
vn 0.799175 -0.020993 -0.600731
vn 0.002094 -0.999994 0.002791
vn -0.002093 0.999994 -0.002784
vn -0.002110 0.999994 -0.002786
vn -0.801235 0.048587 0.596374
vn -0.801177 -0.049914 0.596343
vn -0.596526 -0.043081 -0.801437
vn 0.801855 0.028101 -0.596857
vn 0.801240 -0.048592 -0.596367
vn 0.596511 0.043886 0.801404
vn 0.596871 0.026493 0.801899
vn 0.596532 0.043084 0.801432
vn 0.596518 0.043080 0.801443
vn 0.597038 -0.010697 0.802142
vn 0.000008 -1.000000 0.000000
vn 0.596165 -0.055550 0.800938
vn -0.596169 -0.055555 -0.800935
vn 0.802185 0.000007 -0.597076
vn 0.547236 -0.400016 0.735201
vn -0.802187 0.000017 0.597073
vn -0.547240 -0.400013 -0.735199
vn 0.802172 -0.000022 -0.597093
vn -0.547234 -0.399993 -0.735215
vn 0.000000 1.000000 -0.000004
vn -0.384871 -0.877395 0.286447
vn 0.390733 -0.873350 -0.290840
vn -0.599701 0.005131 -0.800208
vn -0.599707 0.005312 -0.800202
vn -0.584872 0.003310 -0.811119
vn -0.584861 0.003995 -0.811124
vn -0.630246 0.004880 -0.776381
vn -0.630286 0.006987 -0.776332
vn -0.570681 0.006372 -0.821147
vn -0.570507 0.004731 -0.821279
vn -0.609988 0.003209 -0.792404
vn -0.610086 0.004014 -0.792325
vn -0.575941 0.008496 -0.817447
vn -0.575786 0.007408 -0.817567
vn 0.011717 0.999929 -0.002356
vn 0.011812 0.999928 -0.002213
vn 0.062945 0.997180 -0.040870
vn 0.062844 0.997180 -0.041029
vn 0.046650 0.998488 -0.029085
vn 0.046758 0.998487 -0.028927
vn -0.036515 0.998779 0.033263
vn -0.036429 0.998778 0.033412
vn -0.053749 0.997497 0.045952
vn -0.053630 0.997494 0.046137
vn -0.058537 0.997065 0.049337
vn -0.058450 0.997063 0.049490
vn 0.599709 -0.005145 0.800201
vn 0.599699 -0.005323 0.800208
vn 0.584904 -0.003327 0.811096
vn 0.584829 -0.004006 0.811146
vn 0.630383 -0.004875 0.776269
vn 0.630147 -0.006990 0.776445
vn 0.570568 -0.006373 0.821226
vn 0.570620 -0.004728 0.821200
vn 0.610042 -0.003204 0.792363
vn 0.610032 -0.004009 0.792367
vn 0.575850 -0.008515 0.817511
vn 0.575878 -0.007400 0.817502
vn -0.011906 -0.999926 0.002493
vn -0.012022 -0.999925 0.002356
vn -0.062919 -0.997182 0.040848
vn -0.062806 -0.997184 0.040987
vn -0.046514 -0.998497 0.028996
vn -0.046663 -0.998494 0.028842
vn 0.036433 -0.998785 -0.033173
vn 0.036315 -0.998785 -0.033317
vn 0.053718 -0.997500 -0.045921
vn 0.053581 -0.997500 -0.046071
vn 0.058608 -0.997059 -0.049380
vn 0.058492 -0.997059 -0.049513
vn -0.790271 0.148143 0.594580
vn -0.790284 0.148170 0.594557
vn 0.791285 0.139639 -0.595290
vn 0.791249 0.139689 -0.595326
vn -0.798837 0.004790 0.601529
vn -0.792620 0.004789 0.609697
vn -0.792619 0.004799 0.609698
vn -0.790877 0.004789 0.611956
vn -0.790877 0.004799 0.611956
vn -0.829440 0.004795 0.558576
vn -0.829440 0.004785 0.558575
vn -0.791110 0.004781 0.611655
vn -0.791109 0.004799 0.611657
vn -0.817052 0.004792 0.576544
vn -0.817052 0.004781 0.576544
vn 0.003830 0.999988 -0.002878
vn 0.003822 0.999988 -0.002874
vn 0.016499 0.999766 0.013987
vn 0.016491 0.999766 0.013991
vn -0.019902 0.999207 -0.034481
vn -0.019920 0.999207 -0.034470
vn 0.025977 0.999309 0.026572
vn 0.013686 0.999854 0.010222
vn -0.012089 0.999637 -0.024064
vn -0.012078 0.999637 -0.024070
vn 0.798837 -0.004787 -0.601529
vn 0.792618 -0.004787 -0.609699
vn 0.792619 -0.004799 -0.609698
vn 0.790877 -0.004789 -0.611957
vn 0.790877 -0.004799 -0.611956
vn 0.829441 -0.004785 -0.558574
vn 0.791109 -0.004791 -0.611656
vn 0.817053 -0.004789 -0.576543
vn -0.003832 -0.999988 0.002881
vn -0.016501 -0.999766 -0.013983
vn 0.019912 -0.999207 0.034473
vn -0.025962 -0.999309 -0.026581
vn -0.013679 -0.999854 -0.010227
vn 0.012097 -0.999637 0.024056
vn 0.012085 -0.999637 0.024066
vn 0.600648 -0.000014 0.799514
vn 0.600640 -0.000004 0.799520
vn -0.600652 0.000027 -0.799511
vn 0.006945 -0.999976 0.000818
vn 0.014470 -0.999884 -0.004783
vn 0.014458 -0.999884 -0.004796
vn 0.016547 -0.999843 -0.006356
vn -0.031725 -0.999059 0.029585
vn -0.031733 -0.999059 0.029577
vn 0.016276 -0.999849 -0.006139
vn -0.015737 -0.999720 0.017673
vn -0.015729 -0.999720 0.017683
vn 0.597063 0.004787 0.802180
vn 0.597062 0.004769 0.802181
vn 0.612413 0.004880 0.790523
vn 0.567696 0.004615 0.823225
vn 0.623737 0.004968 0.781619
vn 0.623736 0.004956 0.781620
vn 0.609013 0.004877 0.793145
vn 0.577458 0.004678 0.816407
vn -0.006942 0.999976 -0.000815
vn -0.006933 0.999976 -0.000801
vn -0.014467 0.999884 0.004786
vn -0.016552 0.999843 0.006349
vn 0.031725 0.999059 -0.029587
vn -0.016277 0.999849 0.006139
vn 0.015729 0.999720 -0.017684
vn -0.597063 -0.004795 -0.802180
vn -0.612412 -0.004888 -0.790523
vn -0.567697 -0.004620 -0.823225
vn -0.623736 -0.004964 -0.781620
vn -0.609014 -0.004859 -0.793145
vn -0.609012 -0.004875 -0.793146
vn -0.577459 -0.004657 -0.816406
vn -0.577459 -0.004668 -0.816407
vn 0.802158 0.004878 -0.597092
vn 0.802165 0.004865 -0.597082
vn -0.802159 -0.004860 0.597090
vn -0.802150 -0.004875 0.597103
vn -0.799027 0.021421 0.600914
vn -0.810390 -0.018312 0.585605
vn -0.810372 -0.018320 0.585629
vn -0.811351 -0.021988 0.584146
vn -0.785541 0.062769 0.615618
vn -0.785529 0.062763 0.615634
vn -0.811226 -0.021497 0.584337
vn -0.794850 0.034720 0.605812
vn -0.794864 0.034728 0.605793
vn -0.540454 0.410843 -0.734246
vn -0.541924 0.405281 -0.736251
vn -0.519160 0.482830 -0.705229
vn -0.519172 0.482832 -0.705219
vn -0.547162 0.384608 -0.743431
vn -0.540293 0.411412 -0.734046
vn -0.524386 0.466461 -0.712344
vn 0.799027 -0.021422 -0.600914
vn 0.799001 -0.021395 -0.600949
vn 0.810389 0.018308 -0.585606
vn 0.811356 0.021981 -0.584139
vn 0.785532 -0.062763 -0.615630
vn 0.811232 0.021494 -0.584329
vn 0.794865 -0.034732 -0.605792
vn 0.540451 -0.410846 0.734247
vn 0.540466 -0.410844 0.734237
vn 0.541921 -0.405284 0.736252
vn 0.541933 -0.405281 0.736245
vn 0.519162 -0.482830 0.705228
vn 0.519180 -0.482827 0.705217
vn 0.547176 -0.384610 0.743420
vn 0.540301 -0.411411 0.734041
vn 0.524400 -0.466459 0.712335
vn -0.255815 -0.901572 -0.348893
vn -0.255799 -0.901577 -0.348892
vn 0.255808 0.901575 0.348892
vn 0.255780 0.901584 0.348889

f 1/1/1 2/2/1 3/3/1
f 2/2/1 1/1/1 4/4/1
f 3/5/2 5/6/2 6/7/2
f 3/8/2 6/9/2 1/10/2
f 7/11/3 5/12/3 8/13/3
f 5/12/3 7/11/3 6/14/3
f 4/15/4 8/16/4 2/17/4
f 8/16/4 4/15/4 7/18/4
f 9/19/4 10/20/4 11/21/4
f 10/20/4 9/19/4 12/22/4
f 13/23/1 11/24/1 14/25/1
f 11/26/1 13/27/1 9/28/1
f 15/29/2 14/30/2 16/31/2
f 14/30/2 15/29/2 13/32/2
f 12/33/3 16/34/3 10/35/3
f 16/34/3 12/33/3 15/36/3
f 17/37/4 18/38/4 19/39/4
f 18/38/4 17/37/4 20/40/4
f 21/41/1 19/42/1 22/43/1
f 19/44/1 21/45/1 17/46/1
f 23/47/2 22/48/2 24/49/2
f 22/48/2 23/47/2 21/50/2
f 20/51/3 24/52/3 18/53/3
f 24/52/3 20/51/3 23/54/3
f 25/55/5 26/56/5 27/57/5
f 26/58/2 25/59/2 28/60/2
f 29/61/4 30/62/4 31/63/4
f 30/64/4 29/65/4 32/66/4
f 28/67/6 31/68/6 26/69/6
f 31/70/6 28/71/6 29/72/6
f 32/73/7 27/74/7 30/75/7
f 27/76/7 32/77/7 25/78/7
f 28/79/8 33/80/8 34/81/8
f 33/82/4 28/83/4 25/84/4
f 35/85/6 34/86/6 36/87/6
f 34/88/6 35/89/6 28/90/6
f 37/91/9 36/92/9 38/93/9
f 36/94/2 37/95/2 35/96/2
f 25/97/7 38/98/7 33/99/7
f 38/100/7 25/78/7 37/101/7
f 39/102/4 40/103/4 41/104/4
f 40/105/4 39/106/4 42/107/4
f 32/108/2 43/109/2 44/110/2
f 43/111/2 32/112/2 29/113/2
f 29/114/6 41/115/6 43/116/6
f 41/117/6 29/118/6 39/119/6
f 42/120/7 44/121/7 40/122/7
f 44/123/7 42/124/7 32/77/7
f 45/125/4 46/126/4 47/127/4
f 46/128/10 45/129/10 48/130/10
f 49/131/2 50/132/2 51/133/2
f 50/134/2 49/135/2 52/136/2
f 48/137/6 51/138/6 46/139/6
f 51/140/6 48/141/6 49/142/6
f 52/143/7 47/144/7 50/145/7
f 47/146/7 52/147/7 45/148/7
f 48/149/2 53/150/2 54/151/2
f 53/152/9 48/153/9 45/154/9
f 55/155/6 54/156/6 56/157/6
f 54/158/6 55/159/6 48/160/6
f 57/161/4 56/162/4 58/163/4
f 56/164/4 57/165/4 55/166/4
f 45/167/7 58/168/7 53/169/7
f 58/170/7 45/148/7 57/171/7
f 59/172/4 60/173/4 61/174/4
f 60/175/4 59/176/4 62/177/4
f 62/178/6 63/179/6 60/180/6
f 63/181/6 62/182/6 64/183/6
f 64/184/9 65/185/9 63/186/9
f 65/187/2 64/188/2 66/189/2
f 66/190/7 61/191/7 65/192/7
f 61/193/7 66/194/7 59/195/7
f 60/196/3 65/197/3 61/198/3
f 65/197/3 60/196/3 63/199/3
f 49/200/3 59/201/3 52/202/3
f 59/203/3 49/204/3 62/205/3
f 46/206/11 50/207/11 47/208/11
f 50/207/11 46/206/11 51/209/11
f 56/210/12 53/211/12 58/212/12
f 53/211/12 56/210/12 54/213/12
f 67/214/3 64/215/3 62/216/3
f 64/217/3 67/218/3 68/219/3
f 69/220/3 62/205/3 49/204/3
f 62/221/3 69/222/3 67/223/3
f 70/224/3 49/225/3 48/226/3
f 49/227/3 70/228/3 69/229/3
f 71/230/3 48/231/3 55/232/3
f 48/233/3 71/234/3 70/235/3
f 72/236/10 57/237/10 73/238/10
f 57/239/4 72/240/4 55/241/4
f 74/242/4 73/243/4 75/244/4
f 73/245/10 74/246/10 72/247/10
f 76/248/10 55/241/10 72/240/10
f 55/249/4 76/250/4 71/251/4
f 77/252/4 72/253/4 74/254/4
f 72/255/10 77/256/10 76/257/10
f 39/258/1 75/259/1 42/260/1
f 75/261/1 39/262/1 74/263/1
f 43/264/13 40/265/13 44/266/13
f 40/265/13 43/264/13 41/267/13
f 26/268/14 30/269/14 27/270/14
f 30/269/15 26/268/15 31/271/15
f 36/272/16 33/273/16 38/274/16
f 33/273/16 36/272/16 34/275/16
f 78/276/1 74/263/1 39/262/1
f 74/277/1 78/278/1 77/279/1
f 79/280/1 39/281/1 29/282/1
f 39/283/1 79/284/1 78/285/1
f 80/286/1 29/287/1 28/288/1
f 29/83/1 80/289/1 79/290/1
f 81/291/1 28/292/1 35/293/1
f 28/294/1 81/295/1 80/296/1
f 82/297/2 37/298/2 83/299/2
f 37/300/2 82/301/2 35/302/2
f 64/303/2 83/304/2 66/305/2
f 83/306/2 64/307/2 82/308/2
f 84/309/2 35/302/2 82/301/2
f 35/310/2 84/311/2 81/312/2
f 68/313/2 82/308/2 64/307/2
f 82/314/2 68/315/2 84/316/2
f 85/317/7 75/318/7 73/319/7
f 75/318/7 85/317/7 42/124/7
f 45/148/7 73/319/7 57/171/7
f 73/319/7 45/148/7 85/317/7
f 86/320/7 42/124/7 85/317/7
f 42/124/7 86/320/7 32/77/7
f 52/147/7 85/317/7 45/148/7
f 85/317/7 52/147/7 86/320/7
f 87/321/7 32/77/7 86/320/7
f 32/77/7 87/321/7 25/78/7
f 59/195/7 86/320/7 52/147/7
f 86/320/7 59/195/7 87/321/7
f 83/322/7 25/78/7 87/321/7
f 25/78/7 83/322/7 37/101/7
f 66/194/7 87/321/7 59/195/7
f 87/321/7 66/194/7 83/322/7
f 88/323/6 77/324/6 78/325/6
f 77/324/6 88/323/6 76/326/6
f 70/327/6 76/326/6 88/323/6
f 76/326/6 70/327/6 71/328/6
f 89/329/6 78/325/6 79/330/6
f 78/325/6 89/329/6 88/323/6
f 69/331/6 88/323/6 89/329/6
f 88/323/6 69/331/6 70/327/6
f 90/332/6 79/330/6 80/333/6
f 79/330/6 90/332/6 89/329/6
f 67/334/6 89/329/6 90/332/6
f 89/329/6 67/334/6 69/331/6
f 84/335/6 80/333/6 81/336/6
f 80/333/6 84/335/6 90/332/6
f 68/337/6 90/332/6 84/335/6
f 90/332/6 68/337/6 67/334/6
f 91/338/3 92/339/3 93/340/3
f 92/339/3 91/338/3 94/341/3
f 95/342/10 93/343/10 96/344/10
f 93/345/10 95/346/10 91/347/10
f 97/348/1 96/349/1 98/338/1
f 96/349/1 97/348/1 95/350/1
f 94/351/2 98/352/2 92/353/2
f 98/352/2 94/351/2 97/354/2
f 99/355/3 100/356/3 101/357/3
f 100/356/3 99/355/3 102/358/3
f 103/359/17 101/360/17 104/361/17
f 105/362/18 104/363/18 106/364/18
f 104/363/1 105/362/1 103/365/1
f 102/366/2 106/367/2 100/368/2
f 106/367/2 102/366/2 105/369/2
f 107/370/2 108/371/2 109/372/2
f 108/371/2 107/370/2 110/373/2
f 111/374/3 109/375/3 112/376/3
f 109/377/3 111/378/3 107/379/3
f 113/380/10 112/381/10 114/382/10
f 112/381/4 113/380/4 111/383/4
f 110/384/1 114/385/1 108/386/1
f 114/385/1 110/384/1 113/387/1
f 115/388/2 116/365/2 117/389/2
f 116/365/2 115/388/2 118/390/2
f 119/391/3 117/392/3 120/393/3
f 117/394/3 119/395/3 115/396/3
f 121/397/19 120/398/19 122/399/19
f 120/398/19 121/397/19 119/400/19
f 118/401/1 122/357/1 116/402/1
f 122/357/1 118/401/1 121/403/1
f 123/404/20 124/405/20 125/406/20
f 124/407/4 123/408/4 126/409/4
f 127/410/21 128/411/21 129/412/21
f 128/413/21 127/414/21 130/415/21
f 126/416/6 129/417/6 124/418/6
f 129/419/6 126/420/6 127/421/6
f 130/422/7 125/423/7 128/424/7
f 125/425/7 130/426/7 123/427/7
f 126/428/2 131/429/2 132/430/2
f 131/431/2 126/432/2 123/433/2
f 133/434/6 132/435/6 134/436/6
f 132/437/6 133/438/6 126/439/6
f 135/440/4 134/441/4 136/442/4
f 134/443/20 135/444/20 133/445/20
f 123/446/7 136/447/7 131/448/7
f 136/449/7 123/427/7 135/450/7
f 137/451/5 138/452/5 139/453/5
f 138/454/2 137/455/2 140/456/2
f 130/457/19 141/458/19 142/459/19
f 141/460/20 130/461/20 127/462/20
f 127/463/6 139/464/6 141/465/6
f 139/466/6 127/467/6 137/468/6
f 140/469/7 142/470/7 138/471/7
f 142/472/7 140/473/7 130/426/7
f 143/474/2 144/475/2 145/476/2
f 144/477/21 143/478/21 146/479/21
f 147/480/4 148/481/4 149/482/4
f 148/483/4 147/484/4 150/485/4
f 146/486/6 149/487/6 144/488/6
f 149/489/6 146/490/6 147/491/6
f 150/492/7 145/493/7 148/494/7
f 145/495/7 150/496/7 143/497/7
f 146/498/4 151/499/4 152/500/4
f 151/501/20 146/502/20 143/503/20
f 153/504/6 152/505/6 154/506/6
f 152/507/6 153/508/6 146/509/6
f 155/510/21 154/511/21 156/512/21
f 154/513/22 155/514/22 153/515/22
f 143/516/7 156/517/7 151/518/7
f 156/519/7 143/497/7 155/520/7
f 157/521/2 158/522/2 159/523/2
f 158/524/2 157/525/2 160/526/2
f 160/527/6 161/528/6 158/529/6
f 161/530/6 160/531/6 162/532/6
f 162/533/19 163/534/19 161/535/19
f 163/536/19 162/537/19 164/538/19
f 164/539/7 159/540/7 163/541/7
f 159/542/7 164/543/7 157/544/7
f 158/545/1 163/546/1 159/547/1
f 163/546/1 158/545/1 161/548/1
f 147/549/1 157/550/1 150/551/1
f 157/552/1 147/553/1 160/554/1
f 144/555/23 148/556/23 145/557/23
f 148/556/23 144/555/23 149/558/23
f 154/559/24 151/560/24 156/561/24
f 151/560/25 154/559/25 152/562/25
f 165/563/1 162/564/1 160/565/1
f 162/566/1 165/567/1 166/568/1
f 167/569/1 160/554/1 147/553/1
f 160/570/1 167/571/1 165/572/1
f 168/573/1 147/574/1 146/575/1
f 147/576/1 168/577/1 167/578/1
f 169/579/1 146/580/1 153/581/1
f 146/582/1 169/583/1 168/584/1
f 170/585/2 155/586/2 171/587/2
f 155/588/22 170/589/22 153/590/22
f 172/591/5 171/592/5 173/593/5
f 171/594/2 172/595/2 170/596/2
f 174/597/2 153/590/2 170/589/2
f 153/598/9 174/599/9 169/600/9
f 175/601/2 170/602/2 172/603/2
f 170/604/2 175/605/2 174/606/2
f 137/607/3 173/608/3 140/609/3
f 173/610/26 137/611/26 172/612/26
f 141/613/27 138/614/27 142/615/27
f 138/614/28 141/613/28 139/616/28
f 124/617/29 128/618/29 125/619/29
f 128/618/29 124/617/29 129/620/29
f 134/621/30 131/622/30 136/623/30
f 131/622/30 134/621/30 132/624/30
f 176/625/3 172/612/3 137/611/3
f 172/626/3 176/627/3 175/628/3
f 177/629/31 137/630/31 127/631/31
f 137/118/31 177/632/31 176/633/31
f 178/634/3 127/635/3 126/636/3
f 127/637/3 178/638/3 177/639/3
f 179/640/31 126/641/31 133/642/31
f 126/643/31 179/644/31 178/645/31
f 180/646/4 135/647/4 181/648/4
f 135/649/20 180/650/20 133/651/20
f 162/652/4 181/653/4 164/654/4
f 181/655/4 162/656/4 180/657/4
f 182/658/4 133/651/4 180/650/4
f 133/659/4 182/660/4 179/661/4
f 166/662/4 180/657/4 162/656/4
f 180/663/4 166/664/4 182/665/4
f 183/666/7 173/667/7 171/668/7
f 173/667/7 183/666/7 140/473/7
f 143/497/7 171/668/7 155/520/7
f 171/668/7 143/497/7 183/666/7
f 184/669/7 140/473/7 183/666/7
f 140/473/7 184/669/7 130/426/7
f 150/496/7 183/666/7 143/497/7
f 183/666/7 150/496/7 184/669/7
f 185/670/7 130/426/7 184/669/7
f 130/426/7 185/670/7 123/427/7
f 157/544/7 184/669/7 150/496/7
f 184/669/7 157/544/7 185/670/7
f 181/671/7 123/427/7 185/670/7
f 123/427/7 181/671/7 135/450/7
f 164/543/7 185/670/7 157/544/7
f 185/670/7 164/543/7 181/671/7
f 186/672/6 175/673/6 176/674/6
f 175/673/6 186/672/6 174/675/6
f 168/676/6 174/675/6 186/672/6
f 174/675/6 168/676/6 169/677/6
f 187/678/6 176/674/6 177/679/6
f 176/674/6 187/678/6 186/672/6
f 167/680/6 186/672/6 187/678/6
f 186/672/6 167/680/6 168/676/6
f 188/681/6 177/679/6 178/682/6
f 177/679/6 188/681/6 187/678/6
f 165/683/6 187/678/6 188/681/6
f 187/678/6 165/683/6 167/680/6
f 182/684/6 178/682/6 179/685/6
f 178/682/6 182/684/6 188/681/6
f 166/686/6 188/681/6 182/684/6
f 188/681/6 166/686/6 165/683/6
f 189/687/1 190/688/1 191/689/1
f 190/688/1 189/687/1 192/690/1
f 193/691/2 191/692/2 194/693/2
f 191/694/2 193/695/2 189/696/2
f 195/697/3 194/698/3 196/699/3
f 194/698/31 195/697/31 193/700/31
f 192/364/10 196/701/10 190/702/10
f 196/701/32 192/364/32 195/703/32
f 197/704/33 198/705/33 199/706/33
f 198/705/34 197/704/34 200/707/34
f 201/708/35 199/706/35 202/709/35
f 199/706/36 201/708/36 197/704/36
f 203/710/37 202/709/37 199/706/37
f 202/709/38 203/710/38 204/711/38
f 205/712/39 199/706/39 198/705/39
f 199/706/40 205/712/40 203/710/40
f 203/710/41 206/713/41 207/714/41
f 206/713/42 203/710/42 205/712/42
f 204/711/43 207/714/43 208/715/43
f 207/714/44 204/711/44 203/710/44
f 209/716/45 208/715/45 207/714/45
f 208/715/46 209/716/46 210/717/46
f 211/718/47 207/714/47 206/713/47
f 207/714/48 211/718/48 209/716/48
f 209/716/49 212/719/49 213/720/49
f 212/719/50 209/716/50 211/718/50
f 210/717/51 213/720/51 214/721/51
f 213/720/52 210/717/52 209/716/52
f 215/722/53 214/721/53 213/720/53
f 214/721/54 215/722/54 216/723/54
f 217/724/55 213/720/55 212/719/55
f 213/720/56 217/724/56 215/722/56
f 215/722/57 218/725/57 219/726/57
f 218/725/58 215/722/58 217/724/58
f 216/723/59 219/726/59 220/727/59
f 219/726/60 216/723/60 215/722/60
f 221/728/61 220/727/61 219/726/61
f 220/727/62 221/728/62 222/729/62
f 223/730/63 219/726/63 218/725/63
f 219/726/64 223/730/64 221/728/64
f 224/731/65 202/709/65 225/732/65
f 202/709/66 224/731/66 201/708/66
f 226/733/67 225/732/67 227/734/67
f 225/732/68 226/733/68 224/731/68
f 228/735/69 227/734/69 225/732/69
f 227/734/70 228/735/70 229/736/70
f 204/711/71 225/732/71 202/709/71
f 225/732/72 204/711/72 228/735/72
f 228/735/73 208/715/73 230/737/73
f 208/715/74 228/735/74 204/711/74
f 229/736/75 230/737/75 231/738/75
f 230/737/76 229/736/76 228/735/76
f 232/739/77 231/738/77 230/737/77
f 231/738/78 232/739/78 233/740/78
f 210/717/79 230/737/79 208/715/79
f 230/737/80 210/717/80 232/739/80
f 232/739/81 214/721/81 234/741/81
f 214/721/82 232/739/82 210/717/82
f 233/740/83 234/741/83 235/742/83
f 234/741/84 233/740/84 232/739/84
f 236/743/85 235/742/85 234/741/85
f 235/742/86 236/743/86 237/744/86
f 216/723/87 234/741/87 214/721/87
f 234/741/88 216/723/88 236/743/88
f 236/743/89 220/727/89 238/745/89
f 220/727/90 236/743/90 216/723/90
f 237/744/91 238/745/91 239/746/91
f 238/745/92 237/744/92 236/743/92
f 240/747/93 239/746/93 238/745/93
f 239/746/94 240/747/94 241/748/94
f 222/729/95 238/745/95 220/727/95
f 238/745/96 222/729/96 240/747/96
f 242/749/97 227/734/97 243/750/97
f 227/734/98 242/749/98 226/733/98
f 244/751/99 243/750/99 245/752/99
f 243/750/100 244/751/100 242/749/100
f 246/753/101 245/752/101 243/750/101
f 245/752/102 246/753/102 247/754/102
f 229/736/103 243/750/103 227/734/103
f 243/750/104 229/736/104 246/753/104
f 246/753/105 231/738/105 248/755/105
f 231/738/106 246/753/106 229/736/106
f 247/754/107 248/755/107 249/756/107
f 248/755/108 247/754/108 246/753/108
f 250/757/109 249/756/109 248/755/109
f 249/756/110 250/757/110 251/758/110
f 233/740/111 248/755/111 231/738/111
f 248/755/112 233/740/112 250/757/112
f 250/757/113 235/742/113 252/759/113
f 235/742/114 250/757/114 233/740/114
f 251/758/115 252/759/115 253/760/115
f 252/759/116 251/758/116 250/757/116
f 254/761/117 253/760/117 252/759/117
f 253/760/118 254/761/118 255/762/118
f 237/744/119 252/759/119 235/742/119
f 252/759/120 237/744/120 254/761/120
f 254/761/121 239/746/121 256/763/121
f 239/746/122 254/761/122 237/744/122
f 255/762/123 256/763/123 257/764/123
f 256/763/124 255/762/124 254/761/124
f 258/765/125 257/764/125 256/763/125
f 257/764/126 258/765/126 259/766/126
f 241/748/127 256/763/127 239/746/127
f 256/763/128 241/748/128 258/765/128
f 260/767/129 245/752/129 261/768/129
f 245/752/130 260/767/130 244/751/130
f 262/769/131 261/768/131 263/770/131
f 261/768/132 262/769/132 260/767/132
f 264/771/133 263/770/133 261/768/133
f 263/770/134 264/771/134 265/772/134
f 247/754/135 261/768/135 245/752/135
f 261/768/136 247/754/136 264/771/136
f 264/771/137 249/756/137 266/773/137
f 249/756/138 264/771/138 247/754/138
f 265/772/139 266/773/139 267/774/139
f 266/773/140 265/772/140 264/771/140
f 268/775/141 267/774/141 266/773/141
f 267/774/142 268/775/142 269/776/142
f 251/758/143 266/773/143 249/756/143
f 266/773/144 251/758/144 268/775/144
f 268/775/145 253/760/145 270/777/145
f 253/760/146 268/775/146 251/758/146
f 269/776/147 270/777/147 271/778/147
f 270/777/148 269/776/148 268/775/148
f 272/779/149 271/778/149 270/777/149
f 271/778/150 272/779/150 273/780/150
f 255/762/151 270/777/151 253/760/151
f 270/777/152 255/762/152 272/779/152
f 272/779/153 257/764/153 274/781/153
f 257/764/154 272/779/154 255/762/154
f 273/780/155 274/781/155 275/782/155
f 274/781/156 273/780/156 272/779/156
f 276/783/157 275/782/157 274/781/157
f 275/782/158 276/783/158 277/784/158
f 259/766/159 274/781/159 257/764/159
f 274/781/160 259/766/160 276/783/160
f 278/785/161 279/786/161 280/787/161
f 279/786/162 278/785/162 281/788/162
f 282/789/163 280/787/163 283/790/163
f 280/787/164 282/789/164 278/785/164
f 284/791/165 283/790/165 280/787/165
f 283/790/166 284/791/166 285/792/166
f 286/793/167 280/787/167 279/786/167
f 280/787/168 286/793/168 284/791/168
f 284/791/169 287/794/169 288/795/169
f 287/794/170 284/791/170 286/793/170
f 285/792/171 288/795/171 289/796/171
f 288/795/172 285/792/172 284/791/172
f 290/797/173 289/796/173 288/795/173
f 289/796/174 290/797/174 291/798/174
f 292/799/175 288/795/175 287/794/175
f 288/795/176 292/799/176 290/797/176
f 290/797/177 293/800/177 294/801/177
f 293/800/178 290/797/178 292/799/178
f 291/798/179 294/801/179 295/802/179
f 294/801/180 291/798/180 290/797/180
f 296/803/181 295/802/181 294/801/181
f 295/802/182 296/803/182 297/804/182
f 298/805/183 294/801/183 293/800/183
f 294/801/184 298/805/184 296/803/184
f 296/803/185 299/806/185 300/807/185
f 299/806/186 296/803/186 298/805/186
f 297/804/187 300/807/187 301/808/187
f 300/807/188 297/804/188 296/803/188
f 302/809/189 301/808/189 300/807/189
f 301/808/190 302/809/190 303/810/190
f 304/811/191 300/807/191 299/806/191
f 300/807/192 304/811/192 302/809/192
f 305/812/193 283/790/193 306/813/193
f 283/790/194 305/812/194 282/789/194
f 307/814/195 306/813/195 308/815/195
f 306/813/196 307/814/196 305/812/196
f 309/816/197 308/815/197 306/813/197
f 308/815/198 309/816/198 310/817/198
f 285/792/199 306/813/199 283/790/199
f 306/813/200 285/792/200 309/816/200
f 309/816/201 289/796/201 311/818/201
f 289/796/202 309/816/202 285/792/202
f 310/817/203 311/818/203 312/819/203
f 311/818/204 310/817/204 309/816/204
f 313/820/205 312/819/205 311/818/205
f 312/819/206 313/820/206 314/821/206
f 291/798/207 311/818/207 289/796/207
f 311/818/208 291/798/208 313/820/208
f 313/820/209 295/802/209 315/822/209
f 295/802/210 313/820/210 291/798/210
f 314/821/211 315/822/211 316/823/211
f 315/822/212 314/821/212 313/820/212
f 317/824/213 316/823/213 315/822/213
f 316/823/214 317/824/214 318/825/214
f 297/804/215 315/822/215 295/802/215
f 315/822/216 297/804/216 317/824/216
f 317/824/217 301/808/217 319/826/217
f 301/808/218 317/824/218 297/804/218
f 318/825/219 319/826/219 320/827/219
f 319/826/220 318/825/220 317/824/220
f 321/828/221 320/827/221 319/826/221
f 320/827/222 321/828/222 322/829/222
f 303/810/223 319/826/223 301/808/223
f 319/826/224 303/810/224 321/828/224
f 323/830/225 308/815/225 324/831/225
f 308/815/226 323/830/226 307/814/226
f 325/832/227 324/831/227 326/833/227
f 324/831/228 325/832/228 323/830/228
f 327/834/229 326/833/229 324/831/229
f 326/833/230 327/834/230 328/835/230
f 310/817/231 324/831/231 308/815/231
f 324/831/232 310/817/232 327/834/232
f 327/834/233 312/819/233 329/836/233
f 312/819/234 327/834/234 310/817/234
f 328/835/235 329/836/235 330/837/235
f 329/836/236 328/835/236 327/834/236
f 331/838/237 330/837/237 329/836/237
f 330/837/238 331/838/238 332/839/238
f 314/821/239 329/836/239 312/819/239
f 329/836/240 314/821/240 331/838/240
f 331/838/241 316/823/241 333/840/241
f 316/823/242 331/838/242 314/821/242
f 332/839/243 333/840/243 334/841/243
f 333/840/244 332/839/244 331/838/244
f 335/842/245 334/841/245 333/840/245
f 334/841/246 335/842/246 336/843/246
f 318/825/247 333/840/247 316/823/247
f 333/840/248 318/825/248 335/842/248
f 335/842/249 320/827/249 337/844/249
f 320/827/250 335/842/250 318/825/250
f 336/843/251 337/844/251 338/845/251
f 337/844/252 336/843/252 335/842/252
f 339/846/253 338/845/253 337/844/253
f 338/845/254 339/846/254 340/847/254
f 322/829/255 337/844/255 320/827/255
f 337/844/256 322/829/256 339/846/256
f 341/848/257 326/833/257 342/849/257
f 326/833/258 341/848/258 325/832/258
f 343/850/259 342/849/259 344/851/259
f 342/849/260 343/850/260 341/848/260
f 345/852/261 344/851/261 342/849/261
f 344/851/262 345/852/262 346/853/262
f 328/835/263 342/849/263 326/833/263
f 342/849/264 328/835/264 345/852/264
f 345/852/265 330/837/265 347/854/265
f 330/837/266 345/852/266 328/835/266
f 346/853/267 347/854/267 348/855/267
f 347/854/268 346/853/268 345/852/268
f 349/856/269 348/855/269 347/854/269
f 348/855/270 349/856/270 350/857/270
f 332/839/265 347/854/265 330/837/265
f 347/854/271 332/839/271 349/856/271
f 349/856/272 334/841/272 351/858/272
f 334/841/273 349/856/273 332/839/273
f 350/857/274 351/858/274 352/859/274
f 351/858/275 350/857/275 349/856/275
f 353/860/276 352/859/276 351/858/276
f 352/859/277 353/860/277 354/861/277
f 336/843/278 351/858/278 334/841/278
f 351/858/279 336/843/279 353/860/279
f 353/860/280 338/845/280 355/862/280
f 338/845/281 353/860/281 336/843/281
f 354/861/282 355/862/282 356/863/282
f 355/862/283 354/861/283 353/860/283
f 357/864/284 356/863/284 355/862/284
f 356/863/285 357/864/285 358/865/285
f 340/847/286 355/862/286 338/845/286
f 355/862/287 340/847/287 357/864/287
f 359/866/288 360/867/288 361/868/288
f 360/867/289 359/866/289 362/869/289
f 363/870/290 361/871/290 364/872/290
f 361/868/291 363/873/291 359/866/291
f 365/874/292 364/875/292 361/868/292
f 364/876/293 365/877/293 366/878/293
f 367/879/294 361/868/294 360/867/294
f 361/868/295 367/879/295 365/874/295
f 365/874/296 368/880/296 369/881/296
f 368/880/297 365/874/297 367/879/297
f 366/882/298 369/883/298 370/884/298
f 369/881/299 366/885/299 365/874/299
f 371/886/300 370/887/300 369/881/300
f 370/888/301 371/889/301 372/890/301
f 373/891/302 369/881/302 368/880/302
f 369/881/303 373/891/303 371/886/303
f 374/892/304 375/893/304 376/894/304
f 375/893/305 374/892/305 377/895/305
f 373/891/306 376/894/306 371/886/306
f 376/894/307 373/891/307 374/892/307
f 378/896/308 371/886/308 376/894/308
f 371/897/309 378/898/309 372/899/309
f 379/900/310 376/894/310 375/893/310
f 376/901/311 379/902/311 378/903/311
f 380/904/312 381/905/312 382/906/312
f 381/905/313 380/904/313 383/907/313
f 377/895/314 382/906/314 375/893/314
f 382/906/315 377/895/315 380/904/315
f 384/908/316 375/893/316 382/906/316
f 375/909/317 384/910/317 379/911/317
f 385/912/318 382/906/318 381/905/318
f 382/27/319 385/913/319 384/914/319
f 386/915/320 387/916/320 388/917/320
f 387/916/321 386/915/321 389/918/321
f 390/919/322 388/917/322 391/920/322
f 388/917/323 390/919/323 386/915/323
f 392/921/324 391/920/324 388/917/324
f 391/920/325 392/921/325 393/922/325
f 394/923/326 388/917/326 387/916/326
f 388/917/327 394/923/327 392/921/327
f 395/924/328 396/925/328 397/926/328
f 396/925/329 395/924/329 398/927/329
f 389/918/330 397/926/330 387/916/330
f 397/926/331 389/918/331 395/924/331
f 399/928/332 387/916/332 397/926/332
f 387/916/333 399/928/333 394/923/333
f 400/929/334 397/926/334 396/925/334
f 397/926/335 400/929/335 399/928/335
f 396/925/336 401/930/336 402/931/336
f 401/930/337 396/925/337 398/927/337
f 400/929/338 402/931/338 403/932/338
f 402/931/339 400/929/339 396/925/339
f 404/933/340 403/932/340 402/931/340
f 403/932/341 404/933/341 405/934/341
f 406/935/342 402/931/342 401/930/342
f 402/931/343 406/935/343 404/933/343
f 404/933/344 407/936/344 408/937/344
f 407/936/345 404/933/345 406/935/345
f 405/934/346 408/937/346 409/938/346
f 408/937/347 405/934/347 404/933/347
f 410/939/348 409/938/348 408/937/348
f 409/938/349 410/939/349 411/940/349
f 412/941/350 408/937/350 407/936/350
f 408/937/351 412/941/351 410/939/351
f 413/942/352 414/943/352 415/944/352
f 414/945/353 413/946/353 416/947/353
f 417/126/354 415/948/354 418/949/354
f 415/950/355 417/951/355 413/946/355
f 419/952/356 418/953/356 415/954/356
f 418/953/357 419/952/357 420/955/357
f 421/956/358 415/954/358 414/957/358
f 415/954/359 421/956/359 419/952/359
f 422/958/360 423/959/360 424/960/360
f 423/961/361 422/962/361 425/963/361
f 416/964/362 424/965/362 414/966/362
f 424/967/363 416/947/363 422/962/363
f 426/968/364 414/957/364 424/969/364
f 414/957/365 426/968/365 421/956/365
f 427/970/366 424/969/366 423/971/366
f 424/969/367 427/970/367 426/968/367
f 428/972/368 429/973/368 430/974/368
f 429/975/369 428/976/369 431/977/369
f 425/978/370 430/979/370 423/980/370
f 430/981/371 425/963/371 428/976/371
f 432/982/372 423/971/372 430/983/372
f 423/971/373 432/982/373 427/970/373
f 433/984/374 430/983/374 429/985/374
f 430/983/375 433/984/375 432/982/375
f 434/986/376 435/987/376 436/988/376
f 435/989/377 434/990/377 437/991/377
f 431/484/378 436/992/378 429/993/378
f 436/994/379 431/977/379 434/990/379
f 438/995/380 429/985/380 436/996/380
f 429/985/381 438/995/381 433/984/381
f 439/997/382 436/996/382 435/998/382
f 436/996/383 439/997/383 438/995/383
f 440/999/384 441/1000/384 442/1001/384
f 441/1000/385 440/999/385 443/1002/385
f 444/1003/386 442/1001/386 445/1004/386
f 442/1001/387 444/1003/387 440/999/387
f 446/1005/388 445/1004/388 442/1001/388
f 445/1004/389 446/1005/389 447/1006/389
f 448/1007/390 442/1001/390 441/1000/390
f 442/1001/391 448/1007/391 446/1005/391
f 449/1008/392 450/1009/392 451/1010/392
f 450/1009/393 449/1008/393 452/1011/393
f 443/1002/394 451/1010/394 441/1000/394
f 451/1010/395 443/1002/395 449/1008/395
f 453/1012/396 441/1000/396 451/1010/396
f 441/1000/397 453/1012/397 448/1007/397
f 454/1013/398 451/1010/398 450/1009/398
f 451/1010/399 454/1013/399 453/1012/399
f 455/1014/400 456/1015/400 457/1016/400
f 456/1015/401 455/1014/401 458/1017/401
f 452/1011/402 457/1016/402 450/1009/402
f 457/1016/403 452/1011/403 455/1014/403
f 459/1018/404 450/1009/404 457/1016/404
f 450/1009/405 459/1018/405 454/1013/405
f 460/1019/406 457/1016/406 456/1015/406
f 457/1016/407 460/1019/407 459/1018/407
f 461/1020/408 462/1021/408 463/1022/408
f 462/1021/409 461/1020/409 464/1023/409
f 458/1017/410 463/1022/410 456/1015/410
f 463/1022/411 458/1017/411 461/1020/411
f 465/1024/412 456/1015/412 463/1022/412
f 456/1015/413 465/1024/413 460/1019/413
f 466/1025/414 463/1022/414 462/1021/414
f 463/1022/415 466/1025/415 465/1024/415
f 467/1026/416 468/1027/416 469/1028/416
f 468/1027/417 467/1026/417 470/1029/417
f 471/1030/418 469/1028/418 472/1031/418
f 469/1028/419 471/1030/419 467/1026/419
f 413/946/420 472/1031/420 469/1028/420
f 472/1031/421 413/946/421 417/951/421
f 416/947/422 469/1028/422 468/1027/422
f 469/1028/423 416/947/423 413/946/423
f 473/1032/424 474/1033/424 475/1034/424
f 474/1033/425 473/1032/425 476/1035/425
f 470/1029/426 475/1034/426 468/1027/426
f 475/1034/427 470/1029/427 473/1032/427
f 422/962/428 468/1027/428 475/1034/428
f 468/1027/429 422/962/429 416/947/429
f 425/963/430 475/1034/430 474/1033/430
f 475/1034/431 425/963/431 422/962/431
f 477/1036/432 478/1037/432 479/1038/432
f 478/1037/433 477/1036/433 480/1039/433
f 476/1035/434 479/1038/434 474/1033/434
f 479/1038/435 476/1035/435 477/1036/435
f 428/976/436 474/1033/436 479/1038/436
f 474/1033/437 428/976/437 425/963/437
f 431/977/438 479/1038/438 478/1037/438
f 479/1038/439 431/977/439 428/976/439
f 481/1040/440 482/1041/440 483/1042/440
f 482/1041/441 481/1040/441 484/1043/441
f 480/1039/442 483/1042/442 478/1037/442
f 483/1042/443 480/1039/443 481/1040/443
f 434/990/444 478/1037/444 483/1042/444
f 478/1037/445 434/990/445 431/977/445
f 437/991/446 483/1042/446 482/1041/446
f 483/1042/447 437/991/447 434/990/447
f 485/1044/448 419/952/448 486/1045/448
f 419/952/449 485/1044/449 420/955/449
f 362/869/450 486/1045/450 360/867/450
f 486/1045/451 362/869/451 485/1044/451
f 487/1046/452 360/867/452 486/1045/452
f 360/867/453 487/1046/453 367/879/453
f 421/956/454 486/1045/454 419/952/454
f 486/1045/455 421/956/455 487/1046/455
f 487/1046/456 426/968/456 488/1047/456
f 426/968/457 487/1046/457 421/956/457
f 367/879/458 488/1047/458 368/880/458
f 488/1047/459 367/879/459 487/1046/459
f 489/1048/460 368/880/460 488/1047/460
f 368/880/461 489/1048/461 373/891/461
f 427/970/462 488/1047/462 426/968/462
f 488/1047/463 427/970/463 489/1048/463
f 432/982/464 490/1049/464 491/1050/464
f 490/1049/465 432/982/465 433/984/465
f 427/970/466 491/1050/466 489/1048/466
f 491/1050/467 427/970/467 432/982/467
f 374/892/468 489/1048/468 491/1050/468
f 489/1048/469 374/892/469 373/891/469
f 377/895/470 491/1050/470 490/1049/470
f 491/1050/471 377/895/471 374/892/471
f 438/995/472 492/1051/472 493/1052/472
f 492/1051/473 438/995/473 439/997/473
f 433/984/474 493/1052/474 490/1049/474
f 493/1052/475 433/984/475 438/995/475
f 380/904/476 490/1049/476 493/1052/476
f 490/1049/477 380/904/477 377/895/477
f 383/907/478 493/1052/478 492/1051/478
f 493/1052/479 383/907/479 380/904/479
f 364/1053/480 494/1054/480 495/1055/480
f 494/1054/481 364/1053/481 366/1056/481
f 363/1057/482 495/1055/482 496/1058/482
f 495/1055/483 363/1057/483 364/1053/483
f 386/915/484 496/1058/484 495/1055/484
f 496/1058/485 386/915/485 390/919/485
f 389/918/486 495/1055/486 494/1054/486
f 495/1055/487 389/918/487 386/915/487
f 370/1059/488 497/1060/488 498/1061/488
f 497/1060/489 370/1059/489 372/1062/489
f 366/1056/490 498/1061/490 494/1054/490
f 498/1061/491 366/1056/491 370/1059/491
f 395/924/492 494/1054/492 498/1061/492
f 494/1054/493 395/924/493 389/918/493
f 398/927/494 498/1061/494 497/1060/494
f 498/1061/495 398/927/495 395/924/495
f 378/1063/496 499/1064/496 500/1065/496
f 499/1064/497 378/1063/497 379/1066/497
f 372/1062/498 500/1065/498 497/1060/498
f 500/1065/499 372/1062/499 378/1063/499
f 401/930/500 497/1060/500 500/1065/500
f 497/1060/501 401/930/501 398/927/501
f 406/935/502 500/1065/502 499/1064/502
f 500/1065/503 406/935/503 401/930/503
f 499/1064/504 384/1067/504 501/1068/504
f 384/1067/505 499/1064/505 379/1066/505
f 406/935/506 501/1068/506 407/936/506
f 501/1068/507 406/935/507 499/1064/507
f 502/1069/508 407/936/508 501/1068/508
f 407/936/509 502/1069/509 412/941/509
f 385/1070/510 501/1068/510 384/1067/510
f 501/1068/511 385/1070/511 502/1069/511
f 392/1071/512 503/1072/512 504/1073/512
f 503/1074/513 392/921/513 394/923/513
f 393/1075/514 504/1076/514 505/1077/514
f 504/1078/515 393/922/515 392/921/515
f 440/999/516 505/1079/516 504/1080/516
f 505/1079/517 440/999/517 444/1003/517
f 443/1002/518 504/1080/518 503/1081/518
f 504/1080/519 443/1002/519 440/999/519
f 399/1082/520 506/1083/520 507/1084/520
f 506/1085/521 399/928/521 400/929/521
f 394/1086/522 507/1087/522 503/1088/522
f 507/1089/523 394/923/523 399/928/523
f 449/1008/524 503/1081/524 507/1090/524
f 503/1081/525 449/1008/525 443/1002/525
f 452/1011/526 507/1090/526 506/1091/526
f 507/1090/527 452/1011/527 449/1008/527
f 403/1092/528 508/1093/528 509/1094/528
f 508/1095/529 403/932/529 405/934/529
f 400/1096/530 509/1097/530 506/1098/530
f 509/1099/531 400/929/531 403/932/531
f 455/1014/532 506/1091/532 509/1100/532
f 506/1091/533 455/1014/533 452/1011/533
f 458/1017/534 509/1100/534 508/1101/534
f 509/1100/535 458/1017/535 455/1014/535
f 409/1102/536 510/1103/536 511/1104/536
f 510/1105/537 409/938/537 411/940/537
f 405/1106/538 511/1107/538 508/1108/538
f 511/1109/539 405/934/539 409/938/539
f 461/1020/540 508/1101/540 511/1110/540
f 508/1101/541 461/1020/541 458/1017/541
f 464/1023/542 511/1110/542 510/1111/542
f 511/1110/543 464/1023/543 461/1020/543
f 512/1112/544 513/1113/544 514/1114/544
f 515/1115/545 514/1116/545 513/1117/545
f 514/1114/546 516/1118/546 512/1112/546
f 517/1119/547 512/1112/547 516/1118/547
f 518/1120/548 517/1119/548 519/1121/548
f 516/1118/549 519/1121/549 517/1119/549
f 520/1122/550 518/1120/550 521/1123/550
f 519/1121/551 521/1123/551 518/1120/551
f 522/1124/552 520/1122/552 523/1125/552
f 521/1123/552 523/1125/552 520/1122/552
f 524/1126/553 522/1127/553 525/1128/553
f 523/1125/553 525/1129/553 522/1124/553
f 514/1130/554 515/1131/554 526/1132/554
f 527/1133/554 526/1134/554 515/1135/554
f 526/1136/555 528/1137/555 514/1138/555
f 516/1139/555 514/1140/555 528/1141/555
f 519/1142/556 516/1143/556 529/1144/556
f 528/1145/556 529/1146/556 516/1147/556
f 521/1148/557 519/1149/557 530/1150/557
f 529/1151/558 530/1152/558 519/1153/558
f 523/1154/559 521/1155/559 531/1156/559
f 530/1157/560 531/1158/560 521/1159/560
f 525/1160/561 523/1161/561 532/1162/561
f 531/1163/561 532/1164/561 523/1165/561
f 526/1166/562 527/1167/562 533/1168/562
f 534/455/562 533/1169/562 527/1170/562
f 533/1168/563 535/1171/563 526/1166/563
f 528/1172/564 526/1166/564 535/1171/564
f 529/1173/565 528/1172/565 536/1174/565
f 535/1171/565 536/1174/565 528/1172/565
f 530/1175/566 529/1173/566 537/1176/566
f 536/1174/566 537/1176/566 529/1173/566
f 531/1177/567 530/1175/567 538/1178/567
f 537/1176/568 538/1178/568 530/1175/568
f 532/1179/569 531/1180/569 539/1181/569
f 538/1178/570 539/1182/570 531/1177/570
f 533/1183/571 534/1184/571 512/1185/571
f 513/1186/572 512/1187/572 534/1188/572
f 512/1185/573 517/1189/573 533/1183/573
f 535/1190/573 533/1183/573 517/1189/573
f 536/1191/574 535/1190/574 518/1192/574
f 517/1189/574 518/1192/574 535/1190/574
f 537/1193/575 536/1191/575 520/1194/575
f 518/1192/575 520/1194/575 536/1191/575
f 538/1195/576 537/1193/576 522/1196/576
f 520/1194/576 522/1196/576 537/1193/576
f 539/1197/577 538/1198/577 524/1199/577
f 522/1196/577 524/1200/577 538/1195/577
f 534/1201/578 527/1202/578 513/1203/578
f 515/1204/579 513/1203/579 527/1202/579
f 525/1205/580 532/1206/580 524/1207/580
f 539/1208/581 524/1207/581 532/1206/581
f 540/1209/1 541/1210/1 542/1211/1
f 543/1212/1 542/1213/1 541/1214/1
f 542/1213/582 543/1212/582 544/1215/582
f 545/1216/583 544/1215/583 543/1212/583
f 544/1215/584 545/1216/584 546/1217/584
f 547/1218/585 546/1217/585 545/1216/585
f 546/1217/1 547/1218/1 548/1219/1
f 549/1220/586 548/1219/586 547/1218/586
f 548/1219/587 549/1220/587 550/1221/587
f 551/1222/587 550/1221/587 549/1220/587
f 550/1221/588 551/1222/588 552/1223/588
f 553/1224/589 552/1223/589 551/1222/589
f 552/1223/590 553/1224/590 554/1225/590
f 555/1226/590 554/1225/590 553/1224/590
f 554/1225/591 555/1226/591 556/1227/591
f 557/1228/592 556/1229/592 555/1230/592
f 558/1231/2 540/1232/2 559/1233/2
f 542/1234/593 559/1235/593 540/1236/593
f 559/1237/594 542/1238/594 560/1239/594
f 544/1240/595 560/1241/595 542/1242/595
f 560/1243/596 544/1244/596 561/1245/596
f 546/1246/597 561/1247/597 544/1248/597
f 561/1249/598 546/1250/598 562/1251/598
f 548/1252/598 562/1253/598 546/1254/598
f 562/1255/599 548/1256/599 563/1257/599
f 550/1258/599 563/1259/599 548/1260/599
f 563/1261/600 550/1262/600 564/1263/600
f 552/1264/600 564/1265/600 550/1266/600
f 564/1267/601 552/1268/601 565/1269/601
f 554/1270/601 565/1271/601 552/1272/601
f 565/1273/602 554/1274/602 566/1275/602
f 556/1276/602 566/1277/602 554/1278/602
f 567/1279/603 558/1280/603 568/1281/603
f 559/1282/603 568/1283/603 558/1284/603
f 568/1283/604 559/1282/604 569/1285/604
f 560/1286/604 569/1285/604 559/1282/604
f 569/1285/605 560/1286/605 570/1287/605
f 561/1288/605 570/1287/605 560/1286/605
f 570/1287/31 561/1288/31 571/1289/31
f 562/1290/3 571/1289/3 561/1288/3
f 571/1289/606 562/1290/606 572/1291/606
f 563/1292/606 572/1291/606 562/1290/606
f 572/1291/607 563/1292/607 573/1293/607
f 564/1294/608 573/1293/608 563/1292/608
f 573/1293/609 564/1294/609 574/1295/609
f 565/1296/609 574/1295/609 564/1294/609
f 574/1295/610 565/1296/610 575/1297/610
f 566/1298/611 575/1299/611 565/1300/611
f 541/1301/10 567/1302/10 543/1303/10
f 568/1304/17 543/1305/17 567/1306/17
f 543/1305/612 568/1304/612 545/1307/612
f 569/1308/612 545/1307/612 568/1304/612
f 545/1307/613 569/1308/613 547/1309/613
f 570/1310/613 547/1309/613 569/1308/613
f 547/1309/614 570/1310/614 549/1311/614
f 571/1312/614 549/1311/614 570/1310/614
f 549/1311/615 571/1312/615 551/1313/615
f 572/1314/615 551/1313/615 571/1312/615
f 551/1313/616 572/1314/616 553/1315/616
f 573/1316/617 553/1315/617 572/1314/617
f 553/1315/618 573/1316/618 555/1317/618
f 574/1318/618 555/1317/618 573/1316/618
f 555/1317/619 574/1318/619 557/1319/619
f 575/1320/619 557/1321/619 574/1322/619
f 540/139/6 558/1323/6 541/1324/6
f 567/1325/6 541/1324/6 558/1323/6
f 575/1326/7 566/1327/7 557/1328/7
f 556/1329/7 557/1328/7 566/1327/7
f 576/1330/620 577/1331/620 578/1332/620
f 579/1333/620 578/1334/620 577/88/620
f 578/1332/621 580/1335/621 576/1330/621
f 581/1336/621 576/1330/621 580/1335/621
f 582/1337/622 581/1336/622 583/1338/622
f 580/1335/623 583/1338/623 581/1336/623
f 584/1339/624 582/1337/624 585/1340/624
f 583/1338/624 585/1340/624 582/1337/624
f 586/1341/625 584/1339/625 587/1342/625
f 585/1340/625 587/1342/625 584/1339/625
f 588/1343/626 586/1344/626 589/1345/626
f 587/1342/626 589/1346/626 586/1341/626
f 578/1347/627 579/1348/627 590/1349/627
f 591/1350/627 590/1351/627 579/1352/627
f 590/1353/628 592/1354/628 578/1355/628
f 580/1356/628 578/1357/628 592/1358/628
f 583/1359/629 580/1360/629 593/1361/629
f 592/1362/629 593/1363/629 580/1364/629
f 585/1365/630 583/1366/630 594/1367/630
f 593/1368/630 594/1369/630 583/1370/630
f 587/1371/631 585/1372/631 595/1373/631
f 594/1374/631 595/1375/631 585/1376/631
f 589/1377/632 587/1378/632 596/1379/632
f 595/1380/633 596/1381/633 587/1382/633
f 590/1383/634 591/1384/634 597/1385/634
f 598/1386/635 597/1387/635 591/283/635
f 597/1385/636 599/1388/636 590/1383/636
f 592/1389/636 590/1383/636 599/1388/636
f 593/1390/637 592/1389/637 600/1391/637
f 599/1388/637 600/1391/637 592/1389/637
f 594/1392/638 593/1390/638 601/1393/638
f 600/1391/639 601/1393/639 593/1390/639
f 595/1394/640 594/1392/640 602/1395/640
f 601/1393/640 602/1395/640 594/1392/640
f 596/1396/641 595/1397/641 603/1398/641
f 602/1395/641 603/1399/641 595/1394/641
f 597/1400/642 598/1401/642 576/1402/642
f 577/1403/642 576/1404/642 598/1405/642
f 576/1402/643 581/1406/643 597/1400/643
f 599/1407/644 597/1400/644 581/1406/644
f 600/1408/645 599/1407/645 582/1409/645
f 581/1406/646 582/1409/646 599/1407/646
f 601/1410/647 600/1408/647 584/1411/647
f 582/1409/647 584/1411/647 600/1408/647
f 602/1412/648 601/1410/648 586/1413/648
f 584/1411/648 586/1413/648 601/1410/648
f 603/1414/649 602/1415/649 588/1416/649
f 586/1413/649 588/1417/649 602/1412/649
f 598/1418/650 591/1419/650 577/1420/650
f 579/1421/651 577/1420/651 591/1419/651
f 589/1422/652 596/1423/652 588/1424/652
f 603/1425/652 588/1424/652 596/1423/652
f 604/1426/653 605/1427/653 606/1428/653
f 605/1429/586 604/1430/586 607/1431/586
f 608/1432/654 607/1431/654 604/1430/654
f 607/1431/654 608/1432/654 609/1433/654
f 610/1434/655 609/1433/655 608/1432/655
f 609/1433/656 610/1434/656 611/1435/656
f 612/1436/1 611/1435/1 610/1434/1
f 611/1435/1 612/1436/1 613/1437/1
f 614/1438/657 613/1437/657 612/1436/657
f 613/1437/658 614/1438/658 615/1222/658
f 616/1439/659 615/1222/659 614/1438/659
f 615/1222/660 616/1439/660 617/1440/660
f 618/1441/661 617/1440/661 616/1439/661
f 617/1440/662 618/1441/662 619/1442/662
f 620/1443/663 619/1442/663 618/1441/663
f 619/1444/664 620/1445/664 621/1446/664
f 622/1447/2 606/1235/2 623/1448/2
f 606/1449/2 622/1450/2 604/1451/2
f 624/1452/665 604/1453/665 622/1454/665
f 604/1455/665 624/1456/665 608/1457/665
f 625/1458/666 608/1459/666 624/1460/666
f 608/1461/666 625/1462/666 610/1463/666
f 626/1464/667 610/1465/667 625/1466/667
f 610/1467/668 626/1468/668 612/1469/668
f 627/1470/669 612/1471/669 626/1472/669
f 612/1473/670 627/1474/670 614/1475/670
f 628/1476/671 614/1477/671 627/1478/671
f 614/1479/671 628/1480/671 616/1481/671
f 629/1482/672 616/1483/672 628/1484/672
f 616/1485/672 629/1486/672 618/1487/672
f 630/1488/673 618/1489/673 629/1490/673
f 618/1491/674 630/1492/674 620/1493/674
f 631/1494/31 623/1495/31 632/1496/31
f 623/1497/3 631/1498/3 622/1499/3
f 633/1500/675 622/1499/675 631/1498/675
f 622/1499/675 633/1500/675 624/1501/675
f 634/1502/676 624/1501/676 633/1500/676
f 624/1501/677 634/1502/677 625/1503/677
f 635/1504/678 625/1503/678 634/1502/678
f 625/1503/3 635/1504/3 626/1505/3
f 636/1506/679 626/1505/679 635/1504/679
f 626/1505/679 636/1506/679 627/1507/679
f 637/1508/680 627/1507/680 636/1506/680
f 627/1507/681 637/1508/681 628/1509/681
f 638/1510/682 628/1509/682 637/1508/682
f 628/1509/683 638/1510/683 629/1511/683
f 639/1512/609 629/1511/609 638/1510/609
f 629/1513/684 639/1514/684 630/1515/684
f 607/1516/4 632/1517/4 605/1518/4
f 632/1519/32 607/1520/32 631/1521/32
f 609/1522/685 631/1521/685 607/1520/685
f 631/1521/686 609/1522/686 633/1523/686
f 611/1524/687 633/1523/687 609/1522/687
f 633/1523/688 611/1524/688 634/1525/688
f 613/1526/689 634/1525/689 611/1524/689
f 634/1525/689 613/1526/689 635/1527/689
f 615/1528/690 635/1527/690 613/1526/690
f 635/1527/691 615/1528/691 636/1529/691
f 617/1530/692 636/1529/692 615/1528/692
f 636/1529/692 617/1530/692 637/1531/692
f 619/1532/693 637/1531/693 617/1530/693
f 637/1531/694 619/1532/694 638/1533/694
f 621/1534/695 638/1533/695 619/1532/695
f 638/1535/696 621/1536/696 639/1537/696
f 605/1538/7 623/1539/7 606/1540/7
f 623/1539/697 605/1538/697 632/1541/697
f 621/1542/6 630/1543/6 639/1328/6
f 630/1543/6 621/1542/6 620/1544/6
f 640/1545/698 641/1546/698 642/1547/698
f 643/1548/698 642/1549/698 641/1550/698
f 642/1547/699 644/1551/699 640/1545/699
f 645/1552/699 640/1545/699 644/1551/699
f 646/1553/700 645/1552/700 647/1554/700
f 644/1551/700 647/1554/700 645/1552/700
f 648/1555/701 646/1553/701 649/1556/701
f 647/1554/701 649/1556/701 646/1553/701
f 650/1557/702 648/1555/702 651/1558/702
f 649/1556/702 651/1558/702 648/1555/702
f 652/1559/703 650/1560/703 653/1561/703
f 651/1558/703 653/1562/703 650/1557/703
f 642/1563/704 643/1564/704 654/1565/704
f 655/1566/704 654/1567/704 643/1568/704
f 654/1569/705 656/1570/705 642/1571/705
f 644/1572/706 642/1573/706 656/1574/706
f 647/1575/707 644/1576/707 657/1577/707
f 656/1578/708 657/1579/708 644/1580/708
f 649/1581/709 647/1582/709 658/1583/709
f 657/1584/709 658/1585/709 647/1586/709
f 651/1587/710 649/1588/710 659/1589/710
f 658/1590/711 659/1591/711 649/1592/711
f 653/1593/712 651/1594/712 660/1595/712
f 659/1596/713 660/1597/713 651/1598/713
f 654/1599/714 655/1600/714 661/1601/714
f 662/1602/715 661/1603/715 655/1604/715
f 661/1601/716 663/1605/716 654/1599/716
f 656/1606/716 654/1599/716 663/1605/716
f 657/1607/717 656/1606/717 664/1608/717
f 663/1605/717 664/1608/717 656/1606/717
f 658/1609/718 657/1607/718 665/1610/718
f 664/1608/719 665/1610/719 657/1607/719
f 659/1611/720 658/1609/720 666/1612/720
f 665/1610/721 666/1612/721 658/1609/721
f 660/1613/722 659/1614/722 667/1615/722
f 666/1612/722 667/1616/722 659/1611/722
f 661/1617/723 662/1618/723 640/1619/723
f 641/1620/723 640/1621/723 662/1622/723
f 640/1619/724 645/1623/724 661/1617/724
f 663/1624/724 661/1617/724 645/1623/724
f 664/1625/725 663/1624/725 646/1626/725
f 645/1623/725 646/1626/725 663/1624/725
f 665/1627/726 664/1625/726 648/1628/726
f 646/1626/727 648/1628/727 664/1625/727
f 666/1629/728 665/1627/728 650/1630/728
f 648/1628/728 650/1630/728 665/1627/728
f 667/1631/729 666/1632/729 652/1633/729
f 650/1630/730 652/1634/730 666/1629/730
f 662/1635/731 655/1636/731 641/1637/731
f 643/1638/732 641/1637/732 655/1636/732
f 653/1639/733 660/1640/733 652/1641/733
f 667/1642/734 652/1641/734 660/1640/734
f 668/1643/735 669/1644/735 670/1645/735
f 671/1646/735 670/1647/735 669/1648/735
f 670/1645/736 672/1649/736 668/1643/736
f 673/1650/736 668/1643/736 672/1649/736
f 674/1651/737 673/1650/737 675/1652/737
f 672/1649/738 675/1652/738 673/1650/738
f 676/1653/739 674/1651/739 677/1654/739
f 675/1652/739 677/1654/739 674/1651/739
f 678/1655/740 676/1653/740 679/1656/740
f 677/1654/740 679/1656/740 676/1653/740
f 680/1657/741 678/1658/741 681/1659/741
f 679/1656/741 681/1660/741 678/1655/741
f 670/1661/742 671/1662/742 682/1663/742
f 683/1664/742 682/1665/742 671/1666/742
f 682/1667/743 684/1668/743 670/1669/743
f 672/1670/743 670/1671/743 684/1672/743
f 675/1673/744 672/1674/744 685/1675/744
f 684/1676/745 685/1677/745 672/1678/745
f 677/1679/746 675/1680/746 686/576/746
f 685/1681/746 686/1682/746 675/1683/746
f 679/1684/747 677/1685/747 687/1686/747
f 686/1687/747 687/1688/747 677/1689/747
f 681/1690/748 679/1691/748 688/1692/748
f 687/1693/749 688/1694/749 679/1695/749
f 682/1696/750 683/1697/750 689/1698/750
f 690/1699/750 689/1700/750 683/1576/750
f 689/1698/751 691/1701/751 682/1696/751
f 684/1702/752 682/1696/752 691/1701/752
f 685/1703/753 684/1702/753 692/1704/753
f 691/1701/754 692/1704/754 684/1702/754
f 686/1705/755 685/1703/755 693/1706/755
f 692/1704/756 693/1706/756 685/1703/756
f 687/1707/757 686/1705/757 694/1708/757
f 693/1706/757 694/1708/757 686/1705/757
f 688/1709/758 687/1710/758 695/1711/758
f 694/1708/759 695/1712/759 687/1707/759
f 689/1713/760 690/1714/760 668/1715/760
f 669/417/760 668/1716/760 690/1717/760
f 668/1715/761 673/1718/761 689/1713/761
f 691/1719/761 689/1713/761 673/1718/761
f 692/1720/762 691/1719/762 674/1721/762
f 673/1718/762 674/1721/762 691/1719/762
f 693/1722/763 692/1720/763 676/1723/763
f 674/1721/763 676/1723/763 692/1720/763
f 694/1724/764 693/1722/764 678/1725/764
f 676/1723/764 678/1725/764 693/1722/764
f 695/1726/765 694/1727/765 680/1728/765
f 678/1725/766 680/1729/766 694/1724/766
f 690/1730/767 683/1731/767 669/1732/767
f 671/1733/767 669/1732/767 683/1731/767
f 681/1420/768 688/1734/768 680/1735/768
f 695/1736/769 680/1735/769 688/1734/769
f 696/1737/770 697/1738/770 698/1739/770
f 699/1740/771 698/1741/771 697/1742/771
f 698/1739/772 700/1743/772 696/1737/772
f 701/1744/772 696/1737/772 700/1743/772
f 702/1745/773 701/1744/773 703/1746/773
f 700/1743/773 703/1746/773 701/1744/773
f 704/1747/774 702/1745/774 705/1748/774
f 703/1746/774 705/1748/774 702/1745/774
f 706/1749/775 704/1747/775 707/1750/775
f 705/1748/775 707/1750/775 704/1747/775
f 708/1751/776 706/1752/776 709/1753/776
f 707/1750/777 709/1754/777 706/1749/777
f 698/1755/778 699/1756/778 710/1757/778
f 711/1758/779 710/1759/779 699/1760/779
f 710/1761/780 712/1762/780 698/1763/780
f 700/1764/781 698/1765/781 712/75/781
f 703/1766/782 700/1767/782 713/1768/782
f 712/1769/783 713/1770/783 700/1771/783
f 705/1772/784 703/1773/784 714/1774/784
f 713/1775/784 714/1776/784 703/1777/784
f 707/1778/785 705/1779/785 715/1780/785
f 714/1781/785 715/1782/785 705/1783/785
f 709/1784/786 707/1785/786 716/1786/786
f 715/1787/786 716/401/786 707/1788/786
f 710/1789/787 711/1790/787 717/1791/787
f 718/1792/787 717/1793/787 711/1794/787
f 717/1791/788 719/1795/788 710/1789/788
f 712/1796/788 710/1789/788 719/1795/788
f 713/1797/789 712/1796/789 720/1798/789
f 719/1795/789 720/1798/789 712/1796/789
f 714/1799/790 713/1797/790 721/1800/790
f 720/1798/790 721/1800/790 713/1797/790
f 715/1801/791 714/1799/791 722/1802/791
f 721/1800/791 722/1802/791 714/1799/791
f 716/1803/792 715/1804/792 723/1805/792
f 722/1802/792 723/1806/792 715/1801/792
f 717/1807/793 718/1808/793 696/1809/793
f 697/1810/793 696/1811/793 718/1812/793
f 696/1809/794 701/1813/794 717/1807/794
f 719/1814/794 717/1807/794 701/1813/794
f 720/1815/795 719/1814/795 702/1816/795
f 701/1813/795 702/1816/795 719/1814/795
f 721/1817/796 720/1815/796 704/1818/796
f 702/1816/797 704/1818/797 720/1815/797
f 722/1819/798 721/1817/798 706/1820/798
f 704/1818/798 706/1820/798 721/1817/798
f 723/1821/799 722/1822/799 708/1823/799
f 706/1820/800 708/1824/800 722/1819/800
f 718/1825/801 711/1826/801 697/1827/801
f 699/1828/802 697/1827/802 711/1826/802
f 709/1829/803 716/1830/803 708/1831/803
f 723/1832/804 708/1831/804 716/1830/804
f 724/1833/805 725/1834/805 726/1835/805
f 725/1836/805 724/1837/805 727/1838/805
f 726/1835/806 728/1839/806 724/1833/806
f 728/1839/806 726/1835/806 729/1840/806
f 730/1841/807 729/1840/807 731/1842/807
f 729/1840/807 730/1841/807 728/1839/807
f 732/1843/808 731/1842/808 733/1844/808
f 731/1842/808 732/1843/808 730/1841/808
f 734/1845/809 733/1844/809 735/1846/809
f 733/1844/809 734/1845/809 732/1843/809
f 736/1847/810 735/1848/810 737/978/810
f 735/1846/811 736/1849/811 734/1845/811
f 738/1850/812 727/1851/812 724/1852/812
f 727/1853/812 738/1854/812 739/1855/812
f 724/1856/813 740/1857/813 738/1858/813
f 740/1859/813 724/1860/813 728/1861/813
f 741/1862/814 728/1863/814 730/1864/814
f 728/1865/815 741/1866/815 740/1867/815
f 742/1868/816 730/1869/816 732/1870/816
f 730/1871/816 742/1872/816 741/1873/816
f 743/1874/817 732/1875/817 734/1876/817
f 732/1877/817 743/1878/817 742/1879/817
f 744/1880/818 734/1881/818 736/1882/818
f 734/1883/819 744/1884/819 743/1885/819
f 745/1886/820 739/1887/820 738/1888/820
f 739/1889/820 745/1890/820 746/1891/820
f 738/1888/821 747/1892/821 745/1886/821
f 747/1892/822 738/1888/822 740/1893/822
f 748/1894/823 740/1893/823 741/1895/823
f 740/1893/823 748/1894/823 747/1892/823
f 749/1896/824 741/1895/824 742/1897/824
f 741/1895/824 749/1896/824 748/1894/824
f 750/1898/825 742/1897/825 743/1899/825
f 742/1897/825 750/1898/825 749/1896/825
f 751/1900/826 743/1901/826 744/1902/826
f 743/1899/826 751/1903/826 750/1898/826
f 726/1904/827 746/1905/827 745/1906/827
f 746/1907/828 726/1908/828 725/1909/828
f 745/1906/829 729/1910/829 726/1904/829
f 729/1910/829 745/1906/829 747/1911/829
f 731/1912/830 747/1911/830 748/1913/830
f 747/1911/830 731/1912/830 729/1910/830
f 733/1914/831 748/1913/831 749/1915/831
f 748/1913/831 733/1914/831 731/1912/831
f 735/1916/832 749/1915/832 750/1917/832
f 749/1915/832 735/1916/832 733/1914/832
f 737/1918/833 750/1919/833 751/1920/833
f 750/1917/834 737/1921/834 735/1916/834
f 725/1922/835 739/1923/835 746/1924/835
f 739/1923/836 725/1922/836 727/1925/836
f 737/1926/837 744/1640/837 736/1927/837
f 744/1640/837 737/1926/837 751/1642/837
f 752/1928/653 753/1929/653 754/1930/653
f 753/1931/1 752/1932/1 755/1933/1
f 756/1934/654 755/1933/654 752/1932/654
f 755/1933/654 756/1934/654 757/1935/654
f 758/1936/838 757/1935/838 756/1934/838
f 757/1935/838 758/1936/838 759/1937/838
f 760/1938/1 759/1937/1 758/1936/1
f 759/1937/1 760/1938/1 761/1939/1
f 762/1940/658 761/1939/658 760/1938/658
f 761/1939/658 762/1940/658 763/1941/658
f 764/1942/659 763/1941/659 762/1940/659
f 763/1941/659 764/1942/659 765/1943/659
f 766/1944/662 765/1943/662 764/1942/662
f 765/1943/839 766/1944/839 767/1945/839
f 768/1946/590 767/1945/590 766/1944/590
f 767/1947/663 768/1948/663 769/1949/663
f 770/1950/2 754/1951/2 771/1952/2
f 754/1953/2 770/1954/2 752/1955/2
f 772/1956/665 752/1957/665 770/1958/665
f 752/1959/840 772/1960/840 756/1961/840
f 773/1962/841 756/276/841 772/1963/841
f 756/1964/841 773/1965/841 758/1966/841
f 774/1967/668 758/1968/668 773/1969/668
f 758/1970/668 774/1971/668 760/1972/668
f 775/1973/669 760/1974/669 774/1975/669
f 760/1976/669 775/1977/669 762/1978/669
f 776/1979/842 762/1980/842 775/1981/842
f 762/1982/842 776/1983/842 764/1984/842
f 777/1985/843 764/1986/843 776/1987/843
f 764/1988/843 777/1989/843 766/1990/843
f 778/1991/674 766/1992/674 777/1993/674
f 766/1994/674 778/1995/674 768/1996/674
f 779/1997/603 771/1998/603 780/1999/603
f 771/2000/3 779/2001/3 770/2002/3
f 781/2003/675 770/2002/675 779/2001/675
f 770/2002/675 781/2003/675 772/2004/675
f 782/2005/676 772/2004/676 781/2003/676
f 772/2004/677 782/2005/677 773/2006/677
f 783/2007/678 773/2006/678 782/2005/678
f 773/2006/3 783/2007/3 774/2008/3
f 784/2009/679 774/2008/679 783/2007/679
f 774/2008/679 784/2009/679 775/2010/679
f 785/2011/680 775/2010/680 784/2009/680
f 775/2010/680 785/2011/680 776/2012/680
f 786/2013/844 776/2012/844 785/2011/844
f 776/2012/683 786/2013/683 777/2014/683
f 787/2015/609 777/2014/609 786/2013/609
f 777/2016/609 787/2017/609 778/2018/609
f 755/2019/4 780/1874/4 753/2020/4
f 780/2021/4 755/2022/4 779/2023/4
f 757/2024/685 779/2023/685 755/2022/685
f 779/2023/686 757/2024/686 781/2025/686
f 759/2026/688 781/2025/688 757/2024/688
f 781/2025/687 759/2026/687 782/2027/687
f 761/2028/845 782/2027/845 759/2026/845
f 782/2027/689 761/2028/689 783/2029/689
f 763/2030/690 783/2029/690 761/2028/690
f 783/2029/690 763/2030/690 784/2031/690
f 765/2032/692 784/2031/692 763/2030/692
f 784/2031/692 765/2032/692 785/2033/692
f 767/2034/694 785/2033/694 765/2032/694
f 785/2033/694 767/2034/694 786/2035/694
f 769/2036/695 786/2035/695 767/2034/695
f 786/2037/695 769/2038/695 787/2039/695
f 753/2040/7 771/2041/7 754/2042/7
f 771/2041/697 753/2040/697 780/2043/697
f 769/2044/6 778/2045/6 787/2046/6
f 778/2045/6 769/2044/6 768/2047/6
f 788/2048/846 789/2049/846 790/2050/846
f 791/2051/847 790/2052/847 789/2053/847
f 790/2050/848 792/2054/848 788/2048/848
f 793/2055/848 788/2048/848 792/2054/848
f 794/2056/849 793/2055/849 795/2057/849
f 792/2054/849 795/2057/849 793/2055/849
f 796/2058/850 794/2056/850 797/2059/850
f 795/2057/851 797/2059/851 794/2056/851
f 798/2060/852 796/2058/852 799/2061/852
f 797/2059/853 799/2061/853 796/2058/853
f 800/2062/854 798/2063/854 801/2064/854
f 799/2061/854 801/2065/854 798/2060/854
f 790/2066/855 791/2067/855 802/2068/855
f 803/2069/856 802/2070/856 791/2071/856
f 802/2072/857 804/2073/857 790/1343/857
f 792/2074/857 790/2075/857 804/2076/857
f 795/2077/858 792/2078/858 805/2079/858
f 804/1181/858 805/2080/858 792/2081/858
f 797/2082/859 795/2083/859 806/2084/859
f 805/2085/859 806/2086/859 795/2087/859
f 799/2088/860 797/2089/860 807/2090/860
f 806/2091/860 807/2092/860 797/2093/860
f 801/2094/861 799/2095/861 808/2096/861
f 807/2097/861 808/2098/861 799/2099/861
f 802/2100/862 803/2101/862 809/2102/862
f 810/2103/863 809/2104/863 803/2105/863
f 809/2102/864 811/2106/864 802/2100/864
f 804/2107/865 802/2100/865 811/2106/865
f 805/2108/866 804/2107/866 812/2109/866
f 811/2106/867 812/2109/867 804/2107/867
f 806/2110/868 805/2108/868 813/2111/868
f 812/2109/868 813/2111/868 805/2108/868
f 807/2112/869 806/2110/869 814/2113/869
f 813/2111/869 814/2113/869 806/2110/869
f 808/2114/870 807/2096/870 815/2115/870
f 814/2113/870 815/2116/870 807/2112/870
f 809/2117/871 810/2118/871 788/2119/871
f 789/2120/871 788/2121/871 810/2122/871
f 788/2119/872 793/2123/872 809/2117/872
f 811/2124/873 809/2117/873 793/2123/873
f 812/2125/874 811/2124/874 794/2126/874
f 793/2123/874 794/2126/874 811/2124/874
f 813/2127/875 812/2125/875 796/2128/875
f 794/2126/875 796/2128/875 812/2125/875
f 814/2129/876 813/2127/876 798/2130/876
f 796/2128/876 798/2130/876 813/2127/876
f 815/2131/877 814/2132/877 800/2133/877
f 798/2130/878 800/2134/878 814/2129/878
f 810/2135/879 803/2136/879 789/2137/879
f 791/2138/879 789/2137/879 803/2136/879
f 801/2139/880 808/2140/880 800/2141/880
f 815/2142/881 800/2141/881 808/2140/881
f 816/2143/586 817/2144/586 818/2145/586
f 819/2146/586 818/2147/586 817/2148/586
f 818/2147/582 819/2146/582 820/2149/582
f 821/2150/582 820/2149/582 819/2146/582
f 820/2149/882 821/2150/882 822/2151/882
f 823/2152/882 822/2151/882 821/2150/882
f 822/2151/586 823/2152/586 824/2153/586
f 825/2154/1 824/2153/1 823/2152/1
f 824/2153/883 825/2154/883 826/2155/883
f 827/2156/587 826/2155/587 825/2154/587
f 826/2155/588 827/2156/588 828/2157/588
f 829/2158/589 828/2157/589 827/2156/589
f 828/2157/590 829/2158/590 830/2159/590
f 831/2160/663 830/2159/663 829/2158/663
f 830/2159/591 831/2160/591 832/2161/591
f 833/2162/592 832/2163/592 831/2164/592
f 834/2165/2 816/2166/2 835/2167/2
f 818/2168/2 835/2169/2 816/2170/2
f 835/2171/594 818/2172/594 836/2173/594
f 820/2174/594 836/2175/594 818/2176/594
f 836/2177/597 820/291/597 837/2178/597
f 822/2179/596 837/2178/596 820/291/596
f 837/2180/598 822/2181/598 838/2182/598
f 824/2183/598 838/2184/598 822/2185/598
f 838/2186/599 824/2187/599 839/2188/599
f 826/2189/599 839/1450/599 824/2190/599
f 839/2191/600 826/2192/600 840/2193/600
f 828/2194/600 840/2195/600 826/2196/600
f 840/2197/884 828/2198/884 841/2199/884
f 830/2200/601 841/2201/601 828/2202/601
f 841/2203/602 830/2204/602 842/2205/602
f 832/2206/602 842/2207/602 830/2208/602
f 843/2209/31 834/1459/31 844/2210/31
f 835/2211/603 844/2212/603 834/2213/603
f 844/2212/604 835/2211/604 845/2214/604
f 836/2215/885 845/2214/885 835/2211/885
f 845/2214/605 836/2215/605 846/2216/605
f 837/2217/886 846/2216/886 836/2215/886
f 846/2216/3 837/2217/3 847/2218/3
f 838/2219/3 847/2218/3 837/2217/3
f 847/2218/606 838/2219/606 848/2220/606
f 839/2221/606 848/2220/606 838/2219/606
f 848/2220/607 839/2221/607 849/2222/607
f 840/2223/608 849/2222/608 839/2221/608
f 849/2222/609 840/2223/609 850/2224/609
f 841/2225/609 850/2224/609 840/2223/609
f 850/2224/610 841/2225/610 851/2226/610
f 842/2227/611 851/1153/611 841/2228/611
f 817/2229/10 843/2230/10 819/2231/10
f 844/2232/10 819/2233/10 843/2234/10
f 819/2233/887 844/2232/887 821/2024/887
f 845/2235/887 821/2024/887 844/2232/887
f 821/2024/888 845/2235/888 823/2236/888
f 846/2237/888 823/2236/888 845/2235/888
f 823/2236/614 846/2237/614 825/2238/614
f 847/2239/614 825/2238/614 846/2237/614
f 825/2238/615 847/2239/615 827/2240/615
f 848/2241/615 827/2240/615 847/2239/615
f 827/2240/616 848/2241/616 829/2242/616
f 849/2243/616 829/2242/616 848/2241/616
f 829/2242/889 849/2243/889 831/2244/889
f 850/2245/890 831/2244/890 849/2243/890
f 831/2244/891 850/2245/891 833/2246/891
f 851/2247/619 833/2248/619 850/2249/619
f 816/1323/892 834/2044/892 817/1325/892
f 843/2046/6 817/1325/6 834/2044/6
f 851/2250/7 842/2251/7 833/2252/7
f 832/2253/697 833/2252/697 842/2251/697
f 852/2254/893 853/2255/893 854/2256/893
f 853/2255/893 852/2254/893 855/2257/893
f 856/2258/586 854/2259/586 857/2260/586
f 854/2261/586 856/2262/586 852/2263/586
f 858/2264/894 857/2265/894 859/2266/894
f 857/2267/894 858/2268/894 856/2269/894
f 855/2270/603 859/2271/603 853/2272/603
f 859/2273/895 855/2274/895 858/2275/895
f 860/2276/893 861/419/893 862/2277/893
f 861/2278/893 860/2279/893 863/2280/893
f 864/2281/586 862/2282/586 865/2283/586
f 862/2284/586 864/2285/586 860/2286/586
f 866/2287/894 865/2288/894 867/2289/894
f 865/2290/894 866/2291/894 864/2292/894
f 863/2293/3 867/2294/3 861/2295/3
f 867/2296/895 863/2297/895 866/2298/895
f 868/165/896 855/2299/896 852/2300/896
f 855/2301/896 868/2302/896 869/2303/896
f 870/2304/897 852/2305/897 856/2306/897
f 852/2307/897 870/2308/897 868/2309/897
f 871/2310/898 856/2311/898 858/2312/898
f 856/2313/898 871/2314/898 870/2315/898
f 869/2316/3 858/2275/3 855/2274/3
f 858/2317/899 869/2318/899 871/2319/899
f 872/2320/896 863/2313/896 860/2321/896
f 863/2322/896 872/2323/896 873/2324/896
f 874/2325/897 860/2326/897 864/2327/897
f 860/2318/897 874/2307/897 872/2328/897
f 875/2329/898 864/2330/898 866/2331/898
f 864/2332/900 875/2333/900 874/2334/900
f 873/2335/895 866/2298/895 863/2297/895
f 866/2298/603 873/2335/603 875/2336/603
f 876/2337/4 873/2338/4 872/2339/4
f 873/2340/4 876/662/4 877/2341/4
f 876/2342/10 872/2343/10 869/2344/10
f 878/2345/4 869/2346/4 868/2347/4
f 869/2348/4 878/2349/4 876/2350/4
f 879/2351/586 868/2352/586 870/2353/586
f 868/2352/586 879/2351/586 878/2354/586
f 880/2355/2 870/2356/2 871/2357/2
f 870/2358/2 880/2359/2 879/2360/2
f 880/2361/2 871/2362/2 874/2363/2
f 881/2364/2 874/2365/2 875/2366/2
f 874/2367/2 881/2368/2 880/2369/2
f 877/2370/31 875/2336/31 873/2335/31
f 875/2336/31 877/2370/31 881/2371/31
f 853/2372/697 857/2373/697 854/2374/697
f 857/2373/901 853/2372/901 859/2375/901
f 872/2376/697 871/2377/697 869/2378/697
f 871/2377/901 872/2376/901 874/2379/901
f 861/2380/697 865/2381/697 862/2382/697
f 865/2381/697 861/2380/697 867/2383/697
f 876/2384/902 879/2385/902 880/2386/902
f 879/2385/902 876/2384/902 878/2387/902
f 877/2388/903 880/2386/903 881/2389/903
f 880/2386/903 877/2388/903 876/2384/903
f 882/2390/904 883/2391/904 884/2392/904
f 885/2393/905 884/2394/905 883/2395/905
f 884/2392/906 886/2396/906 882/2390/906
f 887/2397/907 882/2390/907 886/2396/907
f 888/2398/908 887/2397/908 889/2399/908
f 886/2396/909 889/2399/909 887/2397/909
f 890/2400/910 888/2398/910 891/2401/910
f 889/2399/911 891/2401/911 888/2398/911
f 892/2402/912 890/2400/912 893/2403/912
f 891/2401/913 893/2403/913 890/2400/913
f 894/2404/914 892/2405/914 895/2406/914
f 893/2403/915 895/2407/915 892/2402/915
f 884/2408/916 885/2409/916 896/2410/916
f 897/2411/917 896/2412/917 885/2413/917
f 896/2414/918 898/2415/918 884/2416/918
f 886/2417/919 884/2418/919 898/2419/919
f 889/2420/920 886/2421/920 899/2422/920
f 898/2423/921 899/2424/921 886/2425/921
f 891/2426/922 889/2427/922 900/2428/922
f 899/2429/923 900/2430/923 889/2431/923
f 893/2432/924 891/2433/924 901/2434/924
f 900/2435/925 901/2436/925 891/2437/925
f 895/2438/926 893/2439/926 902/2440/926
f 901/2441/927 902/2442/927 893/2443/927
f 896/2444/928 897/2445/928 903/2446/928
f 904/2447/929 903/2448/929 897/2449/929
f 903/2446/930 905/2450/930 896/2444/930
f 898/2451/931 896/2444/931 905/2450/931
f 899/2452/932 898/2451/932 906/2453/932
f 905/2450/933 906/2453/933 898/2451/933
f 900/2454/934 899/2452/934 907/2455/934
f 906/2453/935 907/2455/935 899/2452/935
f 901/2456/936 900/2454/936 908/2457/936
f 907/2455/937 908/2457/937 900/2454/937
f 902/2458/938 901/2459/938 909/2460/938
f 908/2457/939 909/2461/939 901/2456/939
f 903/2462/940 904/2463/940 882/2464/940
f 883/2465/941 882/2466/941 904/2467/941
f 882/2464/942 887/2468/942 903/2462/942
f 905/2469/943 903/2462/943 887/2468/943
f 906/2470/944 905/2469/944 888/2471/944
f 887/2468/945 888/2471/945 905/2469/945
f 907/2472/946 906/2470/946 890/2473/946
f 888/2471/947 890/2473/947 906/2470/947
f 908/2474/948 907/2472/948 892/2475/948
f 890/2473/949 892/2475/949 907/2472/949
f 909/2476/950 908/2477/950 894/2478/950
f 892/2475/951 894/2479/951 908/2474/951
f 904/2480/952 897/2481/952 883/2090/952
f 885/2482/953 883/2090/953 897/2481/953
f 895/2483/954 902/2104/954 894/2484/954
f 909/2485/955 894/2484/955 902/2104/955
f 910/2486/956 911/2487/956 912/2488/956
f 913/2489/956 912/2490/956 911/2491/956
f 912/2488/957 914/2492/957 910/2486/957
f 915/2493/958 910/2486/958 914/2492/958
f 916/2494/959 915/2493/959 917/2495/959
f 914/2492/960 917/2495/960 915/2493/960
f 918/2496/961 916/2494/961 919/2497/961
f 917/2495/962 919/2497/962 916/2494/962
f 920/2498/963 918/2496/963 921/2499/963
f 919/2497/964 921/2499/964 918/2496/964
f 922/2500/965 920/2501/965 923/2502/965
f 921/2499/966 923/2503/966 920/2498/966
f 912/2504/967 913/2505/967 924/2506/967
f 925/2507/968 924/2508/968 913/2509/968
f 924/2510/969 926/2511/969 912/2512/969
f 914/2513/970 912/2514/970 926/2515/970
f 917/2516/971 914/2517/971 927/2518/971
f 926/2519/972 927/2520/972 914/2521/972
f 919/2522/973 917/2523/973 928/2524/973
f 927/2525/973 928/2526/973 917/2527/973
f 921/2528/974 919/2529/974 929/888/974
f 928/2530/974 929/2531/974 919/2532/974
f 923/2533/975 921/2534/975 930/2535/975
f 929/2536/976 930/2537/976 921/2538/976
f 924/2539/977 925/2540/977 931/2541/977
f 932/2542/977 931/2543/977 925/2544/977
f 931/2541/978 933/2545/978 924/2539/978
f 926/2546/979 924/2539/979 933/2545/979
f 927/2547/980 926/2546/980 934/2548/980
f 933/2545/981 934/2548/981 926/2546/981
f 928/2549/982 927/2547/982 935/2550/982
f 934/2548/982 935/2550/982 927/2547/982
f 929/2551/983 928/2549/983 936/2552/983
f 935/2550/983 936/2552/983 928/2549/983
f 930/2553/984 929/2554/984 937/2555/984
f 936/2552/984 937/2556/984 929/2551/984
f 931/2557/985 932/2558/985 910/2559/985
f 911/2560/985 910/2561/985 932/2562/985
f 910/2559/986 915/2563/986 931/2557/986
f 933/2564/986 931/2557/986 915/2563/986
f 934/2565/987 933/2564/987 916/2566/987
f 915/2563/987 916/2566/987 933/2564/987
f 935/2567/988 934/2565/988 918/2568/988
f 916/2566/988 918/2568/988 934/2565/988
f 936/2569/989 935/2567/989 920/2570/989
f 918/2568/989 920/2570/989 935/2567/989
f 937/2524/990 936/2571/990 922/2572/990
f 920/2570/991 922/2573/991 936/2569/991
f 932/2574/992 925/1207/992 911/2575/992
f 913/2576/993 911/2575/993 925/1207/993
f 923/2577/994 930/2578/994 922/2579/994
f 937/2580/994 922/2579/994 930/2578/994
f 938/2581/995 939/2582/995 940/2583/995
f 941/2584/995 940/2585/995 939/2586/995
f 940/2583/996 942/2587/996 938/2581/996
f 943/2588/997 938/2581/997 942/2587/997
f 944/2589/998 943/2588/998 945/2590/998
f 942/2587/998 945/2590/998 943/2588/998
f 946/2591/999 944/2589/999 947/2592/999
f 945/2590/1000 947/2592/1000 944/2589/1000
f 948/2593/1001 946/2591/1001 949/2594/1001
f 947/2592/1001 949/2594/1001 946/2591/1001
f 950/2595/1002 948/2596/1002 951/2597/1002
f 949/2594/1003 951/2598/1003 948/2593/1003
f 940/2599/1004 941/2600/1004 952/2601/1004
f 953/2602/1005 952/2603/1005 941/2604/1005
f 952/2605/1006 954/2606/1006 940/2607/1006
f 942/2608/1006 940/2609/1006 954/2610/1006
f 945/2611/1007 942/2612/1007 955/2613/1007
f 954/2614/1007 955/2615/1007 942/2616/1007
f 947/2617/1008 945/2618/1008 956/2619/1008
f 955/2620/1009 956/2621/1009 945/2622/1009
f 949/2623/1010 947/2624/1010 957/539/1010
f 956/2625/1010 957/2626/1010 947/2627/1010
f 951/2628/1011 949/2629/1011 958/1836/1011
f 957/2630/1011 958/2631/1011 949/2632/1011
f 952/2633/1012 953/2634/1012 959/2635/1012
f 960/2636/1013 959/2637/1013 953/2638/1013
f 959/2635/1014 961/2639/1014 952/2633/1014
f 954/2640/1014 952/2633/1014 961/2639/1014
f 955/2641/1015 954/2640/1015 962/2642/1015
f 961/2639/1015 962/2642/1015 954/2640/1015
f 956/2643/1016 955/2641/1016 963/2644/1016
f 962/2642/1016 963/2644/1016 955/2641/1016
f 957/2645/1017 956/2643/1017 964/2646/1017
f 963/2644/1017 964/2646/1017 956/2643/1017
f 958/2647/1018 957/2648/1018 965/516/1018
f 964/2646/1018 965/2649/1018 957/2645/1018
f 959/2650/1019 960/2651/1019 938/2652/1019
f 939/2653/1019 938/2654/1019 960/1880/1019
f 938/2652/1020 943/2655/1020 959/2650/1020
f 961/2656/1020 959/2650/1020 943/2655/1020
f 962/2657/1021 961/2656/1021 944/2658/1021
f 943/2655/1021 944/2658/1021 961/2656/1021
f 963/2659/1022 962/2657/1022 946/2660/1022
f 944/2658/1022 946/2660/1022 962/2657/1022
f 964/2661/1023 963/2659/1023 948/2662/1023
f 946/2660/1024 948/2662/1024 963/2659/1024
f 965/2663/1025 964/2664/1025 950/2665/1025
f 948/2662/1026 950/2666/1026 964/2661/1026
f 960/2142/1027 953/2667/1027 939/2668/1027
f 941/2669/1028 939/2668/1028 953/2667/1028
f 951/2670/1029 958/2671/1029 950/2672/1029
f 965/2673/1030 950/2672/1030 958/2671/1030
f 966/2674/1031 967/2675/1031 968/2676/1031
f 967/2076/1031 966/2677/1031 969/2678/1031
f 968/2676/1032 970/2679/1032 966/2674/1032
f 970/2679/1033 968/2676/1033 971/2680/1033
f 972/2681/1034 971/2680/1034 973/2682/1034
f 971/2680/1034 972/2681/1034 970/2679/1034
f 974/2683/1035 973/2682/1035 975/2684/1035
f 973/2682/1036 974/2683/1036 972/2681/1036
f 976/2685/1037 975/2684/1037 977/2686/1037
f 975/2684/1037 976/2685/1037 974/2683/1037
f 978/2687/1038 977/2688/1038 979/2689/1038
f 977/2686/1039 978/2690/1039 976/2685/1039
f 980/1132/1040 969/2575/1040 966/2691/1040
f 969/2692/1040 980/2096/1040 981/2693/1040
f 966/2694/1041 982/2695/1041 980/2696/1041
f 982/2697/1041 966/2698/1041 970/2699/1041
f 983/2700/1042 970/2701/1042 972/2702/1042
f 970/2703/1043 983/2704/1043 982/2705/1043
f 984/1633/1044 972/2706/1044 974/2707/1044
f 972/2708/1044 984/2709/1044 983/2710/1044
f 985/2711/1045 974/2712/1045 976/2713/1045
f 974/2714/1045 985/2715/1045 984/2716/1045
f 986/2717/1046 976/2718/1046 978/2719/1046
f 976/2544/1046 986/2720/1046 985/2721/1046
f 987/2722/1047 981/2723/1047 980/2724/1047
f 981/2725/1048 987/2726/1048 988/2727/1048
f 980/2724/1049 989/2728/1049 987/2722/1049
f 989/2728/1049 980/2724/1049 982/2729/1049
f 990/2730/1050 982/2729/1050 983/2731/1050
f 982/2729/1050 990/2730/1050 989/2728/1050
f 991/2732/1051 983/2731/1051 984/2733/1051
f 983/2731/1051 991/2732/1051 990/2730/1051
f 992/2734/1052 984/2733/1052 985/2735/1052
f 984/2733/1052 992/2734/1052 991/2732/1052
f 993/2736/1053 985/2737/1053 986/2738/1053
f 985/2735/1053 993/2739/1053 992/2734/1053
f 968/2740/1054 988/2741/1054 987/2742/1054
f 988/2743/1055 968/2744/1055 967/2745/1055
f 987/2742/1056 971/2746/1056 968/2740/1056
f 971/2746/1057 987/2742/1057 989/2747/1057
f 973/2748/1058 989/2747/1058 990/2749/1058
f 989/2747/1059 973/2748/1059 971/2746/1059
f 975/2750/1060 990/2749/1060 991/2751/1060
f 990/2749/1060 975/2750/1060 973/2748/1060
f 977/2752/1061 991/2751/1061 992/2753/1061
f 991/2751/1061 977/2752/1061 975/2750/1061
f 979/2754/1062 992/2490/1062 993/2755/1062
f 992/2753/1062 979/2756/1062 977/2752/1062
f 967/2757/1063 981/1202/1063 988/1201/1063
f 981/1202/1064 967/2757/1064 969/2758/1064
f 979/1829/1065 986/2759/1065 978/2760/1065
f 986/2759/1066 979/1829/1066 993/2761/1066

