00001225: [------] Start  Load 'background_partial       ' : type TEXTURE
00001281: [000056] Finish Load 'background_partial       ' : loose 
00001281: [------] Start  Load 'background_partial_x2    ' : type TEXTURE
00001473: [000192] Finish Load 'background_partial_x2    ' : loose 
00001666: [------] Start  Load '../data/meshes/meshes.bin' : type BUNDLE
00001791: [000125] Finish Load '../data/meshes/meshes.bin' : loose 
00001792: [------] Start  Load 'intro11d                 ' : type TEXTURE
00001839: [000047] Finish Load 'intro11d                 ' : loose 
00001839: [------] Start  Load 'intro11c                 ' : type TEXTURE
00001904: [000065] Finish Load 'intro11c                 ' : loose 
00001904: [------] Start  Load 'intro10c                 ' : type TEXTURE
00001944: [000040] Finish Load 'intro10c                 ' : loose 
00001944: [------] Start  Load 'canvas                   ' : type TEXTURE
00002125: [000181] Finish Load 'canvas                   ' : loose 
00002125: [------] Start  Load 'CircleEffect8            ' : type TEXTURE
00002128: [000003] Finish Load 'CircleEffect8            ' : loose 
00002128: [------] Start  Load 'blue_glow_shadow         ' : type TEXTURE
00002130: [000002] Finish Load 'blue_glow_shadow         ' : loose 
00002131: [------] Start  Load 'blueringsword_hilite     ' : type TEXTURE
00002138: [000007] Finish Load 'blueringsword_hilite     ' : loose 
00002138: [------] Start  Load 'ring11                   ' : type TEXTURE
00002143: [000005] Finish Load 'ring11                   ' : loose 
00002143: [------] Start  Load 'dust_glow_shadow_desat   ' : type TEXTURE
00002149: [000006] Finish Load 'dust_glow_shadow_desat   ' : loose 
00002149: [------] Start  Load 'pause2                   ' : type TEXTURE
00002168: [000019] Finish Load 'pause2                   ' : loose 
00002202: [------] Start  Load 'stick2_hilite            ' : type TEXTURE
00002207: [000005] Finish Load 'stick2_hilite            ' : loose 
00002207: [------] Start  Load 'stick2                   ' : type TEXTURE
00002227: [000020] Finish Load 'stick2                   ' : loose 
00002227: [------] Start  Load 'bluering                 ' : type TEXTURE
00002233: [000006] Finish Load 'bluering                 ' : loose 
00002233: [------] Start  Load 'blueringfirepotion_opaq  ' : type TEXTURE
00002240: [000007] Finish Load 'blueringfirepotion_opaq  ' : loose 
00002240: [------] Start  Load 'magic2_opaq              ' : type TEXTURE
00002246: [000006] Finish Load 'magic2_opaq              ' : loose 
00002246: [------] Start  Load 'blueringsword            ' : type TEXTURE
00002250: [000004] Finish Load 'blueringsword            ' : loose 
00002250: [------] Start  Load 'ring12                   ' : type TEXTURE
00002252: [000002] Finish Load 'ring12                   ' : loose 
00002252: [------] Start  Load 'health_small_shadow2     ' : type TEXTURE
00002253: [000001] Finish Load 'health_small_shadow2     ' : loose 
00002253: [------] Start  Load 'health_bar_7             ' : type TEXTURE
00002254: [000001] Finish Load 'health_bar_7             ' : loose 
00002254: [------] Start  Load 'Machine12                ' : type TEXTURE
00002271: [000017] Finish Load 'Machine12                ' : loose 
00002281: [------] Start  Load 'Shadow_Machine1          ' : type TEXTURE
00002283: [000002] Finish Load 'Shadow_Machine1          ' : loose 
00002283: [------] Start  Load 'Shadow_Machine2          ' : type TEXTURE
00002285: [000002] Finish Load 'Shadow_Machine2          ' : loose 
00002285: [------] Start  Load 'TentRed                  ' : type TEXTURE
00002306: [000021] Finish Load 'TentRed                  ' : loose 
00002306: [------] Start  Load 'Shadow_Tent              ' : type TEXTURE
00002308: [000002] Finish Load 'Shadow_Tent              ' : loose 
00002308: [------] Start  Load 'TentSmall                ' : type TEXTURE
00002325: [000017] Finish Load 'TentSmall                ' : loose 
00002325: [------] Start  Load 'Shadow_Market            ' : type TEXTURE
00002328: [000003] Finish Load 'Shadow_Market            ' : loose 
00002328: [------] Start  Load 'MarketSmall              ' : type TEXTURE
00002343: [000015] Finish Load 'MarketSmall              ' : loose 
00002343: [------] Start  Load 'Crate3                   ' : type TEXTURE
00002348: [000005] Finish Load 'Crate3                   ' : loose 
00002348: [------] Start  Load 'OriginalArch             ' : type TEXTURE
00002351: [000003] Finish Load 'OriginalArch             ' : loose 
00002351: [------] Start  Load 'Shadow_TopWall           ' : type TEXTURE
00002353: [000002] Finish Load 'Shadow_TopWall           ' : loose 
00002364: [------] Start  Load 'LavaColumn0              ' : type TEXTURE
00002370: [000006] Finish Load 'LavaColumn0              ' : loose 
00002370: [------] Start  Load 'Shadow_TopInCorner       ' : type TEXTURE
00002372: [000002] Finish Load 'Shadow_TopInCorner       ' : loose 
00002372: [------] Start  Load 'WallTypesA_9             ' : type TEXTURE
00002430: [000058] Finish Load 'WallTypesA_9             ' : loose 
00002430: [------] Start  Load 'WallTypesB_9             ' : type TEXTURE
00002484: [000054] Finish Load 'WallTypesB_9             ' : loose 
00002485: [------] Start  Load 'Shadow_TopOutCorner      ' : type TEXTURE
00002494: [000009] Finish Load 'Shadow_TopOutCorner      ' : loose 
00002494: [------] Start  Load 'Shadow_Crease            ' : type TEXTURE
00002495: [000001] Finish Load 'Shadow_Crease            ' : loose 
00002495: [------] Start  Load 'Floor_IceAlt             ' : type TEXTURE
00002534: [000039] Finish Load 'Floor_IceAlt             ' : loose 
00002534: [------] Start  Load 'Floor_Ice                ' : type TEXTURE
00002550: [000016] Finish Load 'Floor_Ice                ' : loose 
00002550: [------] Start  Load 'StoneGrassFloor4         ' : type TEXTURE
00002566: [000016] Finish Load 'StoneGrassFloor4         ' : loose 
00002566: [------] Start  Load 'StoneGrassFloor3         ' : type TEXTURE
00002579: [000013] Finish Load 'StoneGrassFloor3         ' : loose 
00002598: [------] Start  Load 'Baked_DownStairs_9       ' : type TEXTURE
00002602: [000004] Finish Load 'Baked_DownStairs_9       ' : loose 
00002602: [------] Start  Load 'Shadows                  ' : type TEXTURE
00002623: [000021] Finish Load 'Shadows                  ' : loose 
00002623: [------] Start  Load 'Baked_UpStairsL_9        ' : type TEXTURE
00002626: [000003] Finish Load 'Baked_UpStairsL_9        ' : loose 
00002626: [------] Start  Load 'Black                    ' : type TEXTURE
00002628: [000002] Finish Load 'Black                    ' : loose 
00002628: [------] Start  Load 'FloorStone3_14           ' : type TEXTURE
00002652: [000024] Finish Load 'FloorStone3_14           ' : loose 
00002652: [------] Start  Load 'Top2                     ' : type TEXTURE
00002657: [000005] Finish Load 'Top2                     ' : loose 
00002657: [------] Start  Load 'DoorSide2                ' : type TEXTURE
00002671: [000014] Finish Load 'DoorSide2                ' : loose 
00002671: [------] Start  Load 'DoorSide1                ' : type TEXTURE
00002685: [000014] Finish Load 'DoorSide1                ' : loose 
00002685: [------] Start  Load 'DoorLockPlain            ' : type TEXTURE
00002688: [000003] Finish Load 'DoorLockPlain            ' : loose 
00002688: [------] Start  Load 'SeekerBewareWhite        ' : type TEXTURE
00002692: [000004] Finish Load 'SeekerBewareWhite        ' : loose 
00002730: [------] Start  Load 'PotionBlack              ' : type TEXTURE
00002731: [000001] Finish Load 'PotionBlack              ' : loose 
00002732: [------] Start  Load 'PotionWhite              ' : type TEXTURE
00002733: [000001] Finish Load 'PotionWhite              ' : loose 
00002733: [------] Start  Load 'PotionCyan               ' : type TEXTURE
00002736: [000003] Finish Load 'PotionCyan               ' : loose 
00002737: [------] Start  Load 'PotionOrange             ' : type TEXTURE
00002739: [000002] Finish Load 'PotionOrange             ' : loose 
00002739: [------] Start  Load 'PotionPurple             ' : type TEXTURE
00002740: [000001] Finish Load 'PotionPurple             ' : loose 
00002740: [------] Start  Load 'PotionYellow             ' : type TEXTURE
00002742: [000002] Finish Load 'PotionYellow             ' : loose 
00002742: [------] Start  Load 'PotionGreen              ' : type TEXTURE
00002744: [000002] Finish Load 'PotionGreen              ' : loose 
00002744: [------] Start  Load 'PotionBlue               ' : type TEXTURE
00002746: [000002] Finish Load 'PotionBlue               ' : loose 
00002746: [------] Start  Load 'PotionRed                ' : type TEXTURE
00002747: [000001] Finish Load 'PotionRed                ' : loose 
00002747: [------] Start  Load 'Book7                    ' : type TEXTURE
00002750: [000003] Finish Load 'Book7                    ' : loose 
00002758: [------] Start  Load 'Book8                    ' : type TEXTURE
00002762: [000004] Finish Load 'Book8                    ' : loose 
00002762: [------] Start  Load 'Book9                    ' : type TEXTURE
00002767: [000005] Finish Load 'Book9                    ' : loose 
00002767: [------] Start  Load 'Book10                   ' : type TEXTURE
00002771: [000004] Finish Load 'Book10                   ' : loose 
00002771: [------] Start  Load 'Book11                   ' : type TEXTURE
00002776: [000005] Finish Load 'Book11                   ' : loose 
00002776: [------] Start  Load 'ShadowPotion             ' : type TEXTURE
00002777: [000001] Finish Load 'ShadowPotion             ' : loose 
00002777: [------] Start  Load 'keySq128Blue             ' : type TEXTURE
00002779: [000002] Finish Load 'keySq128Blue             ' : loose 
00002779: [------] Start  Load 'keySq128Yellow           ' : type TEXTURE
00002780: [000001] Finish Load 'keySq128Yellow           ' : loose 
00002780: [------] Start  Load 'keySq128Green            ' : type TEXTURE
00002781: [000001] Finish Load 'keySq128Green            ' : loose 
00002781: [------] Start  Load 'keySq128Red              ' : type TEXTURE
00002782: [000001] Finish Load 'keySq128Red              ' : loose 
00002782: [------] Start  Load 'keySq128White            ' : type TEXTURE
00002783: [000001] Finish Load 'keySq128White            ' : loose 
00002792: [------] Start  Load 'goldpieces5              ' : type TEXTURE
00002794: [000002] Finish Load 'goldpieces5              ' : loose 
00002794: [------] Start  Load 'BrokenBarrel2            ' : type TEXTURE
00002798: [000004] Finish Load 'BrokenBarrel2            ' : loose 
00002798: [------] Start  Load 'Barrel                   ' : type TEXTURE
00002811: [000013] Finish Load 'Barrel                   ' : loose 
00002811: [------] Start  Load 'GeneratorGhost2          ' : type TEXTURE
00002831: [000020] Finish Load 'GeneratorGhost2          ' : loose 
00002831: [------] Start  Load 'Spider5                  ' : type TEXTURE
00002835: [000004] Finish Load 'Spider5                  ' : loose 
00002835: [------] Start  Load 'Spider4                  ' : type TEXTURE
00002840: [000005] Finish Load 'Spider4                  ' : loose 
00002840: [------] Start  Load 'Spider3                  ' : type TEXTURE
00002856: [000016] Finish Load 'Spider3                  ' : loose 
00002857: [------] Start  Load 'Spider2                  ' : type TEXTURE
00002861: [000004] Finish Load 'Spider2                  ' : loose 
00002861: [------] Start  Load 'Spider1                  ' : type TEXTURE
00002865: [000004] Finish Load 'Spider1                  ' : loose 
00002865: [------] Start  Load 'Spider0_hurt             ' : type TEXTURE
00002869: [000004] Finish Load 'Spider0_hurt             ' : loose 
00002925: [------] Start  Load 'Necro2                   ' : type TEXTURE
00002959: [000034] Finish Load 'Necro2                   ' : loose 
00002959: [------] Start  Load 'Necro1_hurt              ' : type TEXTURE
00002970: [000011] Finish Load 'Necro1_hurt              ' : loose 
00002971: [------] Start  Load 'blue_glow                ' : type TEXTURE
00002972: [000001] Finish Load 'blue_glow                ' : loose 
00002972: [------] Start  Load 'skeleton_10_ds           ' : type TEXTURE
00002992: [000020] Finish Load 'skeleton_10_ds           ' : loose 
00002993: [------] Start  Load 'skeleton_09_ds           ' : type TEXTURE
00002998: [000005] Finish Load 'skeleton_09_ds           ' : loose 
00002998: [------] Start  Load 'skeleton_04_ds           ' : type TEXTURE
00003002: [000004] Finish Load 'skeleton_04_ds           ' : loose 
00003002: [------] Start  Load 'skeleton_08_ds           ' : type TEXTURE
00003010: [000008] Finish Load 'skeleton_08_ds           ' : loose 
00003010: [------] Start  Load 'skeleton_02              ' : type TEXTURE
00003018: [000008] Finish Load 'skeleton_02              ' : loose 
00003018: [------] Start  Load 'skeleton_07_ds           ' : type TEXTURE
00003024: [000006] Finish Load 'skeleton_07_ds           ' : loose 
00003024: [------] Start  Load 'skel_dead                ' : type TEXTURE
00003029: [000005] Finish Load 'skel_dead                ' : loose 
00003059: [------] Start  Load 'skeleton_03              ' : type TEXTURE
00003065: [000006] Finish Load 'skeleton_03              ' : loose 
00003065: [------] Start  Load 'skeleton_03_hurt         ' : type TEXTURE
00003067: [000002] Finish Load 'skeleton_03_hurt         ' : loose 
00003067: [------] Start  Load 'skel_shield_dead         ' : type TEXTURE
00003071: [000004] Finish Load 'skel_shield_dead         ' : loose 
00003071: [------] Start  Load 'skelweapon_01small       ' : type TEXTURE
00003073: [000002] Finish Load 'skelweapon_01small       ' : loose 
00003073: [------] Start  Load 'skeleton_05_ds           ' : type TEXTURE
00003079: [000006] Finish Load 'skeleton_05_ds           ' : loose 
00003079: [------] Start  Load 'barbarian01_hurt         ' : type TEXTURE
00003085: [000006] Finish Load 'barbarian01_hurt         ' : loose 
00003085: [------] Start  Load 'axe                      ' : type TEXTURE
00003086: [000001] Finish Load 'axe                      ' : loose 
00003086: [------] Start  Load 'barbarian01              ' : type TEXTURE
00003101: [000015] Finish Load 'barbarian01              ' : loose 
00003101: [------] Start  Load 'shadow                   ' : type TEXTURE
00003103: [000002] Finish Load 'shadow                   ' : loose 
00003103: [------] Start  Load 'blue_glow_full           ' : type TEXTURE
00003104: [000001] Finish Load 'blue_glow_full           ' : loose 
00003123: [------] Start  Load 'ex_Marker.ips            ' : type MESH
00003141: [000018] Finish Load 'ex_Marker.ips            ' : loose MISSING!
00003430: [------] Start  Load 'shadow~0.ips             ' : type MESH
00003430: [000000] Finish Load 'shadow~0                 ' : bundle 
00003430: [------] Start  Load 'anim_barb_attack_new1_body_000001~0.ips' : type MESH
00003431: [000001] Finish Load 'anim_barb_attack_new1_body_000001~0' : bundle 
00003431: [------] Start  Load 'anim_barb_attack_new1_axe_000001~0.ips' : type MESH
00003431: [000000] Finish Load 'anim_barb_attack_new1_axe_000001~0' : bundle 
00003431: [------] Start  Load 'anim_barb_attack_new1_body_000002~0.ips' : type MESH
00003432: [000001] Finish Load 'anim_barb_attack_new1_body_000002~0' : bundle 
00003432: [------] Start  Load 'anim_barb_attack_new1_axe_000002~0.ips' : type MESH
00003432: [000000] Finish Load 'anim_barb_attack_new1_axe_000002~0' : bundle 
00003432: [------] Start  Load 'anim_barb_attack_new1_body_000003~0.ips' : type MESH
00003433: [000001] Finish Load 'anim_barb_attack_new1_body_000003~0' : bundle 
00003433: [------] Start  Load 'anim_barb_attack_new1_axe_000003~0.ips' : type MESH
00003433: [000000] Finish Load 'anim_barb_attack_new1_axe_000003~0' : bundle 
00003433: [------] Start  Load 'anim_barb_attack_new1_body_000023~0.ips' : type MESH
00003433: [000000] Finish Load 'anim_barb_attack_new1_body_000023~0' : bundle 
00003433: [------] Start  Load 'anim_barb_attack_new1_axe_000023~0.ips' : type MESH
00003434: [000001] Finish Load 'anim_barb_attack_new1_axe_000023~0' : bundle 
00003434: [------] Start  Load 'anim_barb_attack_new1_axe_000024~0.ips' : type MESH
00003434: [000000] Finish Load 'anim_barb_attack_new1_axe_000024~0' : bundle 
00003434: [------] Start  Load 'anim_barb_attack_new1_axe_000025~0.ips' : type MESH
00003434: [000000] Finish Load 'anim_barb_attack_new1_axe_000025~0' : bundle 
00003434: [------] Start  Load 'anim_barb_attack_new1_body_000026~0.ips' : type MESH
00003435: [000001] Finish Load 'anim_barb_attack_new1_body_000026~0' : bundle 
00003435: [------] Start  Load 'anim_barb_attack_new1_axe_000026~0.ips' : type MESH
00003435: [000000] Finish Load 'anim_barb_attack_new1_axe_000026~0' : bundle 
00003435: [------] Start  Load 'anim_barb_attack_new1_axe_000027~0.ips' : type MESH
00003435: [000000] Finish Load 'anim_barb_attack_new1_axe_000027~0' : bundle 
00003436: [------] Start  Load 'anim_barb_attack_new1_axe_000028~0.ips' : type MESH
00003436: [000000] Finish Load 'anim_barb_attack_new1_axe_000028~0' : bundle 
00003436: [------] Start  Load 'anim_barb_attack_new1_body_000029~0.ips' : type MESH
00003436: [000000] Finish Load 'anim_barb_attack_new1_body_000029~0' : bundle 
00003436: [------] Start  Load 'anim_barb_attack_new1_axe_000029~0.ips' : type MESH
00003437: [000001] Finish Load 'anim_barb_attack_new1_axe_000029~0' : bundle 
00003437: [------] Start  Load 'anim_barb_attack_new1_axe_000030~0.ips' : type MESH
00003437: [000000] Finish Load 'anim_barb_attack_new1_axe_000030~0' : bundle 
00003437: [------] Start  Load 'anim_barb_attack_new1_axe_000031~0.ips' : type MESH
00003438: [000001] Finish Load 'anim_barb_attack_new1_axe_000031~0' : bundle 
00003438: [------] Start  Load 'anim_barb_attack_new1_body_000032~0.ips' : type MESH
00003438: [000000] Finish Load 'anim_barb_attack_new1_body_000032~0' : bundle 
00003438: [------] Start  Load 'anim_barb_attack_new1_axe_000032~0.ips' : type MESH
00003438: [000000] Finish Load 'anim_barb_attack_new1_axe_000032~0' : bundle 
00003439: [------] Start  Load 'anim_barb_attack_new1_axe_000033~0.ips' : type MESH
00003439: [000000] Finish Load 'anim_barb_attack_new1_axe_000033~0' : bundle 
00003439: [------] Start  Load 'anim_barb_attack_new1_axe_000034~0.ips' : type MESH
00003439: [000000] Finish Load 'anim_barb_attack_new1_axe_000034~0' : bundle 
00003439: [------] Start  Load 'anim_barb_attack_new1_body_000035~0.ips' : type MESH
00003440: [000001] Finish Load 'anim_barb_attack_new1_body_000035~0' : bundle 
00003440: [------] Start  Load 'anim_barb_attack_new1_axe_000035~0.ips' : type MESH
00003440: [000000] Finish Load 'anim_barb_attack_new1_axe_000035~0' : bundle 
00003441: [------] Start  Load 'anim_barb_attack_new1_axe_000036~0.ips' : type MESH
00003442: [000001] Finish Load 'anim_barb_attack_new1_axe_000036~0' : bundle 
00003442: [------] Start  Load 'anim_barb_attack_new1_axe_000037~0.ips' : type MESH
00003442: [000000] Finish Load 'anim_barb_attack_new1_axe_000037~0' : bundle 
00003442: [------] Start  Load 'anim_barb_attack_new1_body_000038~0.ips' : type MESH
00003442: [000000] Finish Load 'anim_barb_attack_new1_body_000038~0' : bundle 
00003442: [------] Start  Load 'anim_barb_attack_new1_axe_000038~0.ips' : type MESH
00003443: [000001] Finish Load 'anim_barb_attack_new1_axe_000038~0' : bundle 
00003443: [------] Start  Load 'anim_barb_attack_new1_axe_000039~0.ips' : type MESH
00003443: [000000] Finish Load 'anim_barb_attack_new1_axe_000039~0' : bundle 
00003443: [------] Start  Load 'anim_barb_attack_new1_axe_000040~0.ips' : type MESH
00003443: [000000] Finish Load 'anim_barb_attack_new1_axe_000040~0' : bundle 
00003443: [------] Start  Load 'anim_barb_attack_new1_body_000041~0.ips' : type MESH
00003444: [000001] Finish Load 'anim_barb_attack_new1_body_000041~0' : bundle 
00003444: [------] Start  Load 'anim_barb_attack_new1_axe_000041~0.ips' : type MESH
00003444: [000000] Finish Load 'anim_barb_attack_new1_axe_000041~0' : bundle 
00003444: [------] Start  Load 'anim_barb_attack_new1_axe_000042~0.ips' : type MESH
00003445: [000001] Finish Load 'anim_barb_attack_new1_axe_000042~0' : bundle 
00003445: [------] Start  Load 'anim_barb_attack_new1_axe_000043~0.ips' : type MESH
00003445: [000000] Finish Load 'anim_barb_attack_new1_axe_000043~0' : bundle 
00003445: [------] Start  Load 'anim_barb_attack_new1_body_000044~0.ips' : type MESH
00003446: [000001] Finish Load 'anim_barb_attack_new1_body_000044~0' : bundle 
00003446: [------] Start  Load 'anim_barb_attack_new1_axe_000044~0.ips' : type MESH
00003446: [000000] Finish Load 'anim_barb_attack_new1_axe_000044~0' : bundle 
00003446: [------] Start  Load 'anim_barb_attack_new1_axe_000045~0.ips' : type MESH
00003446: [000000] Finish Load 'anim_barb_attack_new1_axe_000045~0' : bundle 
00003446: [------] Start  Load 'anim_barb_attack_new1_axe_000046~0.ips' : type MESH
00003446: [000000] Finish Load 'anim_barb_attack_new1_axe_000046~0' : bundle 
00003447: [------] Start  Load 'anim_barb_attack_new1_body_000047~0.ips' : type MESH
00003448: [000001] Finish Load 'anim_barb_attack_new1_body_000047~0' : bundle 
00003448: [------] Start  Load 'anim_barb_attack_new1_axe_000047~0.ips' : type MESH
00003448: [000000] Finish Load 'anim_barb_attack_new1_axe_000047~0' : bundle 
00003448: [------] Start  Load 'anim_barb_attack_new1_axe_000048~0.ips' : type MESH
00003448: [000000] Finish Load 'anim_barb_attack_new1_axe_000048~0' : bundle 
00003448: [------] Start  Load 'anim_barb_attack_new1_axe_000049~0.ips' : type MESH
00003448: [000000] Finish Load 'anim_barb_attack_new1_axe_000049~0' : bundle 
00003449: [------] Start  Load 'anim_barb_attack_new1_body_000050~0.ips' : type MESH
00003450: [000001] Finish Load 'anim_barb_attack_new1_body_000050~0' : bundle 
00003450: [------] Start  Load 'anim_barb_attack_new1_axe_000050~0.ips' : type MESH
00003451: [000001] Finish Load 'anim_barb_attack_new1_axe_000050~0' : bundle 
00003451: [------] Start  Load 'anim_barb_attack_new1_axe_000051~0.ips' : type MESH
00003451: [000000] Finish Load 'anim_barb_attack_new1_axe_000051~0' : bundle 
00003451: [------] Start  Load 'anim_barb_attack_new1_axe_000052~0.ips' : type MESH
00003451: [000000] Finish Load 'anim_barb_attack_new1_axe_000052~0' : bundle 
00003452: [------] Start  Load 'anim_barb_attack_new1_body_000053~0.ips' : type MESH
00003452: [000000] Finish Load 'anim_barb_attack_new1_body_000053~0' : bundle 
00003452: [------] Start  Load 'anim_barb_attack_new1_axe_000053~0.ips' : type MESH
00003452: [000000] Finish Load 'anim_barb_attack_new1_axe_000053~0' : bundle 
00003452: [------] Start  Load 'anim_barb_attack_new1_axe_000054~0.ips' : type MESH
00003453: [000001] Finish Load 'anim_barb_attack_new1_axe_000054~0' : bundle 
00003453: [------] Start  Load 'anim_barb_attack_new1_axe_000055~0.ips' : type MESH
00003453: [000000] Finish Load 'anim_barb_attack_new1_axe_000055~0' : bundle 
00003454: [------] Start  Load 'anim_barb_attack_new1_body_000056~0.ips' : type MESH
00003455: [000001] Finish Load 'anim_barb_attack_new1_body_000056~0' : bundle 
00003455: [------] Start  Load 'anim_barb_attack_new1_axe_000056~0.ips' : type MESH
00003455: [000000] Finish Load 'anim_barb_attack_new1_axe_000056~0' : bundle 
00003455: [------] Start  Load 'anim_barb_attack_new1_axe_000057~0.ips' : type MESH
00003455: [000000] Finish Load 'anim_barb_attack_new1_axe_000057~0' : bundle 
00003455: [------] Start  Load 'anim_barb_attack_new1_axe_000058~0.ips' : type MESH
00003456: [000001] Finish Load 'anim_barb_attack_new1_axe_000058~0' : bundle 
00003456: [------] Start  Load 'anim_barb_attack_new1_body_000059~0.ips' : type MESH
00003456: [000000] Finish Load 'anim_barb_attack_new1_body_000059~0' : bundle 
00003456: [------] Start  Load 'anim_barb_attack_new1_axe_000059~0.ips' : type MESH
00003456: [000000] Finish Load 'anim_barb_attack_new1_axe_000059~0' : bundle 
00003457: [------] Start  Load 'anim_barb_attack_new1_axe_000060~0.ips' : type MESH
00003457: [000000] Finish Load 'anim_barb_attack_new1_axe_000060~0' : bundle 
00003457: [------] Start  Load 'anim_barb_attack_new1_axe_000061~0.ips' : type MESH
00003457: [000000] Finish Load 'anim_barb_attack_new1_axe_000061~0' : bundle 
00003457: [------] Start  Load 'anim_barb_attack_new1_body_000062~0.ips' : type MESH
00003458: [000001] Finish Load 'anim_barb_attack_new1_body_000062~0' : bundle 
00003458: [------] Start  Load 'anim_barb_attack_new1_axe_000062~0.ips' : type MESH
00003458: [000000] Finish Load 'anim_barb_attack_new1_axe_000062~0' : bundle 
00003458: [------] Start  Load 'anim_barb_attack_new1_axe_000063~0.ips' : type MESH
00003458: [000000] Finish Load 'anim_barb_attack_new1_axe_000063~0' : bundle 
00003458: [------] Start  Load 'anim_barb_attack_new1_axe_000064~0.ips' : type MESH
00003458: [000000] Finish Load 'anim_barb_attack_new1_axe_000064~0' : bundle 
00003458: [------] Start  Load 'anim_barb_attack_new1_body_000065~0.ips' : type MESH
00003458: [000000] Finish Load 'anim_barb_attack_new1_body_000065~0' : bundle 
00003458: [------] Start  Load 'anim_barb_attack_new1_axe_000065~0.ips' : type MESH
00003458: [000000] Finish Load 'anim_barb_attack_new1_axe_000065~0' : bundle 
00003458: [------] Start  Load 'anim_barb_attack_new1_axe_000066~0.ips' : type MESH
00003458: [000000] Finish Load 'anim_barb_attack_new1_axe_000066~0' : bundle 
00003459: [------] Start  Load 'anim_barb_attack_new1_axe_000067~0.ips' : type MESH
00003459: [000000] Finish Load 'anim_barb_attack_new1_axe_000067~0' : bundle 
00003460: [------] Start  Load 'anim_barb_attack_new1_body_000068~0.ips' : type MESH
00003460: [000000] Finish Load 'anim_barb_attack_new1_body_000068~0' : bundle 
00003460: [------] Start  Load 'anim_barb_attack_new1_axe_000068~0.ips' : type MESH
00003460: [000000] Finish Load 'anim_barb_attack_new1_axe_000068~0' : bundle 
00003460: [------] Start  Load 'anim_barb_attack_new1_axe_000069~0.ips' : type MESH
00003460: [000000] Finish Load 'anim_barb_attack_new1_axe_000069~0' : bundle 
00003460: [------] Start  Load 'anim_barb_attack_new1_axe_000070~0.ips' : type MESH
00003461: [000001] Finish Load 'anim_barb_attack_new1_axe_000070~0' : bundle 
00003461: [------] Start  Load 'anim_barb_attack_new1_body_000071~0.ips' : type MESH
00003461: [000000] Finish Load 'anim_barb_attack_new1_body_000071~0' : bundle 
00003461: [------] Start  Load 'anim_barb_attack_new1_axe_000071~0.ips' : type MESH
00003461: [000000] Finish Load 'anim_barb_attack_new1_axe_000071~0' : bundle 
00003461: [------] Start  Load 'anim_barb_attack_new1_axe_000072~0.ips' : type MESH
00003462: [000001] Finish Load 'anim_barb_attack_new1_axe_000072~0' : bundle 
00003463: [------] Start  Load 'anim_barb_attack_new1_body_000073~0.ips' : type MESH
00003463: [000000] Finish Load 'anim_barb_attack_new1_body_000073~0' : bundle 
00003463: [------] Start  Load 'anim_barb_attack_new1_axe_000073~0.ips' : type MESH
00003463: [000000] Finish Load 'anim_barb_attack_new1_axe_000073~0' : bundle 
00003464: [------] Start  Load 'anim_barb_attack_new1_body_000074~0.ips' : type MESH
00003464: [000000] Finish Load 'anim_barb_attack_new1_body_000074~0' : bundle 
00003464: [------] Start  Load 'anim_barb_attack_new1_axe_000074~0.ips' : type MESH
00003465: [000001] Finish Load 'anim_barb_attack_new1_axe_000074~0' : bundle 
00003465: [------] Start  Load 'anim_barb_attack_new1_body_000075~0.ips' : type MESH
00003465: [000000] Finish Load 'anim_barb_attack_new1_body_000075~0' : bundle 
00003465: [------] Start  Load 'anim_barb_attack_new1_axe_000075~0.ips' : type MESH
00003465: [000000] Finish Load 'anim_barb_attack_new1_axe_000075~0' : bundle 
00003466: [------] Start  Load 'anim_barb_attack_new1_body_000076~0.ips' : type MESH
00003466: [000000] Finish Load 'anim_barb_attack_new1_body_000076~0' : bundle 
00003466: [------] Start  Load 'anim_barb_attack_new1_axe_000076~0.ips' : type MESH
00003466: [000000] Finish Load 'anim_barb_attack_new1_axe_000076~0' : bundle 
00003466: [------] Start  Load 'anim_barb_attack_new1_body_000077~0.ips' : type MESH
00003466: [000000] Finish Load 'anim_barb_attack_new1_body_000077~0' : bundle 
00003466: [------] Start  Load 'anim_barb_attack_new1_axe_000077~0.ips' : type MESH
00003466: [000000] Finish Load 'anim_barb_attack_new1_axe_000077~0' : bundle 
00003466: [------] Start  Load 'anim_barb_attack_new1_body_000078~0.ips' : type MESH
00003466: [000000] Finish Load 'anim_barb_attack_new1_body_000078~0' : bundle 
00003466: [------] Start  Load 'anim_barb_attack_new1_axe_000078~0.ips' : type MESH
00003467: [000001] Finish Load 'anim_barb_attack_new1_axe_000078~0' : bundle 
00003467: [------] Start  Load 'anim_barb_attack_new1_body_000079~0.ips' : type MESH
00003467: [000000] Finish Load 'anim_barb_attack_new1_body_000079~0' : bundle 
00003467: [------] Start  Load 'anim_barb_attack_new1_axe_000079~0.ips' : type MESH
00003467: [000000] Finish Load 'anim_barb_attack_new1_axe_000079~0' : bundle 
00003467: [------] Start  Load 'anim_barb_attack6_body_000001~0.ips' : type MESH
00003468: [000001] Finish Load 'anim_barb_attack6_body_000001~0' : bundle 
00003468: [------] Start  Load 'anim_barb_attack6_axe_000001~0.ips' : type MESH
00003468: [000000] Finish Load 'anim_barb_attack6_axe_000001~0' : bundle 
00003468: [------] Start  Load 'anim_barb_attack6_body_000002~0.ips' : type MESH
00003468: [000000] Finish Load 'anim_barb_attack6_body_000002~0' : bundle 
00003468: [------] Start  Load 'anim_barb_attack6_axe_000002~0.ips' : type MESH
00003468: [000000] Finish Load 'anim_barb_attack6_axe_000002~0' : bundle 
00003469: [------] Start  Load 'anim_barb_attack6_body_000003~0.ips' : type MESH
00003469: [000000] Finish Load 'anim_barb_attack6_body_000003~0' : bundle 
00003469: [------] Start  Load 'anim_barb_attack6_axe_000003~0.ips' : type MESH
00003469: [000000] Finish Load 'anim_barb_attack6_axe_000003~0' : bundle 
00003469: [------] Start  Load 'anim_barb_attack6_body_000023~0.ips' : type MESH
00003469: [000000] Finish Load 'anim_barb_attack6_body_000023~0' : bundle 
00003469: [------] Start  Load 'anim_barb_attack6_axe_000023~0.ips' : type MESH
00003469: [000000] Finish Load 'anim_barb_attack6_axe_000023~0' : bundle 
00003469: [------] Start  Load 'anim_barb_attack6_axe_000024~0.ips' : type MESH
00003469: [000000] Finish Load 'anim_barb_attack6_axe_000024~0' : bundle 
00003469: [------] Start  Load 'anim_barb_attack6_axe_000025~0.ips' : type MESH
00003469: [000000] Finish Load 'anim_barb_attack6_axe_000025~0' : bundle 
00003469: [------] Start  Load 'anim_barb_attack6_body_000026~0.ips' : type MESH
00003470: [000001] Finish Load 'anim_barb_attack6_body_000026~0' : bundle 
00003470: [------] Start  Load 'anim_barb_attack6_axe_000026~0.ips' : type MESH
00003470: [000000] Finish Load 'anim_barb_attack6_axe_000026~0' : bundle 
00003470: [------] Start  Load 'anim_barb_attack6_axe_000027~0.ips' : type MESH
00003470: [000000] Finish Load 'anim_barb_attack6_axe_000027~0' : bundle 
00003470: [------] Start  Load 'anim_barb_attack6_axe_000028~0.ips' : type MESH
00003470: [000000] Finish Load 'anim_barb_attack6_axe_000028~0' : bundle 
00003472: [------] Start  Load 'anim_barb_attack6_body_000029~0.ips' : type MESH
00003473: [000001] Finish Load 'anim_barb_attack6_body_000029~0' : bundle 
00003473: [------] Start  Load 'anim_barb_attack6_axe_000029~0.ips' : type MESH
00003473: [000000] Finish Load 'anim_barb_attack6_axe_000029~0' : bundle 
00003473: [------] Start  Load 'anim_barb_attack6_axe_000030~0.ips' : type MESH
00003473: [000000] Finish Load 'anim_barb_attack6_axe_000030~0' : bundle 
00003473: [------] Start  Load 'anim_barb_attack6_axe_000031~0.ips' : type MESH
00003473: [000000] Finish Load 'anim_barb_attack6_axe_000031~0' : bundle 
00003474: [------] Start  Load 'anim_barb_attack6_body_000032~0.ips' : type MESH
00003475: [000001] Finish Load 'anim_barb_attack6_body_000032~0' : bundle 
00003475: [------] Start  Load 'anim_barb_attack6_axe_000032~0.ips' : type MESH
00003475: [000000] Finish Load 'anim_barb_attack6_axe_000032~0' : bundle 
00003475: [------] Start  Load 'anim_barb_attack6_axe_000033~0.ips' : type MESH
00003475: [000000] Finish Load 'anim_barb_attack6_axe_000033~0' : bundle 
00003475: [------] Start  Load 'anim_barb_attack6_axe_000034~0.ips' : type MESH
00003476: [000001] Finish Load 'anim_barb_attack6_axe_000034~0' : bundle 
00003476: [------] Start  Load 'anim_barb_attack6_body_000035~0.ips' : type MESH
00003476: [000000] Finish Load 'anim_barb_attack6_body_000035~0' : bundle 
00003476: [------] Start  Load 'anim_barb_attack6_axe_000035~0.ips' : type MESH
00003476: [000000] Finish Load 'anim_barb_attack6_axe_000035~0' : bundle 
00003476: [------] Start  Load 'anim_barb_attack6_axe_000036~0.ips' : type MESH
00003476: [000000] Finish Load 'anim_barb_attack6_axe_000036~0' : bundle 
00003476: [------] Start  Load 'anim_barb_attack6_axe_000037~0.ips' : type MESH
00003477: [000001] Finish Load 'anim_barb_attack6_axe_000037~0' : bundle 
00003477: [------] Start  Load 'anim_barb_attack6_body_000038~0.ips' : type MESH
00003477: [000000] Finish Load 'anim_barb_attack6_body_000038~0' : bundle 
00003477: [------] Start  Load 'anim_barb_attack6_axe_000038~0.ips' : type MESH
00003477: [000000] Finish Load 'anim_barb_attack6_axe_000038~0' : bundle 
00003477: [------] Start  Load 'anim_barb_attack6_axe_000039~0.ips' : type MESH
00003478: [000001] Finish Load 'anim_barb_attack6_axe_000039~0' : bundle 
00003478: [------] Start  Load 'anim_barb_attack6_axe_000040~0.ips' : type MESH
00003478: [000000] Finish Load 'anim_barb_attack6_axe_000040~0' : bundle 
00003478: [------] Start  Load 'anim_barb_attack6_body_000041~0.ips' : type MESH
00003478: [000000] Finish Load 'anim_barb_attack6_body_000041~0' : bundle 
00003478: [------] Start  Load 'anim_barb_attack6_axe_000041~0.ips' : type MESH
00003478: [000000] Finish Load 'anim_barb_attack6_axe_000041~0' : bundle 
00003479: [------] Start  Load 'anim_barb_attack6_axe_000042~0.ips' : type MESH
00003479: [000000] Finish Load 'anim_barb_attack6_axe_000042~0' : bundle 
00003479: [------] Start  Load 'anim_barb_attack6_axe_000043~0.ips' : type MESH
00003479: [000000] Finish Load 'anim_barb_attack6_axe_000043~0' : bundle 
00003479: [------] Start  Load 'anim_barb_attack6_body_000044~0.ips' : type MESH
00003479: [000000] Finish Load 'anim_barb_attack6_body_000044~0' : bundle 
00003480: [------] Start  Load 'anim_barb_attack6_axe_000044~0.ips' : type MESH
00003480: [000000] Finish Load 'anim_barb_attack6_axe_000044~0' : bundle 
00003480: [------] Start  Load 'anim_barb_attack6_axe_000045~0.ips' : type MESH
00003480: [000000] Finish Load 'anim_barb_attack6_axe_000045~0' : bundle 
00003480: [------] Start  Load 'anim_barb_attack6_axe_000046~0.ips' : type MESH
00003480: [000000] Finish Load 'anim_barb_attack6_axe_000046~0' : bundle 
00003480: [------] Start  Load 'anim_barb_attack6_body_000047~0.ips' : type MESH
00003481: [000001] Finish Load 'anim_barb_attack6_body_000047~0' : bundle 
00003481: [------] Start  Load 'anim_barb_attack6_axe_000047~0.ips' : type MESH
00003481: [000000] Finish Load 'anim_barb_attack6_axe_000047~0' : bundle 
00003481: [------] Start  Load 'anim_barb_attack6_axe_000048~0.ips' : type MESH
00003482: [000001] Finish Load 'anim_barb_attack6_axe_000048~0' : bundle 
00003482: [------] Start  Load 'anim_barb_attack6_axe_000049~0.ips' : type MESH
00003482: [000000] Finish Load 'anim_barb_attack6_axe_000049~0' : bundle 
00003482: [------] Start  Load 'anim_barb_attack6_body_000050~0.ips' : type MESH
00003483: [000001] Finish Load 'anim_barb_attack6_body_000050~0' : bundle 
00003483: [------] Start  Load 'anim_barb_attack6_axe_000050~0.ips' : type MESH
00003483: [000000] Finish Load 'anim_barb_attack6_axe_000050~0' : bundle 
00003483: [------] Start  Load 'anim_barb_attack6_axe_000051~0.ips' : type MESH
00003483: [000000] Finish Load 'anim_barb_attack6_axe_000051~0' : bundle 
00003483: [------] Start  Load 'anim_barb_attack6_axe_000052~0.ips' : type MESH
00003483: [000000] Finish Load 'anim_barb_attack6_axe_000052~0' : bundle 
00003483: [------] Start  Load 'anim_barb_attack6_body_000053~0.ips' : type MESH
00003483: [000000] Finish Load 'anim_barb_attack6_body_000053~0' : bundle 
00003484: [------] Start  Load 'anim_barb_attack6_axe_000053~0.ips' : type MESH
00003484: [000000] Finish Load 'anim_barb_attack6_axe_000053~0' : bundle 
00003484: [------] Start  Load 'anim_barb_attack6_axe_000054~0.ips' : type MESH
00003484: [000000] Finish Load 'anim_barb_attack6_axe_000054~0' : bundle 
00003484: [------] Start  Load 'anim_barb_attack6_axe_000055~0.ips' : type MESH
00003484: [000000] Finish Load 'anim_barb_attack6_axe_000055~0' : bundle 
00003484: [------] Start  Load 'anim_barb_attack6_body_000056~0.ips' : type MESH
00003485: [000001] Finish Load 'anim_barb_attack6_body_000056~0' : bundle 
00003485: [------] Start  Load 'anim_barb_attack6_axe_000056~0.ips' : type MESH
00003485: [000000] Finish Load 'anim_barb_attack6_axe_000056~0' : bundle 
00003485: [------] Start  Load 'anim_barb_attack6_axe_000057~0.ips' : type MESH
00003485: [000000] Finish Load 'anim_barb_attack6_axe_000057~0' : bundle 
00003485: [------] Start  Load 'anim_barb_attack6_axe_000058~0.ips' : type MESH
00003485: [000000] Finish Load 'anim_barb_attack6_axe_000058~0' : bundle 
00003485: [------] Start  Load 'anim_barb_attack6_body_000059~0.ips' : type MESH
00003486: [000001] Finish Load 'anim_barb_attack6_body_000059~0' : bundle 
00003486: [------] Start  Load 'anim_barb_attack6_axe_000059~0.ips' : type MESH
00003486: [000000] Finish Load 'anim_barb_attack6_axe_000059~0' : bundle 
00003486: [------] Start  Load 'anim_barb_attack6_axe_000060~0.ips' : type MESH
00003486: [000000] Finish Load 'anim_barb_attack6_axe_000060~0' : bundle 
00003486: [------] Start  Load 'anim_barb_attack6_axe_000061~0.ips' : type MESH
00003486: [000000] Finish Load 'anim_barb_attack6_axe_000061~0' : bundle 
00003487: [------] Start  Load 'anim_barb_attack6_body_000062~0.ips' : type MESH
00003487: [000000] Finish Load 'anim_barb_attack6_body_000062~0' : bundle 
00003487: [------] Start  Load 'anim_barb_attack6_axe_000062~0.ips' : type MESH
00003487: [000000] Finish Load 'anim_barb_attack6_axe_000062~0' : bundle 
00003487: [------] Start  Load 'anim_barb_attack6_axe_000063~0.ips' : type MESH
00003487: [000000] Finish Load 'anim_barb_attack6_axe_000063~0' : bundle 
00003487: [------] Start  Load 'anim_barb_attack6_axe_000064~0.ips' : type MESH
00003488: [000001] Finish Load 'anim_barb_attack6_axe_000064~0' : bundle 
00003488: [------] Start  Load 'anim_barb_attack6_body_000065~0.ips' : type MESH
00003488: [000000] Finish Load 'anim_barb_attack6_body_000065~0' : bundle 
00003488: [------] Start  Load 'anim_barb_attack6_axe_000065~0.ips' : type MESH
00003488: [000000] Finish Load 'anim_barb_attack6_axe_000065~0' : bundle 
00003488: [------] Start  Load 'anim_barb_attack6_axe_000066~0.ips' : type MESH
00003488: [000000] Finish Load 'anim_barb_attack6_axe_000066~0' : bundle 
00003489: [------] Start  Load 'anim_barb_attack6_axe_000067~0.ips' : type MESH
00003489: [000000] Finish Load 'anim_barb_attack6_axe_000067~0' : bundle 
00003489: [------] Start  Load 'anim_barb_attack6_body_000068~0.ips' : type MESH
00003489: [000000] Finish Load 'anim_barb_attack6_body_000068~0' : bundle 
00003490: [------] Start  Load 'anim_barb_attack6_axe_000068~0.ips' : type MESH
00003490: [000000] Finish Load 'anim_barb_attack6_axe_000068~0' : bundle 
00003490: [------] Start  Load 'anim_barb_attack6_axe_000069~0.ips' : type MESH
00003490: [000000] Finish Load 'anim_barb_attack6_axe_000069~0' : bundle 
00003490: [------] Start  Load 'anim_barb_attack6_axe_000070~0.ips' : type MESH
00003490: [000000] Finish Load 'anim_barb_attack6_axe_000070~0' : bundle 
00003490: [------] Start  Load 'anim_barb_attack6_body_000071~0.ips' : type MESH
00003491: [000001] Finish Load 'anim_barb_attack6_body_000071~0' : bundle 
00003491: [------] Start  Load 'anim_barb_attack6_axe_000071~0.ips' : type MESH
00003491: [000000] Finish Load 'anim_barb_attack6_axe_000071~0' : bundle 
00003492: [------] Start  Load 'anim_barb_attack6_axe_000072~0.ips' : type MESH
00003492: [000000] Finish Load 'anim_barb_attack6_axe_000072~0' : bundle 
00003492: [------] Start  Load 'anim_barb_attack6_body_000073~0.ips' : type MESH
00003492: [000000] Finish Load 'anim_barb_attack6_body_000073~0' : bundle 
00003492: [------] Start  Load 'anim_barb_attack6_axe_000073~0.ips' : type MESH
00003492: [000000] Finish Load 'anim_barb_attack6_axe_000073~0' : bundle 
00003492: [------] Start  Load 'anim_barb_attack6_body_000074~0.ips' : type MESH
00003492: [000000] Finish Load 'anim_barb_attack6_body_000074~0' : bundle 
00003493: [------] Start  Load 'anim_barb_attack6_axe_000074~0.ips' : type MESH
00003493: [000000] Finish Load 'anim_barb_attack6_axe_000074~0' : bundle 
00003493: [------] Start  Load 'anim_barb_attack6_body_000075~0.ips' : type MESH
00003493: [000000] Finish Load 'anim_barb_attack6_body_000075~0' : bundle 
00003493: [------] Start  Load 'anim_barb_attack6_axe_000075~0.ips' : type MESH
00003493: [000000] Finish Load 'anim_barb_attack6_axe_000075~0' : bundle 
00003493: [------] Start  Load 'anim_barb_attack6_body_000076~0.ips' : type MESH
00003494: [000001] Finish Load 'anim_barb_attack6_body_000076~0' : bundle 
00003494: [------] Start  Load 'anim_barb_attack6_axe_000076~0.ips' : type MESH
00003494: [000000] Finish Load 'anim_barb_attack6_axe_000076~0' : bundle 
00003494: [------] Start  Load 'anim_barb_attack6_body_000077~0.ips' : type MESH
00003494: [000000] Finish Load 'anim_barb_attack6_body_000077~0' : bundle 
00003496: [------] Start  Load 'anim_barb_attack6_axe_000077~0.ips' : type MESH
00003496: [000000] Finish Load 'anim_barb_attack6_axe_000077~0' : bundle 
00003496: [------] Start  Load 'anim_barb_attack6_body_000078~0.ips' : type MESH
00003496: [000000] Finish Load 'anim_barb_attack6_body_000078~0' : bundle 
00003496: [------] Start  Load 'anim_barb_attack6_axe_000078~0.ips' : type MESH
00003496: [000000] Finish Load 'anim_barb_attack6_axe_000078~0' : bundle 
00003496: [------] Start  Load 'anim_barb_attack6_body_000079~0.ips' : type MESH
00003496: [000000] Finish Load 'anim_barb_attack6_body_000079~0' : bundle 
00003496: [------] Start  Load 'anim_barb_attack6_axe_000079~0.ips' : type MESH
00003496: [000000] Finish Load 'anim_barb_attack6_axe_000079~0' : bundle 
00003496: [------] Start  Load 'barbdie_00~0.ips         ' : type MESH
00003496: [000000] Finish Load 'barbdie_00~0             ' : bundle 
00003496: [------] Start  Load 'barbdie_00~1.ips         ' : type MESH
00003496: [000000] Finish Load 'barbdie_00~1             ' : bundle 
00003497: [------] Start  Load 'barbdie_01~0.ips         ' : type MESH
00003497: [000000] Finish Load 'barbdie_01~0             ' : bundle 
00003497: [------] Start  Load 'barbdie_01~1.ips         ' : type MESH
00003497: [000000] Finish Load 'barbdie_01~1             ' : bundle 
00003497: [------] Start  Load 'barbdie_02~0.ips         ' : type MESH
00003497: [000000] Finish Load 'barbdie_02~0             ' : bundle 
00003497: [------] Start  Load 'barbdie_02~1.ips         ' : type MESH
00003497: [000000] Finish Load 'barbdie_02~1             ' : bundle 
00003497: [------] Start  Load 'barbdie_03~0.ips         ' : type MESH
00003498: [000001] Finish Load 'barbdie_03~0             ' : bundle 
00003498: [------] Start  Load 'barbdie_03~1.ips         ' : type MESH
00003499: [000001] Finish Load 'barbdie_03~1             ' : bundle 
00003499: [------] Start  Load 'barbdie_04~0.ips         ' : type MESH
00003499: [000000] Finish Load 'barbdie_04~0             ' : bundle 
00003499: [------] Start  Load 'barbdie_04~1.ips         ' : type MESH
00003499: [000000] Finish Load 'barbdie_04~1             ' : bundle 
00003499: [------] Start  Load 'barbdie_05~0.ips         ' : type MESH
00003499: [000000] Finish Load 'barbdie_05~0             ' : bundle 
00003499: [------] Start  Load 'barbdie_05~1.ips         ' : type MESH
00003499: [000000] Finish Load 'barbdie_05~1             ' : bundle 
00003500: [------] Start  Load 'barbdie_06~0.ips         ' : type MESH
00003500: [000000] Finish Load 'barbdie_06~0             ' : bundle 
00003500: [------] Start  Load 'barbdie_06~1.ips         ' : type MESH
00003500: [000000] Finish Load 'barbdie_06~1             ' : bundle 
00003500: [------] Start  Load 'barbdie_07~0.ips         ' : type MESH
00003500: [000000] Finish Load 'barbdie_07~0             ' : bundle 
00003500: [------] Start  Load 'barbdie_07~1.ips         ' : type MESH
00003500: [000000] Finish Load 'barbdie_07~1             ' : bundle 
00003500: [------] Start  Load 'barbdie_08~0.ips         ' : type MESH
00003500: [000000] Finish Load 'barbdie_08~0             ' : bundle 
00003500: [------] Start  Load 'barbdie_08~1.ips         ' : type MESH
00003500: [000000] Finish Load 'barbdie_08~1             ' : bundle 
00003500: [------] Start  Load 'barbdie_09~0.ips         ' : type MESH
00003500: [000000] Finish Load 'barbdie_09~0             ' : bundle 
00003500: [------] Start  Load 'barbdie_09~1.ips         ' : type MESH
00003500: [000000] Finish Load 'barbdie_09~1             ' : bundle 
00003500: [------] Start  Load 'barbdie_10~0.ips         ' : type MESH
00003501: [000001] Finish Load 'barbdie_10~0             ' : bundle 
00003501: [------] Start  Load 'barbdie_10~1.ips         ' : type MESH
00003501: [000000] Finish Load 'barbdie_10~1             ' : bundle 
00003501: [------] Start  Load 'anim_barb_idle_body_000001~0.ips' : type MESH
00003501: [000000] Finish Load 'anim_barb_idle_body_000001~0' : bundle 
00003501: [------] Start  Load 'anim_barb_idle_axe_000001~0.ips' : type MESH
00003501: [000000] Finish Load 'anim_barb_idle_axe_000001~0' : bundle 
00003501: [------] Start  Load 'anim_barb_idle_body_000002~0.ips' : type MESH
00003501: [000000] Finish Load 'anim_barb_idle_body_000002~0' : bundle 
00003501: [------] Start  Load 'anim_barb_idle_axe_000002~0.ips' : type MESH
00003501: [000000] Finish Load 'anim_barb_idle_axe_000002~0' : bundle 
00003501: [------] Start  Load 'anim_barb_idle_body_000003~0.ips' : type MESH
00003501: [000000] Finish Load 'anim_barb_idle_body_000003~0' : bundle 
00003501: [------] Start  Load 'anim_barb_idle_axe_000003~0.ips' : type MESH
00003502: [000001] Finish Load 'anim_barb_idle_axe_000003~0' : bundle 
00003502: [------] Start  Load 'anim_barb_idle_body_000004~0.ips' : type MESH
00003502: [000000] Finish Load 'anim_barb_idle_body_000004~0' : bundle 
00003502: [------] Start  Load 'anim_barb_idle_axe_000004~0.ips' : type MESH
00003502: [000000] Finish Load 'anim_barb_idle_axe_000004~0' : bundle 
00003502: [------] Start  Load 'anim_barb_idle_body_000005~0.ips' : type MESH
00003503: [000001] Finish Load 'anim_barb_idle_body_000005~0' : bundle 
00003503: [------] Start  Load 'anim_barb_idle_axe_000005~0.ips' : type MESH
00003503: [000000] Finish Load 'anim_barb_idle_axe_000005~0' : bundle 
00003503: [------] Start  Load 'anim_barb_idle_body_000006~0.ips' : type MESH
00003503: [000000] Finish Load 'anim_barb_idle_body_000006~0' : bundle 
00003503: [------] Start  Load 'anim_barb_idle_axe_000006~0.ips' : type MESH
00003503: [000000] Finish Load 'anim_barb_idle_axe_000006~0' : bundle 
00003503: [------] Start  Load 'anim_barb_idle_body_000007~0.ips' : type MESH
00003505: [000002] Finish Load 'anim_barb_idle_body_000007~0' : bundle 
00003505: [------] Start  Load 'anim_barb_idle_axe_000007~0.ips' : type MESH
00003506: [000001] Finish Load 'anim_barb_idle_axe_000007~0' : bundle 
00003506: [------] Start  Load 'anim_barb_idle_body_000008~0.ips' : type MESH
00003506: [000000] Finish Load 'anim_barb_idle_body_000008~0' : bundle 
00003506: [------] Start  Load 'anim_barb_idle_axe_000008~0.ips' : type MESH
00003507: [000001] Finish Load 'anim_barb_idle_axe_000008~0' : bundle 
00003507: [------] Start  Load 'anim_barb_idle_body_000009~0.ips' : type MESH
00003507: [000000] Finish Load 'anim_barb_idle_body_000009~0' : bundle 
00003507: [------] Start  Load 'anim_barb_idle_axe_000009~0.ips' : type MESH
00003507: [000000] Finish Load 'anim_barb_idle_axe_000009~0' : bundle 
00003507: [------] Start  Load 'anim_barb_idle_body_000010~0.ips' : type MESH
00003507: [000000] Finish Load 'anim_barb_idle_body_000010~0' : bundle 
00003507: [------] Start  Load 'anim_barb_idle_axe_000010~0.ips' : type MESH
00003508: [000001] Finish Load 'anim_barb_idle_axe_000010~0' : bundle 
00003508: [------] Start  Load 'anim_barb_idle_body_000011~0.ips' : type MESH
00003508: [000000] Finish Load 'anim_barb_idle_body_000011~0' : bundle 
00003508: [------] Start  Load 'anim_barb_idle_axe_000011~0.ips' : type MESH
00003508: [000000] Finish Load 'anim_barb_idle_axe_000011~0' : bundle 
00003508: [------] Start  Load 'anim_barb_idle_body_000012~0.ips' : type MESH
00003509: [000001] Finish Load 'anim_barb_idle_body_000012~0' : bundle 
00003509: [------] Start  Load 'anim_barb_idle_axe_000012~0.ips' : type MESH
00003509: [000000] Finish Load 'anim_barb_idle_axe_000012~0' : bundle 
00003509: [------] Start  Load 'anim_barb_idle_body_000013~0.ips' : type MESH
00003509: [000000] Finish Load 'anim_barb_idle_body_000013~0' : bundle 
00003509: [------] Start  Load 'anim_barb_idle_axe_000013~0.ips' : type MESH
00003509: [000000] Finish Load 'anim_barb_idle_axe_000013~0' : bundle 
00003510: [------] Start  Load 'anim_barb_idle_body_000014~0.ips' : type MESH
00003510: [000000] Finish Load 'anim_barb_idle_body_000014~0' : bundle 
00003510: [------] Start  Load 'anim_barb_idle_axe_000014~0.ips' : type MESH
00003510: [000000] Finish Load 'anim_barb_idle_axe_000014~0' : bundle 
00003510: [------] Start  Load 'anim_barb_idle_body_000015~0.ips' : type MESH
00003511: [000001] Finish Load 'anim_barb_idle_body_000015~0' : bundle 
00003511: [------] Start  Load 'anim_barb_idle_axe_000015~0.ips' : type MESH
00003511: [000000] Finish Load 'anim_barb_idle_axe_000015~0' : bundle 
00003511: [------] Start  Load 'anim_barb_idle_body_000016~0.ips' : type MESH
00003511: [000000] Finish Load 'anim_barb_idle_body_000016~0' : bundle 
00003511: [------] Start  Load 'anim_barb_idle_axe_000016~0.ips' : type MESH
00003511: [000000] Finish Load 'anim_barb_idle_axe_000016~0' : bundle 
00003512: [------] Start  Load 'anim_barb_idle_body_000017~0.ips' : type MESH
00003512: [000000] Finish Load 'anim_barb_idle_body_000017~0' : bundle 
00003512: [------] Start  Load 'anim_barb_idle_axe_000017~0.ips' : type MESH
00003512: [000000] Finish Load 'anim_barb_idle_axe_000017~0' : bundle 
00003512: [------] Start  Load 'anim_barb_idle_body_000018~0.ips' : type MESH
00003512: [000000] Finish Load 'anim_barb_idle_body_000018~0' : bundle 
00003513: [------] Start  Load 'anim_barb_idle_axe_000018~0.ips' : type MESH
00003513: [000000] Finish Load 'anim_barb_idle_axe_000018~0' : bundle 
00003513: [------] Start  Load 'anim_barb_idle_body_000019~0.ips' : type MESH
00003513: [000000] Finish Load 'anim_barb_idle_body_000019~0' : bundle 
00003513: [------] Start  Load 'anim_barb_idle_axe_000019~0.ips' : type MESH
00003513: [000000] Finish Load 'anim_barb_idle_axe_000019~0' : bundle 
00003513: [------] Start  Load 'anim_barb_idle_body_000020~0.ips' : type MESH
00003514: [000001] Finish Load 'anim_barb_idle_body_000020~0' : bundle 
00003514: [------] Start  Load 'anim_barb_idle_axe_000020~0.ips' : type MESH
00003514: [000000] Finish Load 'anim_barb_idle_axe_000020~0' : bundle 
00003514: [------] Start  Load 'anim_barb_idle_body_000021~0.ips' : type MESH
00003515: [000001] Finish Load 'anim_barb_idle_body_000021~0' : bundle 
00003516: [------] Start  Load 'anim_barb_idle_axe_000021~0.ips' : type MESH
00003516: [000000] Finish Load 'anim_barb_idle_axe_000021~0' : bundle 
00003516: [------] Start  Load 'anim_barb_idle_body_000022~0.ips' : type MESH
00003517: [000001] Finish Load 'anim_barb_idle_body_000022~0' : bundle 
00003517: [------] Start  Load 'anim_barb_idle_axe_000022~0.ips' : type MESH
00003517: [000000] Finish Load 'anim_barb_idle_axe_000022~0' : bundle 
00003517: [------] Start  Load 'anim_barb_idle_body_000023~0.ips' : type MESH
00003518: [000001] Finish Load 'anim_barb_idle_body_000023~0' : bundle 
00003518: [------] Start  Load 'anim_barb_idle_axe_000023~0.ips' : type MESH
00003518: [000000] Finish Load 'anim_barb_idle_axe_000023~0' : bundle 
00003518: [------] Start  Load 'anim_barb_idle_body_000024~0.ips' : type MESH
00003518: [000000] Finish Load 'anim_barb_idle_body_000024~0' : bundle 
00003518: [------] Start  Load 'anim_barb_idle_axe_000024~0.ips' : type MESH
00003518: [000000] Finish Load 'anim_barb_idle_axe_000024~0' : bundle 
00003519: [------] Start  Load 'anim_barb_idle_body_000025~0.ips' : type MESH
00003519: [000000] Finish Load 'anim_barb_idle_body_000025~0' : bundle 
00003519: [------] Start  Load 'anim_barb_idle_axe_000025~0.ips' : type MESH
00003519: [000000] Finish Load 'anim_barb_idle_axe_000025~0' : bundle 
00003519: [------] Start  Load 'anim_barb_idle_body_000026~0.ips' : type MESH
00003520: [000001] Finish Load 'anim_barb_idle_body_000026~0' : bundle 
00003520: [------] Start  Load 'anim_barb_idle_axe_000026~0.ips' : type MESH
00003520: [000000] Finish Load 'anim_barb_idle_axe_000026~0' : bundle 
00003520: [------] Start  Load 'anim_barb_idle_body_000027~0.ips' : type MESH
00003520: [000000] Finish Load 'anim_barb_idle_body_000027~0' : bundle 
00003520: [------] Start  Load 'anim_barb_idle_axe_000027~0.ips' : type MESH
00003520: [000000] Finish Load 'anim_barb_idle_axe_000027~0' : bundle 
00003520: [------] Start  Load 'anim_barb_idle_body_000028~0.ips' : type MESH
00003521: [000001] Finish Load 'anim_barb_idle_body_000028~0' : bundle 
00003521: [------] Start  Load 'anim_barb_idle_axe_000028~0.ips' : type MESH
00003521: [000000] Finish Load 'anim_barb_idle_axe_000028~0' : bundle 
00003521: [------] Start  Load 'anim_barb_idle_body_000029~0.ips' : type MESH
00003521: [000000] Finish Load 'anim_barb_idle_body_000029~0' : bundle 
00003521: [------] Start  Load 'anim_barb_idle_axe_000029~0.ips' : type MESH
00003521: [000000] Finish Load 'anim_barb_idle_axe_000029~0' : bundle 
00003522: [------] Start  Load 'anim_barb_idle_body_000030~0.ips' : type MESH
00003522: [000000] Finish Load 'anim_barb_idle_body_000030~0' : bundle 
00003522: [------] Start  Load 'anim_barb_idle_axe_000030~0.ips' : type MESH
00003522: [000000] Finish Load 'anim_barb_idle_axe_000030~0' : bundle 
00003522: [------] Start  Load 'anim_barb_idle_body_000031~0.ips' : type MESH
00003522: [000000] Finish Load 'anim_barb_idle_body_000031~0' : bundle 
00003522: [------] Start  Load 'anim_barb_idle_axe_000031~0.ips' : type MESH
00003523: [000001] Finish Load 'anim_barb_idle_axe_000031~0' : bundle 
00003523: [------] Start  Load 'anim_barb_idle_body_000032~0.ips' : type MESH
00003523: [000000] Finish Load 'anim_barb_idle_body_000032~0' : bundle 
00003523: [------] Start  Load 'anim_barb_idle_axe_000032~0.ips' : type MESH
00003523: [000000] Finish Load 'anim_barb_idle_axe_000032~0' : bundle 
00003523: [------] Start  Load 'anim_barb_idle_body_000033~0.ips' : type MESH
00003524: [000001] Finish Load 'anim_barb_idle_body_000033~0' : bundle 
00003524: [------] Start  Load 'anim_barb_idle_axe_000033~0.ips' : type MESH
00003524: [000000] Finish Load 'anim_barb_idle_axe_000033~0' : bundle 
00003524: [------] Start  Load 'anim_barb_idle_body_000034~0.ips' : type MESH
00003524: [000000] Finish Load 'anim_barb_idle_body_000034~0' : bundle 
00003524: [------] Start  Load 'anim_barb_idle_axe_000034~0.ips' : type MESH
00003524: [000000] Finish Load 'anim_barb_idle_axe_000034~0' : bundle 
00003524: [------] Start  Load 'anim_barb_idle_body_000035~0.ips' : type MESH
00003526: [000002] Finish Load 'anim_barb_idle_body_000035~0' : bundle 
00003526: [------] Start  Load 'anim_barb_idle_axe_000035~0.ips' : type MESH
00003526: [000000] Finish Load 'anim_barb_idle_axe_000035~0' : bundle 
00003526: [------] Start  Load 'anim_barb_idle_body_000036~0.ips' : type MESH
00003526: [000000] Finish Load 'anim_barb_idle_body_000036~0' : bundle 
00003526: [------] Start  Load 'anim_barb_idle_axe_000036~0.ips' : type MESH
00003526: [000000] Finish Load 'anim_barb_idle_axe_000036~0' : bundle 
00003526: [------] Start  Load 'anim_barb_idle_body_000037~0.ips' : type MESH
00003527: [000001] Finish Load 'anim_barb_idle_body_000037~0' : bundle 
00003527: [------] Start  Load 'anim_barb_idle_axe_000037~0.ips' : type MESH
00003527: [000000] Finish Load 'anim_barb_idle_axe_000037~0' : bundle 
00003527: [------] Start  Load 'anim_barb_idle_body_000038~0.ips' : type MESH
00003527: [000000] Finish Load 'anim_barb_idle_body_000038~0' : bundle 
00003527: [------] Start  Load 'anim_barb_idle_axe_000038~0.ips' : type MESH
00003527: [000000] Finish Load 'anim_barb_idle_axe_000038~0' : bundle 
00003528: [------] Start  Load 'anim_barb_idle_body_000039~0.ips' : type MESH
00003528: [000000] Finish Load 'anim_barb_idle_body_000039~0' : bundle 
00003528: [------] Start  Load 'anim_barb_idle_axe_000039~0.ips' : type MESH
00003528: [000000] Finish Load 'anim_barb_idle_axe_000039~0' : bundle 
00003528: [------] Start  Load 'anim_barb_idle_body_000040~0.ips' : type MESH
00003529: [000001] Finish Load 'anim_barb_idle_body_000040~0' : bundle 
00003529: [------] Start  Load 'anim_barb_idle_axe_000040~0.ips' : type MESH
00003529: [000000] Finish Load 'anim_barb_idle_axe_000040~0' : bundle 
00003529: [------] Start  Load 'anim_barb_idle_body_000041~0.ips' : type MESH
00003529: [000000] Finish Load 'anim_barb_idle_body_000041~0' : bundle 
00003529: [------] Start  Load 'anim_barb_idle_axe_000041~0.ips' : type MESH
00003529: [000000] Finish Load 'anim_barb_idle_axe_000041~0' : bundle 
00003530: [------] Start  Load 'anim_barb_idle_body_000042~0.ips' : type MESH
00003530: [000000] Finish Load 'anim_barb_idle_body_000042~0' : bundle 
00003530: [------] Start  Load 'anim_barb_idle_axe_000042~0.ips' : type MESH
00003530: [000000] Finish Load 'anim_barb_idle_axe_000042~0' : bundle 
00003530: [------] Start  Load 'anim_barb_idle_body_000043~0.ips' : type MESH
00003530: [000000] Finish Load 'anim_barb_idle_body_000043~0' : bundle 
00003531: [------] Start  Load 'anim_barb_idle_axe_000043~0.ips' : type MESH
00003531: [000000] Finish Load 'anim_barb_idle_axe_000043~0' : bundle 
00003531: [------] Start  Load 'anim_barb_idle_body_000044~0.ips' : type MESH
00003531: [000000] Finish Load 'anim_barb_idle_body_000044~0' : bundle 
00003531: [------] Start  Load 'anim_barb_idle_axe_000044~0.ips' : type MESH
00003531: [000000] Finish Load 'anim_barb_idle_axe_000044~0' : bundle 
00003531: [------] Start  Load 'anim_barb_idle_body_000045~0.ips' : type MESH
00003532: [000001] Finish Load 'anim_barb_idle_body_000045~0' : bundle 
00003532: [------] Start  Load 'anim_barb_idle_axe_000045~0.ips' : type MESH
00003532: [000000] Finish Load 'anim_barb_idle_axe_000045~0' : bundle 
00003532: [------] Start  Load 'anim_barb_idle_body_000046~0.ips' : type MESH
00003532: [000000] Finish Load 'anim_barb_idle_body_000046~0' : bundle 
00003532: [------] Start  Load 'anim_barb_idle_axe_000046~0.ips' : type MESH
00003532: [000000] Finish Load 'anim_barb_idle_axe_000046~0' : bundle 
00003533: [------] Start  Load 'anim_barb_idle_body_000047~0.ips' : type MESH
00003533: [000000] Finish Load 'anim_barb_idle_body_000047~0' : bundle 
00003533: [------] Start  Load 'anim_barb_idle_axe_000047~0.ips' : type MESH
00003533: [000000] Finish Load 'anim_barb_idle_axe_000047~0' : bundle 
00003533: [------] Start  Load 'anim_barb_idle_body_000048~0.ips' : type MESH
00003533: [000000] Finish Load 'anim_barb_idle_body_000048~0' : bundle 
00003534: [------] Start  Load 'anim_barb_idle_axe_000048~0.ips' : type MESH
00003534: [000000] Finish Load 'anim_barb_idle_axe_000048~0' : bundle 
00003534: [------] Start  Load 'anim_barb_idle_body_000049~0.ips' : type MESH
00003535: [000001] Finish Load 'anim_barb_idle_body_000049~0' : bundle 
00003535: [------] Start  Load 'anim_barb_idle_axe_000049~0.ips' : type MESH
00003535: [000000] Finish Load 'anim_barb_idle_axe_000049~0' : bundle 
00003535: [------] Start  Load 'anim_barb_idle_body_000050~0.ips' : type MESH
00003536: [000001] Finish Load 'anim_barb_idle_body_000050~0' : bundle 
00003536: [------] Start  Load 'anim_barb_idle_axe_000050~0.ips' : type MESH
00003536: [000000] Finish Load 'anim_barb_idle_axe_000050~0' : bundle 
00003536: [------] Start  Load 'anim_barb_idle_body_000051~0.ips' : type MESH
00003536: [000000] Finish Load 'anim_barb_idle_body_000051~0' : bundle 
00003536: [------] Start  Load 'anim_barb_idle_axe_000051~0.ips' : type MESH
00003536: [000000] Finish Load 'anim_barb_idle_axe_000051~0' : bundle 
00003536: [------] Start  Load 'anim_barb_idle_body_000052~0.ips' : type MESH
00003537: [000001] Finish Load 'anim_barb_idle_body_000052~0' : bundle 
00003537: [------] Start  Load 'anim_barb_idle_axe_000052~0.ips' : type MESH
00003537: [000000] Finish Load 'anim_barb_idle_axe_000052~0' : bundle 
00003537: [------] Start  Load 'anim_barb_idle_body_000053~0.ips' : type MESH
00003537: [000000] Finish Load 'anim_barb_idle_body_000053~0' : bundle 
00003538: [------] Start  Load 'anim_barb_idle_axe_000053~0.ips' : type MESH
00003538: [000000] Finish Load 'anim_barb_idle_axe_000053~0' : bundle 
00003538: [------] Start  Load 'anim_barb_idle_body_000054~0.ips' : type MESH
00003538: [000000] Finish Load 'anim_barb_idle_body_000054~0' : bundle 
00003538: [------] Start  Load 'anim_barb_idle_axe_000054~0.ips' : type MESH
00003538: [000000] Finish Load 'anim_barb_idle_axe_000054~0' : bundle 
00003538: [------] Start  Load 'anim_barb_idle_body_000055~0.ips' : type MESH
00003539: [000001] Finish Load 'anim_barb_idle_body_000055~0' : bundle 
00003539: [------] Start  Load 'anim_barb_idle_axe_000055~0.ips' : type MESH
00003539: [000000] Finish Load 'anim_barb_idle_axe_000055~0' : bundle 
00003539: [------] Start  Load 'anim_barb_idle_body_000056~0.ips' : type MESH
00003539: [000000] Finish Load 'anim_barb_idle_body_000056~0' : bundle 
00003539: [------] Start  Load 'anim_barb_idle_axe_000056~0.ips' : type MESH
00003540: [000001] Finish Load 'anim_barb_idle_axe_000056~0' : bundle 
00003540: [------] Start  Load 'anim_barb_idle_body_000057~0.ips' : type MESH
00003540: [000000] Finish Load 'anim_barb_idle_body_000057~0' : bundle 
00003540: [------] Start  Load 'anim_barb_idle_axe_000057~0.ips' : type MESH
00003540: [000000] Finish Load 'anim_barb_idle_axe_000057~0' : bundle 
00003540: [------] Start  Load 'anim_barb_idle_body_000058~0.ips' : type MESH
00003541: [000001] Finish Load 'anim_barb_idle_body_000058~0' : bundle 
00003541: [------] Start  Load 'anim_barb_idle_axe_000058~0.ips' : type MESH
00003541: [000000] Finish Load 'anim_barb_idle_axe_000058~0' : bundle 
00003541: [------] Start  Load 'anim_barb_idle_body_000059~0.ips' : type MESH
00003541: [000000] Finish Load 'anim_barb_idle_body_000059~0' : bundle 
00003541: [------] Start  Load 'anim_barb_idle_axe_000059~0.ips' : type MESH
00003541: [000000] Finish Load 'anim_barb_idle_axe_000059~0' : bundle 
00003541: [------] Start  Load 'anim_barb_idle_body_000060~0.ips' : type MESH
00003541: [000000] Finish Load 'anim_barb_idle_body_000060~0' : bundle 
00003541: [------] Start  Load 'anim_barb_idle_axe_000060~0.ips' : type MESH
00003541: [000000] Finish Load 'anim_barb_idle_axe_000060~0' : bundle 
00003541: [------] Start  Load 'anim_barb_idle_body_000061~0.ips' : type MESH
00003541: [000000] Finish Load 'anim_barb_idle_body_000061~0' : bundle 
00003541: [------] Start  Load 'anim_barb_idle_axe_000061~0.ips' : type MESH
00003541: [000000] Finish Load 'anim_barb_idle_axe_000061~0' : bundle 
00003542: [------] Start  Load 'anim_barb_idle_body_000062~0.ips' : type MESH
00003543: [000001] Finish Load 'anim_barb_idle_body_000062~0' : bundle 
00003543: [------] Start  Load 'anim_barb_idle_axe_000062~0.ips' : type MESH
00003544: [000001] Finish Load 'anim_barb_idle_axe_000062~0' : bundle 
00003544: [------] Start  Load 'anim_barb_idle_body_000063~0.ips' : type MESH
00003544: [000000] Finish Load 'anim_barb_idle_body_000063~0' : bundle 
00003544: [------] Start  Load 'anim_barb_idle_axe_000063~0.ips' : type MESH
00003544: [000000] Finish Load 'anim_barb_idle_axe_000063~0' : bundle 
00003544: [------] Start  Load 'anim_barb_idle_body_000064~0.ips' : type MESH
00003545: [000001] Finish Load 'anim_barb_idle_body_000064~0' : bundle 
00003545: [------] Start  Load 'anim_barb_idle_axe_000064~0.ips' : type MESH
00003545: [000000] Finish Load 'anim_barb_idle_axe_000064~0' : bundle 
00003545: [------] Start  Load 'anim_barb_idle_body_000065~0.ips' : type MESH
00003545: [000000] Finish Load 'anim_barb_idle_body_000065~0' : bundle 
00003545: [------] Start  Load 'anim_barb_idle_axe_000065~0.ips' : type MESH
00003545: [000000] Finish Load 'anim_barb_idle_axe_000065~0' : bundle 
00003545: [------] Start  Load 'anim_barb_idle_body_000066~0.ips' : type MESH
00003546: [000001] Finish Load 'anim_barb_idle_body_000066~0' : bundle 
00003546: [------] Start  Load 'anim_barb_idle_axe_000066~0.ips' : type MESH
00003546: [000000] Finish Load 'anim_barb_idle_axe_000066~0' : bundle 
00003546: [------] Start  Load 'anim_barb_idle_body_000067~0.ips' : type MESH
00003546: [000000] Finish Load 'anim_barb_idle_body_000067~0' : bundle 
00003546: [------] Start  Load 'anim_barb_idle_axe_000067~0.ips' : type MESH
00003547: [000001] Finish Load 'anim_barb_idle_axe_000067~0' : bundle 
00003547: [------] Start  Load 'anim_barb_idle_body_000068~0.ips' : type MESH
00003547: [000000] Finish Load 'anim_barb_idle_body_000068~0' : bundle 
00003547: [------] Start  Load 'anim_barb_idle_axe_000068~0.ips' : type MESH
00003547: [000000] Finish Load 'anim_barb_idle_axe_000068~0' : bundle 
00003547: [------] Start  Load 'anim_barb_idle_body_000069~0.ips' : type MESH
00003547: [000000] Finish Load 'anim_barb_idle_body_000069~0' : bundle 
00003547: [------] Start  Load 'anim_barb_idle_axe_000069~0.ips' : type MESH
00003547: [000000] Finish Load 'anim_barb_idle_axe_000069~0' : bundle 
00003547: [------] Start  Load 'anim_barb_idle_body_000070~0.ips' : type MESH
00003547: [000000] Finish Load 'anim_barb_idle_body_000070~0' : bundle 
00003547: [------] Start  Load 'anim_barb_idle_axe_000070~0.ips' : type MESH
00003547: [000000] Finish Load 'anim_barb_idle_axe_000070~0' : bundle 
00003548: [------] Start  Load 'anim_barb_idle_body_000071~0.ips' : type MESH
00003548: [000000] Finish Load 'anim_barb_idle_body_000071~0' : bundle 
00003548: [------] Start  Load 'anim_barb_idle_axe_000071~0.ips' : type MESH
00003548: [000000] Finish Load 'anim_barb_idle_axe_000071~0' : bundle 
00003548: [------] Start  Load 'anim_barb_idle_body_000072~0.ips' : type MESH
00003549: [000001] Finish Load 'anim_barb_idle_body_000072~0' : bundle 
00003549: [------] Start  Load 'anim_barb_idle_axe_000072~0.ips' : type MESH
00003549: [000000] Finish Load 'anim_barb_idle_axe_000072~0' : bundle 
00003549: [------] Start  Load 'anim_barb_idle_body_000073~0.ips' : type MESH
00003549: [000000] Finish Load 'anim_barb_idle_body_000073~0' : bundle 
00003549: [------] Start  Load 'anim_barb_idle_axe_000073~0.ips' : type MESH
00003549: [000000] Finish Load 'anim_barb_idle_axe_000073~0' : bundle 
00003549: [------] Start  Load 'anim_barb_idle_body_000074~0.ips' : type MESH
00003550: [000001] Finish Load 'anim_barb_idle_body_000074~0' : bundle 
00003550: [------] Start  Load 'anim_barb_idle_axe_000074~0.ips' : type MESH
00003550: [000000] Finish Load 'anim_barb_idle_axe_000074~0' : bundle 
00003550: [------] Start  Load 'anim_barb_idle_body_000075~0.ips' : type MESH
00003550: [000000] Finish Load 'anim_barb_idle_body_000075~0' : bundle 
00003550: [------] Start  Load 'anim_barb_idle_axe_000075~0.ips' : type MESH
00003550: [000000] Finish Load 'anim_barb_idle_axe_000075~0' : bundle 
00003551: [------] Start  Load 'anim_barb_idle_body_000076~0.ips' : type MESH
00003551: [000000] Finish Load 'anim_barb_idle_body_000076~0' : bundle 
00003553: [------] Start  Load 'anim_barb_idle_axe_000076~0.ips' : type MESH
00003553: [000000] Finish Load 'anim_barb_idle_axe_000076~0' : bundle 
00003553: [------] Start  Load 'anim_barb_idle_body_000077~0.ips' : type MESH
00003553: [000000] Finish Load 'anim_barb_idle_body_000077~0' : bundle 
00003553: [------] Start  Load 'anim_barb_idle_axe_000077~0.ips' : type MESH
00003554: [000001] Finish Load 'anim_barb_idle_axe_000077~0' : bundle 
00003554: [------] Start  Load 'anim_barb_idle_body_000078~0.ips' : type MESH
00003554: [000000] Finish Load 'anim_barb_idle_body_000078~0' : bundle 
00003554: [------] Start  Load 'anim_barb_idle_axe_000078~0.ips' : type MESH
00003554: [000000] Finish Load 'anim_barb_idle_axe_000078~0' : bundle 
00003554: [------] Start  Load 'anim_barb_idle_body_000079~0.ips' : type MESH
00003554: [000000] Finish Load 'anim_barb_idle_body_000079~0' : bundle 
00003554: [------] Start  Load 'anim_barb_idle_axe_000079~0.ips' : type MESH
00003555: [000001] Finish Load 'anim_barb_idle_axe_000079~0' : bundle 
00003555: [------] Start  Load 'anim_barb_run2_body_000001~0.ips' : type MESH
00003555: [000000] Finish Load 'anim_barb_run2_body_000001~0' : bundle 
00003555: [------] Start  Load 'anim_barb_run2_axe_000001~0.ips' : type MESH
00003555: [000000] Finish Load 'anim_barb_run2_axe_000001~0' : bundle 
00003555: [------] Start  Load 'anim_barb_run2_body_000002~0.ips' : type MESH
00003556: [000001] Finish Load 'anim_barb_run2_body_000002~0' : bundle 
00003556: [------] Start  Load 'anim_barb_run2_axe_000002~0.ips' : type MESH
00003556: [000000] Finish Load 'anim_barb_run2_axe_000002~0' : bundle 
00003556: [------] Start  Load 'anim_barb_run2_body_000003~0.ips' : type MESH
00003556: [000000] Finish Load 'anim_barb_run2_body_000003~0' : bundle 
00003556: [------] Start  Load 'anim_barb_run2_axe_000003~0.ips' : type MESH
00003557: [000001] Finish Load 'anim_barb_run2_axe_000003~0' : bundle 
00003557: [------] Start  Load 'anim_barb_run2_body_000004~0.ips' : type MESH
00003557: [000000] Finish Load 'anim_barb_run2_body_000004~0' : bundle 
00003557: [------] Start  Load 'anim_barb_run2_axe_000004~0.ips' : type MESH
00003557: [000000] Finish Load 'anim_barb_run2_axe_000004~0' : bundle 
00003557: [------] Start  Load 'anim_barb_run2_body_000005~0.ips' : type MESH
00003559: [000002] Finish Load 'anim_barb_run2_body_000005~0' : bundle 
00003559: [------] Start  Load 'anim_barb_run2_axe_000005~0.ips' : type MESH
00003559: [000000] Finish Load 'anim_barb_run2_axe_000005~0' : bundle 
00003559: [------] Start  Load 'anim_barb_run2_body_000006~0.ips' : type MESH
00003560: [000001] Finish Load 'anim_barb_run2_body_000006~0' : bundle 
00003560: [------] Start  Load 'anim_barb_run2_axe_000006~0.ips' : type MESH
00003560: [000000] Finish Load 'anim_barb_run2_axe_000006~0' : bundle 
00003560: [------] Start  Load 'anim_barb_run2_body_000007~0.ips' : type MESH
00003560: [000000] Finish Load 'anim_barb_run2_body_000007~0' : bundle 
00003560: [------] Start  Load 'anim_barb_run2_axe_000007~0.ips' : type MESH
00003560: [000000] Finish Load 'anim_barb_run2_axe_000007~0' : bundle 
00003560: [------] Start  Load 'anim_barb_run2_body_000008~0.ips' : type MESH
00003560: [000000] Finish Load 'anim_barb_run2_body_000008~0' : bundle 
00003560: [------] Start  Load 'anim_barb_run2_axe_000008~0.ips' : type MESH
00003561: [000001] Finish Load 'anim_barb_run2_axe_000008~0' : bundle 
00003561: [------] Start  Load 'anim_barb_run2_body_000009~0.ips' : type MESH
00003561: [000000] Finish Load 'anim_barb_run2_body_000009~0' : bundle 
00003561: [------] Start  Load 'anim_barb_run2_axe_000009~0.ips' : type MESH
00003561: [000000] Finish Load 'anim_barb_run2_axe_000009~0' : bundle 
00003561: [------] Start  Load 'anim_barb_run2_body_000010~0.ips' : type MESH
00003562: [000001] Finish Load 'anim_barb_run2_body_000010~0' : bundle 
00003562: [------] Start  Load 'anim_barb_run2_axe_000010~0.ips' : type MESH
00003562: [000000] Finish Load 'anim_barb_run2_axe_000010~0' : bundle 
00003562: [------] Start  Load 'anim_barb_run2_body_000011~0.ips' : type MESH
00003563: [000001] Finish Load 'anim_barb_run2_body_000011~0' : bundle 
00003563: [------] Start  Load 'anim_barb_run2_axe_000011~0.ips' : type MESH
00003563: [000000] Finish Load 'anim_barb_run2_axe_000011~0' : bundle 
00003563: [------] Start  Load 'anim_barb_run2_body_000012~0.ips' : type MESH
00003564: [000001] Finish Load 'anim_barb_run2_body_000012~0' : bundle 
00003564: [------] Start  Load 'anim_barb_run2_axe_000012~0.ips' : type MESH
00003564: [000000] Finish Load 'anim_barb_run2_axe_000012~0' : bundle 
00003564: [------] Start  Load 'anim_barb_run2_body_000013~0.ips' : type MESH
00003564: [000000] Finish Load 'anim_barb_run2_body_000013~0' : bundle 
00003564: [------] Start  Load 'anim_barb_run2_axe_000013~0.ips' : type MESH
00003564: [000000] Finish Load 'anim_barb_run2_axe_000013~0' : bundle 
00003564: [------] Start  Load 'anim_barb_run2_body_000014~0.ips' : type MESH
00003566: [000002] Finish Load 'anim_barb_run2_body_000014~0' : bundle 
00003566: [------] Start  Load 'anim_barb_run2_axe_000014~0.ips' : type MESH
00003566: [000000] Finish Load 'anim_barb_run2_axe_000014~0' : bundle 
00003566: [------] Start  Load 'anim_barb_run2_body_000015~0.ips' : type MESH
00003566: [000000] Finish Load 'anim_barb_run2_body_000015~0' : bundle 
00003566: [------] Start  Load 'anim_barb_run2_axe_000015~0.ips' : type MESH
00003566: [000000] Finish Load 'anim_barb_run2_axe_000015~0' : bundle 
00003566: [------] Start  Load 'anim_barb_run2_body_000016~0.ips' : type MESH
00003566: [000000] Finish Load 'anim_barb_run2_body_000016~0' : bundle 
00003566: [------] Start  Load 'anim_barb_run2_axe_000016~0.ips' : type MESH
00003566: [000000] Finish Load 'anim_barb_run2_axe_000016~0' : bundle 
00003566: [------] Start  Load 'anim_barb_run2_body_000017~0.ips' : type MESH
00003567: [000001] Finish Load 'anim_barb_run2_body_000017~0' : bundle 
00003567: [------] Start  Load 'anim_barb_run2_axe_000017~0.ips' : type MESH
00003567: [000000] Finish Load 'anim_barb_run2_axe_000017~0' : bundle 
00003567: [------] Start  Load 'anim_barb_run2_body_000018~0.ips' : type MESH
00003567: [000000] Finish Load 'anim_barb_run2_body_000018~0' : bundle 
00003568: [------] Start  Load 'anim_barb_run2_axe_000018~0.ips' : type MESH
00003568: [000000] Finish Load 'anim_barb_run2_axe_000018~0' : bundle 
00003568: [------] Start  Load 'anim_barb_run2_body_000019~0.ips' : type MESH
00003568: [000000] Finish Load 'anim_barb_run2_body_000019~0' : bundle 
00003568: [------] Start  Load 'anim_barb_run2_axe_000019~0.ips' : type MESH
00003568: [000000] Finish Load 'anim_barb_run2_axe_000019~0' : bundle 
00003569: [------] Start  Load 'anim_barb_run2_body_000020~0.ips' : type MESH
00003569: [000000] Finish Load 'anim_barb_run2_body_000020~0' : bundle 
00003569: [------] Start  Load 'anim_barb_run2_axe_000020~0.ips' : type MESH
00003569: [000000] Finish Load 'anim_barb_run2_axe_000020~0' : bundle 
00003569: [------] Start  Load 'anim_barb_run2_body_000021~0.ips' : type MESH
00003569: [000000] Finish Load 'anim_barb_run2_body_000021~0' : bundle 
00003570: [------] Start  Load 'anim_barb_run2_axe_000021~0.ips' : type MESH
00003570: [000000] Finish Load 'anim_barb_run2_axe_000021~0' : bundle 
00003570: [------] Start  Load 'anim_barb_run2_body_000022~0.ips' : type MESH
00003570: [000000] Finish Load 'anim_barb_run2_body_000022~0' : bundle 
00003570: [------] Start  Load 'anim_barb_run2_axe_000022~0.ips' : type MESH
00003570: [000000] Finish Load 'anim_barb_run2_axe_000022~0' : bundle 
00003570: [------] Start  Load 'anim_barb_run2_body_000023~0.ips' : type MESH
00003571: [000001] Finish Load 'anim_barb_run2_body_000023~0' : bundle 
00003572: [------] Start  Load 'anim_barb_run2_axe_000023~0.ips' : type MESH
00003572: [000000] Finish Load 'anim_barb_run2_axe_000023~0' : bundle 
00003572: [------] Start  Load 'anim_barb_run2_body_000024~0.ips' : type MESH
00003572: [000000] Finish Load 'anim_barb_run2_body_000024~0' : bundle 
00003572: [------] Start  Load 'anim_barb_run2_axe_000024~0.ips' : type MESH
00003576: [000004] Finish Load 'anim_barb_run2_axe_000024~0' : bundle 
00003576: [------] Start  Load 'anim_barb_run2_body_000025~0.ips' : type MESH
00003576: [000000] Finish Load 'anim_barb_run2_body_000025~0' : bundle 
00003576: [------] Start  Load 'anim_barb_run2_axe_000025~0.ips' : type MESH
00003577: [000001] Finish Load 'anim_barb_run2_axe_000025~0' : bundle 
00003577: [------] Start  Load 'anim_barb_run2_body_000026~0.ips' : type MESH
00003577: [000000] Finish Load 'anim_barb_run2_body_000026~0' : bundle 
00003577: [------] Start  Load 'anim_barb_run2_axe_000026~0.ips' : type MESH
00003577: [000000] Finish Load 'anim_barb_run2_axe_000026~0' : bundle 
00003578: [------] Start  Load 'anim_barb_run2_body_000027~0.ips' : type MESH
00003578: [000000] Finish Load 'anim_barb_run2_body_000027~0' : bundle 
00003578: [------] Start  Load 'anim_barb_run2_axe_000027~0.ips' : type MESH
00003578: [000000] Finish Load 'anim_barb_run2_axe_000027~0' : bundle 
00003578: [------] Start  Load 'anim_barb_run2_body_000028~0.ips' : type MESH
00003579: [000001] Finish Load 'anim_barb_run2_body_000028~0' : bundle 
00003579: [------] Start  Load 'anim_barb_run2_axe_000028~0.ips' : type MESH
00003579: [000000] Finish Load 'anim_barb_run2_axe_000028~0' : bundle 
00003579: [------] Start  Load 'anim_barb_run2_body_000029~0.ips' : type MESH
00003579: [000000] Finish Load 'anim_barb_run2_body_000029~0' : bundle 
00003579: [------] Start  Load 'anim_barb_run2_axe_000029~0.ips' : type MESH
00003579: [000000] Finish Load 'anim_barb_run2_axe_000029~0' : bundle 
00003579: [------] Start  Load 'anim_barb_run2_body_000030~0.ips' : type MESH
00003579: [000000] Finish Load 'anim_barb_run2_body_000030~0' : bundle 
00003579: [------] Start  Load 'anim_barb_run2_axe_000030~0.ips' : type MESH
00003579: [000000] Finish Load 'anim_barb_run2_axe_000030~0' : bundle 
00003579: [------] Start  Load 'anim_barb_run2_body_000031~0.ips' : type MESH
00003579: [000000] Finish Load 'anim_barb_run2_body_000031~0' : bundle 
00003579: [------] Start  Load 'anim_barb_run2_axe_000031~0.ips' : type MESH
00003579: [000000] Finish Load 'anim_barb_run2_axe_000031~0' : bundle 
00003580: [------] Start  Load 'anim_barb_run2_body_000032~0.ips' : type MESH
00003580: [000000] Finish Load 'anim_barb_run2_body_000032~0' : bundle 
00003580: [------] Start  Load 'anim_barb_run2_axe_000032~0.ips' : type MESH
00003580: [000000] Finish Load 'anim_barb_run2_axe_000032~0' : bundle 
00003580: [------] Start  Load 'anim_barb_run2_body_000033~0.ips' : type MESH
00003580: [000000] Finish Load 'anim_barb_run2_body_000033~0' : bundle 
00003581: [------] Start  Load 'anim_barb_run2_axe_000033~0.ips' : type MESH
00003581: [000000] Finish Load 'anim_barb_run2_axe_000033~0' : bundle 
00003581: [------] Start  Load 'anim_barb_run2_body_000034~0.ips' : type MESH
00003581: [000000] Finish Load 'anim_barb_run2_body_000034~0' : bundle 
00003581: [------] Start  Load 'anim_barb_run2_axe_000034~0.ips' : type MESH
00003581: [000000] Finish Load 'anim_barb_run2_axe_000034~0' : bundle 
00003581: [------] Start  Load 'anim_barb_run2_body_000035~0.ips' : type MESH
00003582: [000001] Finish Load 'anim_barb_run2_body_000035~0' : bundle 
00003582: [------] Start  Load 'anim_barb_run2_axe_000035~0.ips' : type MESH
00003582: [000000] Finish Load 'anim_barb_run2_axe_000035~0' : bundle 
00003582: [------] Start  Load 'anim_barb_run2_body_000036~0.ips' : type MESH
00003582: [000000] Finish Load 'anim_barb_run2_body_000036~0' : bundle 
00003582: [------] Start  Load 'anim_barb_run2_axe_000036~0.ips' : type MESH
00003582: [000000] Finish Load 'anim_barb_run2_axe_000036~0' : bundle 
00003583: [------] Start  Load 'anim_barb_run2_body_000037~0.ips' : type MESH
00003583: [000000] Finish Load 'anim_barb_run2_body_000037~0' : bundle 
00003583: [------] Start  Load 'anim_barb_run2_axe_000037~0.ips' : type MESH
00003583: [000000] Finish Load 'anim_barb_run2_axe_000037~0' : bundle 
00003583: [------] Start  Load 'anim_barb_run2_body_000038~0.ips' : type MESH
00003583: [000000] Finish Load 'anim_barb_run2_body_000038~0' : bundle 
00003584: [------] Start  Load 'anim_barb_run2_axe_000038~0.ips' : type MESH
00003584: [000000] Finish Load 'anim_barb_run2_axe_000038~0' : bundle 
00003584: [------] Start  Load 'anim_barb_run2_body_000039~0.ips' : type MESH
00003585: [000001] Finish Load 'anim_barb_run2_body_000039~0' : bundle 
00003585: [------] Start  Load 'anim_barb_run2_axe_000039~0.ips' : type MESH
00003585: [000000] Finish Load 'anim_barb_run2_axe_000039~0' : bundle 
00003585: [------] Start  Load 'anim_barb_run_attack1_body_000001~0.ips' : type MESH
00003586: [000001] Finish Load 'anim_barb_run_attack1_body_000001~0' : bundle 
00003586: [------] Start  Load 'anim_barb_run_attack1_axe_000001~0.ips' : type MESH
00003586: [000000] Finish Load 'anim_barb_run_attack1_axe_000001~0' : bundle 
00003586: [------] Start  Load 'anim_barb_run_attack1_axe_000002~0.ips' : type MESH
00003586: [000000] Finish Load 'anim_barb_run_attack1_axe_000002~0' : bundle 
00003586: [------] Start  Load 'anim_barb_run_attack1_body_000003~0.ips' : type MESH
00003587: [000001] Finish Load 'anim_barb_run_attack1_body_000003~0' : bundle 
00003587: [------] Start  Load 'anim_barb_run_attack1_axe_000003~0.ips' : type MESH
00003587: [000000] Finish Load 'anim_barb_run_attack1_axe_000003~0' : bundle 
00003587: [------] Start  Load 'anim_barb_run_attack1_axe_000004~0.ips' : type MESH
00003587: [000000] Finish Load 'anim_barb_run_attack1_axe_000004~0' : bundle 
00003587: [------] Start  Load 'anim_barb_run_attack1_body_000005~0.ips' : type MESH
00003587: [000000] Finish Load 'anim_barb_run_attack1_body_000005~0' : bundle 
00003588: [------] Start  Load 'anim_barb_run_attack1_axe_000005~0.ips' : type MESH
00003588: [000000] Finish Load 'anim_barb_run_attack1_axe_000005~0' : bundle 
00003588: [------] Start  Load 'anim_barb_run_attack1_axe_000006~0.ips' : type MESH
00003588: [000000] Finish Load 'anim_barb_run_attack1_axe_000006~0' : bundle 
00003588: [------] Start  Load 'anim_barb_run_attack1_body_000007~0.ips' : type MESH
00003588: [000000] Finish Load 'anim_barb_run_attack1_body_000007~0' : bundle 
00003588: [------] Start  Load 'anim_barb_run_attack1_axe_000007~0.ips' : type MESH
00003588: [000000] Finish Load 'anim_barb_run_attack1_axe_000007~0' : bundle 
00003589: [------] Start  Load 'anim_barb_run_attack1_axe_000008~0.ips' : type MESH
00003589: [000000] Finish Load 'anim_barb_run_attack1_axe_000008~0' : bundle 
00003589: [------] Start  Load 'anim_barb_run_attack1_body_000009~0.ips' : type MESH
00003589: [000000] Finish Load 'anim_barb_run_attack1_body_000009~0' : bundle 
00003589: [------] Start  Load 'anim_barb_run_attack1_axe_000009~0.ips' : type MESH
00003589: [000000] Finish Load 'anim_barb_run_attack1_axe_000009~0' : bundle 
00003590: [------] Start  Load 'anim_barb_run_attack1_axe_000010~0.ips' : type MESH
00003590: [000000] Finish Load 'anim_barb_run_attack1_axe_000010~0' : bundle 
00003590: [------] Start  Load 'anim_barb_run_attack1_body_000011~0.ips' : type MESH
00003590: [000000] Finish Load 'anim_barb_run_attack1_body_000011~0' : bundle 
00003590: [------] Start  Load 'anim_barb_run_attack1_axe_000011~0.ips' : type MESH
00003590: [000000] Finish Load 'anim_barb_run_attack1_axe_000011~0' : bundle 
00003590: [------] Start  Load 'anim_barb_run_attack1_axe_000012~0.ips' : type MESH
00003591: [000001] Finish Load 'anim_barb_run_attack1_axe_000012~0' : bundle 
00003591: [------] Start  Load 'anim_barb_run_attack1_body_000013~0.ips' : type MESH
00003591: [000000] Finish Load 'anim_barb_run_attack1_body_000013~0' : bundle 
00003591: [------] Start  Load 'anim_barb_run_attack1_axe_000013~0.ips' : type MESH
00003591: [000000] Finish Load 'anim_barb_run_attack1_axe_000013~0' : bundle 
00003591: [------] Start  Load 'anim_barb_run_attack1_axe_000014~0.ips' : type MESH
00003591: [000000] Finish Load 'anim_barb_run_attack1_axe_000014~0' : bundle 
00003592: [------] Start  Load 'anim_barb_run_attack1_body_000015~0.ips' : type MESH
00003592: [000000] Finish Load 'anim_barb_run_attack1_body_000015~0' : bundle 
00003592: [------] Start  Load 'anim_barb_run_attack1_axe_000015~0.ips' : type MESH
00003593: [000001] Finish Load 'anim_barb_run_attack1_axe_000015~0' : bundle 
00003593: [------] Start  Load 'anim_barb_run_attack1_axe_000016~0.ips' : type MESH
00003593: [000000] Finish Load 'anim_barb_run_attack1_axe_000016~0' : bundle 
00003593: [------] Start  Load 'anim_barb_run_attack1_body_000017~0.ips' : type MESH
00003593: [000000] Finish Load 'anim_barb_run_attack1_body_000017~0' : bundle 
00003593: [------] Start  Load 'anim_barb_run_attack1_axe_000017~0.ips' : type MESH
00003593: [000000] Finish Load 'anim_barb_run_attack1_axe_000017~0' : bundle 
00003594: [------] Start  Load 'anim_barb_run_attack1_axe_000018~0.ips' : type MESH
00003594: [000000] Finish Load 'anim_barb_run_attack1_axe_000018~0' : bundle 
00003594: [------] Start  Load 'anim_barb_run_attack1_body_000019~0.ips' : type MESH
00003594: [000000] Finish Load 'anim_barb_run_attack1_body_000019~0' : bundle 
00003594: [------] Start  Load 'anim_barb_run_attack1_axe_000019~0.ips' : type MESH
00003594: [000000] Finish Load 'anim_barb_run_attack1_axe_000019~0' : bundle 
00003595: [------] Start  Load 'anim_barb_run_attack1_axe_000020~0.ips' : type MESH
00003595: [000000] Finish Load 'anim_barb_run_attack1_axe_000020~0' : bundle 
00003595: [------] Start  Load 'anim_barb_run_attack1_body_000021~0.ips' : type MESH
00003595: [000000] Finish Load 'anim_barb_run_attack1_body_000021~0' : bundle 
00003595: [------] Start  Load 'anim_barb_run_attack1_axe_000021~0.ips' : type MESH
00003595: [000000] Finish Load 'anim_barb_run_attack1_axe_000021~0' : bundle 
00003595: [------] Start  Load 'anim_barb_run_attack1_axe_000022~0.ips' : type MESH
00003596: [000001] Finish Load 'anim_barb_run_attack1_axe_000022~0' : bundle 
00003596: [------] Start  Load 'anim_barb_run_attack1_body_000023~0.ips' : type MESH
00003596: [000000] Finish Load 'anim_barb_run_attack1_body_000023~0' : bundle 
00003596: [------] Start  Load 'anim_barb_run_attack1_axe_000023~0.ips' : type MESH
00003596: [000000] Finish Load 'anim_barb_run_attack1_axe_000023~0' : bundle 
00003596: [------] Start  Load 'anim_barb_run_attack1_axe_000024~0.ips' : type MESH
00003596: [000000] Finish Load 'anim_barb_run_attack1_axe_000024~0' : bundle 
00003597: [------] Start  Load 'anim_barb_run_attack1_body_000025~0.ips' : type MESH
00003597: [000000] Finish Load 'anim_barb_run_attack1_body_000025~0' : bundle 
00003597: [------] Start  Load 'anim_barb_run_attack1_axe_000025~0.ips' : type MESH
00003597: [000000] Finish Load 'anim_barb_run_attack1_axe_000025~0' : bundle 
00003597: [------] Start  Load 'anim_barb_run_attack1_axe_000026~0.ips' : type MESH
00003598: [000001] Finish Load 'anim_barb_run_attack1_axe_000026~0' : bundle 
00003598: [------] Start  Load 'anim_barb_run_attack1_body_000027~0.ips' : type MESH
00003598: [000000] Finish Load 'anim_barb_run_attack1_body_000027~0' : bundle 
00003598: [------] Start  Load 'anim_barb_run_attack1_axe_000027~0.ips' : type MESH
00003598: [000000] Finish Load 'anim_barb_run_attack1_axe_000027~0' : bundle 
00003598: [------] Start  Load 'anim_barb_run_attack1_axe_000028~0.ips' : type MESH
00003598: [000000] Finish Load 'anim_barb_run_attack1_axe_000028~0' : bundle 
00003599: [------] Start  Load 'anim_barb_run_attack1_body_000029~0.ips' : type MESH
00003599: [000000] Finish Load 'anim_barb_run_attack1_body_000029~0' : bundle 
00003599: [------] Start  Load 'anim_barb_run_attack1_axe_000029~0.ips' : type MESH
00003599: [000000] Finish Load 'anim_barb_run_attack1_axe_000029~0' : bundle 
00003599: [------] Start  Load 'anim_barb_run_attack1_axe_000030~0.ips' : type MESH
00003599: [000000] Finish Load 'anim_barb_run_attack1_axe_000030~0' : bundle 
00003599: [------] Start  Load 'anim_barb_run_attack1_body_000031~0.ips' : type MESH
00003600: [000001] Finish Load 'anim_barb_run_attack1_body_000031~0' : bundle 
00003600: [------] Start  Load 'anim_barb_run_attack1_axe_000031~0.ips' : type MESH
00003601: [000001] Finish Load 'anim_barb_run_attack1_axe_000031~0' : bundle 
00003602: [------] Start  Load 'anim_barb_run_attack1_axe_000032~0.ips' : type MESH
00003602: [000000] Finish Load 'anim_barb_run_attack1_axe_000032~0' : bundle 
00003603: [------] Start  Load 'anim_barb_run_attack1_body_000033~0.ips' : type MESH
00003603: [000000] Finish Load 'anim_barb_run_attack1_body_000033~0' : bundle 
00003603: [------] Start  Load 'anim_barb_run_attack1_axe_000033~0.ips' : type MESH
00003603: [000000] Finish Load 'anim_barb_run_attack1_axe_000033~0' : bundle 
00003603: [------] Start  Load 'anim_barb_run_attack1_axe_000034~0.ips' : type MESH
00003603: [000000] Finish Load 'anim_barb_run_attack1_axe_000034~0' : bundle 
00003603: [------] Start  Load 'anim_barb_run_attack1_body_000035~0.ips' : type MESH
00003604: [000001] Finish Load 'anim_barb_run_attack1_body_000035~0' : bundle 
00003604: [------] Start  Load 'anim_barb_run_attack1_axe_000035~0.ips' : type MESH
00003604: [000000] Finish Load 'anim_barb_run_attack1_axe_000035~0' : bundle 
00003604: [------] Start  Load 'anim_barb_run_attack1_axe_000036~0.ips' : type MESH
00003604: [000000] Finish Load 'anim_barb_run_attack1_axe_000036~0' : bundle 
00003604: [------] Start  Load 'anim_barb_run_attack1_body_000037~0.ips' : type MESH
00003604: [000000] Finish Load 'anim_barb_run_attack1_body_000037~0' : bundle 
00003604: [------] Start  Load 'anim_barb_run_attack1_axe_000037~0.ips' : type MESH
00003604: [000000] Finish Load 'anim_barb_run_attack1_axe_000037~0' : bundle 
00003605: [------] Start  Load 'anim_barb_run_attack1_axe_000038~0.ips' : type MESH
00003605: [000000] Finish Load 'anim_barb_run_attack1_axe_000038~0' : bundle 
00003605: [------] Start  Load 'anim_barb_run_attack1_body_000039~0.ips' : type MESH
00003605: [000000] Finish Load 'anim_barb_run_attack1_body_000039~0' : bundle 
00003605: [------] Start  Load 'anim_barb_run_attack1_axe_000039~0.ips' : type MESH
00003605: [000000] Finish Load 'anim_barb_run_attack1_axe_000039~0' : bundle 
00003676: [------] Start  Load 'white_glow_full          ' : type TEXTURE
00003677: [000001] Finish Load 'white_glow_full          ' : loose 
00003717: [------] Start  Load 'white_glow_hurt          ' : type TEXTURE
00003784: [000067] Finish Load 'white_glow_hurt          ' : loose MISSING!
00003847: [------] Start  Load 'skeldie_0~0.ips          ' : type MESH
00003848: [000001] Finish Load 'skeldie_0~0              ' : bundle 
00003848: [------] Start  Load 'skeldie_0~1.ips          ' : type MESH
00003848: [000000] Finish Load 'skeldie_0~1              ' : bundle 
00003848: [------] Start  Load 'skeldie_0~2.ips          ' : type MESH
00003849: [000001] Finish Load 'skeldie_0~2              ' : bundle 
00003849: [------] Start  Load 'skeldie_0~3.ips          ' : type MESH
00003849: [000000] Finish Load 'skeldie_0~3              ' : bundle 
00003849: [------] Start  Load 'skeldie_0~4.ips          ' : type MESH
00003849: [000000] Finish Load 'skeldie_0~4              ' : bundle 
00003849: [------] Start  Load 'skeldie_0~5.ips          ' : type MESH
00003849: [000000] Finish Load 'skeldie_0~5              ' : bundle 
00003849: [------] Start  Load 'skeldie_0~6.ips          ' : type MESH
00003849: [000000] Finish Load 'skeldie_0~6              ' : bundle 
00003849: [------] Start  Load 'skeldie_0~7.ips          ' : type MESH
00003849: [000000] Finish Load 'skeldie_0~7              ' : bundle 
00003849: [------] Start  Load 'skeldie_0~8.ips          ' : type MESH
00003849: [000000] Finish Load 'skeldie_0~8              ' : bundle 
00003849: [------] Start  Load 'skeldie_0~9.ips          ' : type MESH
00003849: [000000] Finish Load 'skeldie_0~9              ' : bundle 
00003849: [------] Start  Load 'skeldie_0~10.ips         ' : type MESH
00003849: [000000] Finish Load 'skeldie_0~10             ' : bundle 
00003849: [------] Start  Load 'skeldie_0~11.ips         ' : type MESH
00003850: [000001] Finish Load 'skeldie_0~11             ' : bundle 
00003850: [------] Start  Load 'skeldie_0~12.ips         ' : type MESH
00003850: [000000] Finish Load 'skeldie_0~12             ' : bundle 
00003850: [------] Start  Load 'skeldie_0~13.ips         ' : type MESH
00003850: [000000] Finish Load 'skeldie_0~13             ' : bundle 
00003850: [------] Start  Load 'skeldie_0~14.ips         ' : type MESH
00003850: [000000] Finish Load 'skeldie_0~14             ' : bundle 
00003850: [------] Start  Load 'skeldie_0~15.ips         ' : type MESH
00003850: [000000] Finish Load 'skeldie_0~15             ' : bundle 
00003850: [------] Start  Load 'skeldie_0~16.ips         ' : type MESH
00003850: [000000] Finish Load 'skeldie_0~16             ' : bundle 
00003850: [------] Start  Load 'skeldie_0~17.ips         ' : type MESH
00003850: [000000] Finish Load 'skeldie_0~17             ' : bundle 
00003850: [------] Start  Load 'skeldie_1~0.ips          ' : type MESH
00003851: [000001] Finish Load 'skeldie_1~0              ' : bundle 
00003851: [------] Start  Load 'skeldie_1~1.ips          ' : type MESH
00003851: [000000] Finish Load 'skeldie_1~1              ' : bundle 
00003851: [------] Start  Load 'skeldie_1~2.ips          ' : type MESH
00003851: [000000] Finish Load 'skeldie_1~2              ' : bundle 
00003851: [------] Start  Load 'skeldie_1~3.ips          ' : type MESH
00003851: [000000] Finish Load 'skeldie_1~3              ' : bundle 
00003851: [------] Start  Load 'skeldie_1~4.ips          ' : type MESH
00003851: [000000] Finish Load 'skeldie_1~4              ' : bundle 
00003851: [------] Start  Load 'skeldie_1~5.ips          ' : type MESH
00003852: [000001] Finish Load 'skeldie_1~5              ' : bundle 
00003852: [------] Start  Load 'skeldie_1~6.ips          ' : type MESH
00003852: [000000] Finish Load 'skeldie_1~6              ' : bundle 
00003852: [------] Start  Load 'skeldie_1~7.ips          ' : type MESH
00003852: [000000] Finish Load 'skeldie_1~7              ' : bundle 
00003852: [------] Start  Load 'skeldie_1~8.ips          ' : type MESH
00003852: [000000] Finish Load 'skeldie_1~8              ' : bundle 
00003852: [------] Start  Load 'skeldie_1~9.ips          ' : type MESH
00003852: [000000] Finish Load 'skeldie_1~9              ' : bundle 
00003852: [------] Start  Load 'skeldie_1~10.ips         ' : type MESH
00003853: [000001] Finish Load 'skeldie_1~10             ' : bundle 
00003853: [------] Start  Load 'skeldie_1~11.ips         ' : type MESH
00003853: [000000] Finish Load 'skeldie_1~11             ' : bundle 
00003853: [------] Start  Load 'skeldie_1~12.ips         ' : type MESH
00003853: [000000] Finish Load 'skeldie_1~12             ' : bundle 
00003853: [------] Start  Load 'skeldie_1~13.ips         ' : type MESH
00003853: [000000] Finish Load 'skeldie_1~13             ' : bundle 
00003853: [------] Start  Load 'skeldie_1~14.ips         ' : type MESH
00003853: [000000] Finish Load 'skeldie_1~14             ' : bundle 
00003853: [------] Start  Load 'skeldie_1~15.ips         ' : type MESH
00003853: [000000] Finish Load 'skeldie_1~15             ' : bundle 
00003853: [------] Start  Load 'skeldie_1~16.ips         ' : type MESH
00003853: [000000] Finish Load 'skeldie_1~16             ' : bundle 
00003854: [------] Start  Load 'skeldie_1~17.ips         ' : type MESH
00003854: [000000] Finish Load 'skeldie_1~17             ' : bundle 
00003854: [------] Start  Load 'skeldie_2~0.ips          ' : type MESH
00003854: [000000] Finish Load 'skeldie_2~0              ' : bundle 
00003854: [------] Start  Load 'skeldie_2~1.ips          ' : type MESH
00003854: [000000] Finish Load 'skeldie_2~1              ' : bundle 
00003854: [------] Start  Load 'skeldie_2~2.ips          ' : type MESH
00003854: [000000] Finish Load 'skeldie_2~2              ' : bundle 
00003854: [------] Start  Load 'skeldie_2~3.ips          ' : type MESH
00003854: [000000] Finish Load 'skeldie_2~3              ' : bundle 
00003854: [------] Start  Load 'skeldie_2~4.ips          ' : type MESH
00003854: [000000] Finish Load 'skeldie_2~4              ' : bundle 
00003854: [------] Start  Load 'skeldie_2~5.ips          ' : type MESH
00003855: [000001] Finish Load 'skeldie_2~5              ' : bundle 
00003855: [------] Start  Load 'skeldie_2~6.ips          ' : type MESH
00003855: [000000] Finish Load 'skeldie_2~6              ' : bundle 
00003855: [------] Start  Load 'skeldie_2~7.ips          ' : type MESH
00003855: [000000] Finish Load 'skeldie_2~7              ' : bundle 
00003855: [------] Start  Load 'skeldie_2~8.ips          ' : type MESH
00003855: [000000] Finish Load 'skeldie_2~8              ' : bundle 
00003855: [------] Start  Load 'skeldie_2~9.ips          ' : type MESH
00003855: [000000] Finish Load 'skeldie_2~9              ' : bundle 
00003855: [------] Start  Load 'skeldie_2~10.ips         ' : type MESH
00003855: [000000] Finish Load 'skeldie_2~10             ' : bundle 
00003855: [------] Start  Load 'skeldie_2~11.ips         ' : type MESH
00003855: [000000] Finish Load 'skeldie_2~11             ' : bundle 
00003856: [------] Start  Load 'skeldie_2~12.ips         ' : type MESH
00003856: [000000] Finish Load 'skeldie_2~12             ' : bundle 
00003856: [------] Start  Load 'skeldie_2~13.ips         ' : type MESH
00003856: [000000] Finish Load 'skeldie_2~13             ' : bundle 
00003856: [------] Start  Load 'skeldie_2~14.ips         ' : type MESH
00003856: [000000] Finish Load 'skeldie_2~14             ' : bundle 
00003856: [------] Start  Load 'skeldie_2~15.ips         ' : type MESH
00003856: [000000] Finish Load 'skeldie_2~15             ' : bundle 
00003856: [------] Start  Load 'skeldie_2~16.ips         ' : type MESH
00003856: [000000] Finish Load 'skeldie_2~16             ' : bundle 
00003856: [------] Start  Load 'skeldie_2~17.ips         ' : type MESH
00003856: [000000] Finish Load 'skeldie_2~17             ' : bundle 
00003856: [------] Start  Load 'skeldie_3~0.ips          ' : type MESH
00003856: [000000] Finish Load 'skeldie_3~0              ' : bundle 
00003857: [------] Start  Load 'skeldie_3~1.ips          ' : type MESH
00003857: [000000] Finish Load 'skeldie_3~1              ' : bundle 
00003857: [------] Start  Load 'skeldie_3~2.ips          ' : type MESH
00003857: [000000] Finish Load 'skeldie_3~2              ' : bundle 
00003857: [------] Start  Load 'skeldie_3~3.ips          ' : type MESH
00003858: [000001] Finish Load 'skeldie_3~3              ' : bundle 
00003858: [------] Start  Load 'skeldie_3~4.ips          ' : type MESH
00003858: [000000] Finish Load 'skeldie_3~4              ' : bundle 
00003858: [------] Start  Load 'skeldie_3~5.ips          ' : type MESH
00003858: [000000] Finish Load 'skeldie_3~5              ' : bundle 
00003858: [------] Start  Load 'skeldie_3~6.ips          ' : type MESH
00003858: [000000] Finish Load 'skeldie_3~6              ' : bundle 
00003858: [------] Start  Load 'skeldie_3~7.ips          ' : type MESH
00003858: [000000] Finish Load 'skeldie_3~7              ' : bundle 
00003858: [------] Start  Load 'skeldie_3~8.ips          ' : type MESH
00003858: [000000] Finish Load 'skeldie_3~8              ' : bundle 
00003858: [------] Start  Load 'skeldie_3~9.ips          ' : type MESH
00003858: [000000] Finish Load 'skeldie_3~9              ' : bundle 
00003858: [------] Start  Load 'skeldie_3~10.ips         ' : type MESH
00003858: [000000] Finish Load 'skeldie_3~10             ' : bundle 
00003858: [------] Start  Load 'skeldie_3~11.ips         ' : type MESH
00003858: [000000] Finish Load 'skeldie_3~11             ' : bundle 
00003858: [------] Start  Load 'skeldie_3~12.ips         ' : type MESH
00003858: [000000] Finish Load 'skeldie_3~12             ' : bundle 
00003858: [------] Start  Load 'skeldie_3~13.ips         ' : type MESH
00003859: [000001] Finish Load 'skeldie_3~13             ' : bundle 
00003859: [------] Start  Load 'skeldie_3~14.ips         ' : type MESH
00003859: [000000] Finish Load 'skeldie_3~14             ' : bundle 
00003859: [------] Start  Load 'skeldie_3~15.ips         ' : type MESH
00003859: [000000] Finish Load 'skeldie_3~15             ' : bundle 
00003859: [------] Start  Load 'skeldie_3~16.ips         ' : type MESH
00003859: [000000] Finish Load 'skeldie_3~16             ' : bundle 
00003859: [------] Start  Load 'skeldie_3~17.ips         ' : type MESH
00003859: [000000] Finish Load 'skeldie_3~17             ' : bundle 
00003859: [------] Start  Load 'skeldie_4~0.ips          ' : type MESH
00003859: [000000] Finish Load 'skeldie_4~0              ' : bundle 
00003859: [------] Start  Load 'skeldie_4~1.ips          ' : type MESH
00003859: [000000] Finish Load 'skeldie_4~1              ' : bundle 
00003859: [------] Start  Load 'skeldie_4~2.ips          ' : type MESH
00003859: [000000] Finish Load 'skeldie_4~2              ' : bundle 
00003860: [------] Start  Load 'skeldie_4~3.ips          ' : type MESH
00003860: [000000] Finish Load 'skeldie_4~3              ' : bundle 
00003860: [------] Start  Load 'skeldie_4~4.ips          ' : type MESH
00003860: [000000] Finish Load 'skeldie_4~4              ' : bundle 
00003860: [------] Start  Load 'skeldie_4~5.ips          ' : type MESH
00003860: [000000] Finish Load 'skeldie_4~5              ' : bundle 
00003860: [------] Start  Load 'skeldie_4~6.ips          ' : type MESH
00003860: [000000] Finish Load 'skeldie_4~6              ' : bundle 
00003860: [------] Start  Load 'skeldie_4~7.ips          ' : type MESH
00003861: [000001] Finish Load 'skeldie_4~7              ' : bundle 
00003861: [------] Start  Load 'skeldie_4~8.ips          ' : type MESH
00003861: [000000] Finish Load 'skeldie_4~8              ' : bundle 
00003862: [------] Start  Load 'skeldie_4~9.ips          ' : type MESH
00003862: [000000] Finish Load 'skeldie_4~9              ' : bundle 
00003862: [------] Start  Load 'skeldie_4~10.ips         ' : type MESH
00003862: [000000] Finish Load 'skeldie_4~10             ' : bundle 
00003862: [------] Start  Load 'skeldie_4~11.ips         ' : type MESH
00003862: [000000] Finish Load 'skeldie_4~11             ' : bundle 
00003862: [------] Start  Load 'skeldie_4~12.ips         ' : type MESH
00003862: [000000] Finish Load 'skeldie_4~12             ' : bundle 
00003862: [------] Start  Load 'skeldie_4~13.ips         ' : type MESH
00003862: [000000] Finish Load 'skeldie_4~13             ' : bundle 
00003862: [------] Start  Load 'skeldie_4~14.ips         ' : type MESH
00003862: [000000] Finish Load 'skeldie_4~14             ' : bundle 
00003864: [------] Start  Load 'skeldie_4~15.ips         ' : type MESH
00003864: [000000] Finish Load 'skeldie_4~15             ' : bundle 
00003864: [------] Start  Load 'skeldie_4~16.ips         ' : type MESH
00003864: [000000] Finish Load 'skeldie_4~16             ' : bundle 
00003864: [------] Start  Load 'skeldie_4~17.ips         ' : type MESH
00003864: [000000] Finish Load 'skeldie_4~17             ' : bundle 
00003864: [------] Start  Load 'skeldie_5~0.ips          ' : type MESH
00003864: [000000] Finish Load 'skeldie_5~0              ' : bundle 
00003864: [------] Start  Load 'skeldie_5~1.ips          ' : type MESH
00003864: [000000] Finish Load 'skeldie_5~1              ' : bundle 
00003864: [------] Start  Load 'skeldie_5~2.ips          ' : type MESH
00003864: [000000] Finish Load 'skeldie_5~2              ' : bundle 
00003864: [------] Start  Load 'skeldie_5~3.ips          ' : type MESH
00003864: [000000] Finish Load 'skeldie_5~3              ' : bundle 
00003864: [------] Start  Load 'skeldie_5~4.ips          ' : type MESH
00003864: [000000] Finish Load 'skeldie_5~4              ' : bundle 
00003864: [------] Start  Load 'skeldie_5~5.ips          ' : type MESH
00003864: [000000] Finish Load 'skeldie_5~5              ' : bundle 
00003864: [------] Start  Load 'skeldie_5~6.ips          ' : type MESH
00003864: [000000] Finish Load 'skeldie_5~6              ' : bundle 
00003864: [------] Start  Load 'skeldie_5~7.ips          ' : type MESH
00003864: [000000] Finish Load 'skeldie_5~7              ' : bundle 
00003864: [------] Start  Load 'skeldie_5~8.ips          ' : type MESH
00003864: [000000] Finish Load 'skeldie_5~8              ' : bundle 
00003864: [------] Start  Load 'skeldie_5~9.ips          ' : type MESH
00003865: [000001] Finish Load 'skeldie_5~9              ' : bundle 
00003865: [------] Start  Load 'skeldie_5~10.ips         ' : type MESH
00003865: [000000] Finish Load 'skeldie_5~10             ' : bundle 
00003865: [------] Start  Load 'skeldie_5~11.ips         ' : type MESH
00003865: [000000] Finish Load 'skeldie_5~11             ' : bundle 
00003865: [------] Start  Load 'skeldie_5~12.ips         ' : type MESH
00003865: [000000] Finish Load 'skeldie_5~12             ' : bundle 
00003865: [------] Start  Load 'skeldie_5~13.ips         ' : type MESH
00003865: [000000] Finish Load 'skeldie_5~13             ' : bundle 
00003865: [------] Start  Load 'skeldie_5~14.ips         ' : type MESH
00003865: [000000] Finish Load 'skeldie_5~14             ' : bundle 
00003865: [------] Start  Load 'skeldie_5~15.ips         ' : type MESH
00003865: [000000] Finish Load 'skeldie_5~15             ' : bundle 
00003865: [------] Start  Load 'skeldie_5~16.ips         ' : type MESH
00003866: [000001] Finish Load 'skeldie_5~16             ' : bundle 
00003866: [------] Start  Load 'skeldie_5~17.ips         ' : type MESH
00003866: [000000] Finish Load 'skeldie_5~17             ' : bundle 
00003866: [------] Start  Load 'skeldie_6~0.ips          ' : type MESH
00003867: [000001] Finish Load 'skeldie_6~0              ' : bundle 
00003867: [------] Start  Load 'skeldie_6~1.ips          ' : type MESH
00003867: [000000] Finish Load 'skeldie_6~1              ' : bundle 
00003867: [------] Start  Load 'skeldie_6~2.ips          ' : type MESH
00003867: [000000] Finish Load 'skeldie_6~2              ' : bundle 
00003867: [------] Start  Load 'skeldie_6~3.ips          ' : type MESH
00003867: [000000] Finish Load 'skeldie_6~3              ' : bundle 
00003867: [------] Start  Load 'skeldie_6~4.ips          ' : type MESH
00003867: [000000] Finish Load 'skeldie_6~4              ' : bundle 
00003867: [------] Start  Load 'skeldie_6~5.ips          ' : type MESH
00003867: [000000] Finish Load 'skeldie_6~5              ' : bundle 
00003867: [------] Start  Load 'skeldie_6~6.ips          ' : type MESH
00003867: [000000] Finish Load 'skeldie_6~6              ' : bundle 
00003867: [------] Start  Load 'skeldie_6~7.ips          ' : type MESH
00003867: [000000] Finish Load 'skeldie_6~7              ' : bundle 
00003868: [------] Start  Load 'skeldie_6~8.ips          ' : type MESH
00003868: [000000] Finish Load 'skeldie_6~8              ' : bundle 
00003868: [------] Start  Load 'skeldie_6~9.ips          ' : type MESH
00003868: [000000] Finish Load 'skeldie_6~9              ' : bundle 
00003869: [------] Start  Load 'skeldie_6~10.ips         ' : type MESH
00003869: [000000] Finish Load 'skeldie_6~10             ' : bundle 
00003869: [------] Start  Load 'skeldie_6~11.ips         ' : type MESH
00003869: [000000] Finish Load 'skeldie_6~11             ' : bundle 
00003869: [------] Start  Load 'skeldie_6~12.ips         ' : type MESH
00003869: [000000] Finish Load 'skeldie_6~12             ' : bundle 
00003869: [------] Start  Load 'skeldie_6~13.ips         ' : type MESH
00003869: [000000] Finish Load 'skeldie_6~13             ' : bundle 
00003869: [------] Start  Load 'skeldie_6~14.ips         ' : type MESH
00003869: [000000] Finish Load 'skeldie_6~14             ' : bundle 
00003869: [------] Start  Load 'skeldie_6~15.ips         ' : type MESH
00003869: [000000] Finish Load 'skeldie_6~15             ' : bundle 
00003869: [------] Start  Load 'skeldie_6~16.ips         ' : type MESH
00003869: [000000] Finish Load 'skeldie_6~16             ' : bundle 
00003869: [------] Start  Load 'skeldie_6~17.ips         ' : type MESH
00003869: [000000] Finish Load 'skeldie_6~17             ' : bundle 
00003870: [------] Start  Load 'skeldie_7~0.ips          ' : type MESH
00003870: [000000] Finish Load 'skeldie_7~0              ' : bundle 
00003870: [------] Start  Load 'skeldie_7~1.ips          ' : type MESH
00003870: [000000] Finish Load 'skeldie_7~1              ' : bundle 
00003870: [------] Start  Load 'skeldie_7~2.ips          ' : type MESH
00003870: [000000] Finish Load 'skeldie_7~2              ' : bundle 
00003870: [------] Start  Load 'skeldie_7~3.ips          ' : type MESH
00003871: [000001] Finish Load 'skeldie_7~3              ' : bundle 
00003871: [------] Start  Load 'skeldie_7~4.ips          ' : type MESH
00003871: [000000] Finish Load 'skeldie_7~4              ' : bundle 
00003871: [------] Start  Load 'skeldie_7~5.ips          ' : type MESH
00003871: [000000] Finish Load 'skeldie_7~5              ' : bundle 
00003872: [------] Start  Load 'skeldie_7~6.ips          ' : type MESH
00003872: [000000] Finish Load 'skeldie_7~6              ' : bundle 
00003872: [------] Start  Load 'skeldie_7~7.ips          ' : type MESH
00003872: [000000] Finish Load 'skeldie_7~7              ' : bundle 
00003872: [------] Start  Load 'skeldie_7~8.ips          ' : type MESH
00003872: [000000] Finish Load 'skeldie_7~8              ' : bundle 
00003872: [------] Start  Load 'skeldie_7~9.ips          ' : type MESH
00003872: [000000] Finish Load 'skeldie_7~9              ' : bundle 
00003872: [------] Start  Load 'skeldie_7~10.ips         ' : type MESH
00003872: [000000] Finish Load 'skeldie_7~10             ' : bundle 
00003872: [------] Start  Load 'skeldie_7~11.ips         ' : type MESH
00003872: [000000] Finish Load 'skeldie_7~11             ' : bundle 
00003872: [------] Start  Load 'skeldie_7~12.ips         ' : type MESH
00003872: [000000] Finish Load 'skeldie_7~12             ' : bundle 
00003872: [------] Start  Load 'skeldie_7~13.ips         ' : type MESH
00003873: [000001] Finish Load 'skeldie_7~13             ' : bundle 
00003873: [------] Start  Load 'skeldie_7~14.ips         ' : type MESH
00003873: [000000] Finish Load 'skeldie_7~14             ' : bundle 
00003873: [------] Start  Load 'skeldie_7~15.ips         ' : type MESH
00003873: [000000] Finish Load 'skeldie_7~15             ' : bundle 
00003873: [------] Start  Load 'skeldie_7~16.ips         ' : type MESH
00003873: [000000] Finish Load 'skeldie_7~16             ' : bundle 
00003873: [------] Start  Load 'skeldie_7~17.ips         ' : type MESH
00003873: [000000] Finish Load 'skeldie_7~17             ' : bundle 
00003873: [------] Start  Load 'skeldie_8~0.ips          ' : type MESH
00003873: [000000] Finish Load 'skeldie_8~0              ' : bundle 
00003873: [------] Start  Load 'skeldie_8~1.ips          ' : type MESH
00003874: [000001] Finish Load 'skeldie_8~1              ' : bundle 
00003874: [------] Start  Load 'skeldie_8~2.ips          ' : type MESH
00003874: [000000] Finish Load 'skeldie_8~2              ' : bundle 
00003874: [------] Start  Load 'skeldie_8~3.ips          ' : type MESH
00003874: [000000] Finish Load 'skeldie_8~3              ' : bundle 
00003874: [------] Start  Load 'skeldie_8~4.ips          ' : type MESH
00003874: [000000] Finish Load 'skeldie_8~4              ' : bundle 
00003875: [------] Start  Load 'skeldie_8~5.ips          ' : type MESH
00003875: [000000] Finish Load 'skeldie_8~5              ' : bundle 
00003875: [------] Start  Load 'skeldie_8~6.ips          ' : type MESH
00003875: [000000] Finish Load 'skeldie_8~6              ' : bundle 
00003875: [------] Start  Load 'skeldie_8~7.ips          ' : type MESH
00003875: [000000] Finish Load 'skeldie_8~7              ' : bundle 
00003875: [------] Start  Load 'skeldie_8~8.ips          ' : type MESH
00003875: [000000] Finish Load 'skeldie_8~8              ' : bundle 
00003875: [------] Start  Load 'skeldie_8~9.ips          ' : type MESH
00003875: [000000] Finish Load 'skeldie_8~9              ' : bundle 
00003875: [------] Start  Load 'skeldie_8~10.ips         ' : type MESH
00003875: [000000] Finish Load 'skeldie_8~10             ' : bundle 
00003875: [------] Start  Load 'skeldie_8~11.ips         ' : type MESH
00003875: [000000] Finish Load 'skeldie_8~11             ' : bundle 
00003875: [------] Start  Load 'skeldie_8~12.ips         ' : type MESH
00003875: [000000] Finish Load 'skeldie_8~12             ' : bundle 
00003875: [------] Start  Load 'skeldie_8~13.ips         ' : type MESH
00003875: [000000] Finish Load 'skeldie_8~13             ' : bundle 
00003875: [------] Start  Load 'skeldie_8~14.ips         ' : type MESH
00003875: [000000] Finish Load 'skeldie_8~14             ' : bundle 
00003875: [------] Start  Load 'skeldie_8~15.ips         ' : type MESH
00003876: [000001] Finish Load 'skeldie_8~15             ' : bundle 
00003876: [------] Start  Load 'skeldie_8~16.ips         ' : type MESH
00003876: [000000] Finish Load 'skeldie_8~16             ' : bundle 
00003876: [------] Start  Load 'skeldie_8~17.ips         ' : type MESH
00003876: [000000] Finish Load 'skeldie_8~17             ' : bundle 
00003876: [------] Start  Load 'skeldie_9~0.ips          ' : type MESH
00003876: [000000] Finish Load 'skeldie_9~0              ' : bundle 
00003876: [------] Start  Load 'skeldie_9~1.ips          ' : type MESH
00003877: [000001] Finish Load 'skeldie_9~1              ' : bundle 
00003877: [------] Start  Load 'skeldie_9~2.ips          ' : type MESH
00003877: [000000] Finish Load 'skeldie_9~2              ' : bundle 
00003877: [------] Start  Load 'skeldie_9~3.ips          ' : type MESH
00003877: [000000] Finish Load 'skeldie_9~3              ' : bundle 
00003877: [------] Start  Load 'skeldie_9~4.ips          ' : type MESH
00003877: [000000] Finish Load 'skeldie_9~4              ' : bundle 
00003877: [------] Start  Load 'skeldie_9~5.ips          ' : type MESH
00003877: [000000] Finish Load 'skeldie_9~5              ' : bundle 
00003877: [------] Start  Load 'skeldie_9~6.ips          ' : type MESH
00003877: [000000] Finish Load 'skeldie_9~6              ' : bundle 
00003877: [------] Start  Load 'skeldie_9~7.ips          ' : type MESH
00003877: [000000] Finish Load 'skeldie_9~7              ' : bundle 
00003877: [------] Start  Load 'skeldie_9~8.ips          ' : type MESH
00003877: [000000] Finish Load 'skeldie_9~8              ' : bundle 
00003878: [------] Start  Load 'skeldie_9~9.ips          ' : type MESH
00003878: [000000] Finish Load 'skeldie_9~9              ' : bundle 
00003878: [------] Start  Load 'skeldie_9~10.ips         ' : type MESH
00003878: [000000] Finish Load 'skeldie_9~10             ' : bundle 
00003878: [------] Start  Load 'skeldie_9~11.ips         ' : type MESH
00003878: [000000] Finish Load 'skeldie_9~11             ' : bundle 
00003878: [------] Start  Load 'skeldie_9~12.ips         ' : type MESH
00003879: [000001] Finish Load 'skeldie_9~12             ' : bundle 
00003879: [------] Start  Load 'skeldie_9~13.ips         ' : type MESH
00003879: [000000] Finish Load 'skeldie_9~13             ' : bundle 
00003879: [------] Start  Load 'skeldie_9~14.ips         ' : type MESH
00003879: [000000] Finish Load 'skeldie_9~14             ' : bundle 
00003879: [------] Start  Load 'skeldie_9~15.ips         ' : type MESH
00003879: [000000] Finish Load 'skeldie_9~15             ' : bundle 
00003879: [------] Start  Load 'skeldie_9~16.ips         ' : type MESH
00003879: [000000] Finish Load 'skeldie_9~16             ' : bundle 
00003879: [------] Start  Load 'skeldie_9~17.ips         ' : type MESH
00003879: [000000] Finish Load 'skeldie_9~17             ' : bundle 
00003879: [------] Start  Load 'skeldie_10~0.ips         ' : type MESH
00003879: [000000] Finish Load 'skeldie_10~0             ' : bundle 
00003879: [------] Start  Load 'skeldie_10~1.ips         ' : type MESH
00003879: [000000] Finish Load 'skeldie_10~1             ' : bundle 
00003880: [------] Start  Load 'skeldie_10~2.ips         ' : type MESH
00003880: [000000] Finish Load 'skeldie_10~2             ' : bundle 
00003880: [------] Start  Load 'skeldie_10~3.ips         ' : type MESH
00003880: [000000] Finish Load 'skeldie_10~3             ' : bundle 
00003880: [------] Start  Load 'skeldie_10~4.ips         ' : type MESH
00003880: [000000] Finish Load 'skeldie_10~4             ' : bundle 
00003880: [------] Start  Load 'skeldie_10~5.ips         ' : type MESH
00003880: [000000] Finish Load 'skeldie_10~5             ' : bundle 
00003880: [------] Start  Load 'skeldie_10~6.ips         ' : type MESH
00003880: [000000] Finish Load 'skeldie_10~6             ' : bundle 
00003880: [------] Start  Load 'skeldie_10~7.ips         ' : type MESH
00003880: [000000] Finish Load 'skeldie_10~7             ' : bundle 
00003880: [------] Start  Load 'skeldie_10~8.ips         ' : type MESH
00003880: [000000] Finish Load 'skeldie_10~8             ' : bundle 
00003880: [------] Start  Load 'skeldie_10~9.ips         ' : type MESH
00003880: [000000] Finish Load 'skeldie_10~9             ' : bundle 
00003880: [------] Start  Load 'skeldie_10~10.ips        ' : type MESH
00003881: [000001] Finish Load 'skeldie_10~10            ' : bundle 
00003881: [------] Start  Load 'skeldie_10~11.ips        ' : type MESH
00003881: [000000] Finish Load 'skeldie_10~11            ' : bundle 
00003881: [------] Start  Load 'skeldie_10~12.ips        ' : type MESH
00003881: [000000] Finish Load 'skeldie_10~12            ' : bundle 
00003881: [------] Start  Load 'skeldie_10~13.ips        ' : type MESH
00003881: [000000] Finish Load 'skeldie_10~13            ' : bundle 
00003881: [------] Start  Load 'skeldie_10~14.ips        ' : type MESH
00003881: [000000] Finish Load 'skeldie_10~14            ' : bundle 
00003881: [------] Start  Load 'skeldie_10~15.ips        ' : type MESH
00003881: [000000] Finish Load 'skeldie_10~15            ' : bundle 
00003881: [------] Start  Load 'skeldie_10~16.ips        ' : type MESH
00003881: [000000] Finish Load 'skeldie_10~16            ' : bundle 
00003881: [------] Start  Load 'skeldie_10~17.ips        ' : type MESH
00003881: [000000] Finish Load 'skeldie_10~17            ' : bundle 
00003881: [------] Start  Load 'skeldie_11~0.ips         ' : type MESH
00003881: [000000] Finish Load 'skeldie_11~0             ' : bundle 
00003881: [------] Start  Load 'skeldie_11~1.ips         ' : type MESH
00003881: [000000] Finish Load 'skeldie_11~1             ' : bundle 
00003881: [------] Start  Load 'skeldie_11~2.ips         ' : type MESH
00003881: [000000] Finish Load 'skeldie_11~2             ' : bundle 
00003881: [------] Start  Load 'skeldie_11~3.ips         ' : type MESH
00003881: [000000] Finish Load 'skeldie_11~3             ' : bundle 
00003881: [------] Start  Load 'skeldie_11~4.ips         ' : type MESH
00003881: [000000] Finish Load 'skeldie_11~4             ' : bundle 
00003881: [------] Start  Load 'skeldie_11~5.ips         ' : type MESH
00003881: [000000] Finish Load 'skeldie_11~5             ' : bundle 
00003883: [------] Start  Load 'skeldie_11~6.ips         ' : type MESH
00003883: [000000] Finish Load 'skeldie_11~6             ' : bundle 
00003883: [------] Start  Load 'skeldie_11~7.ips         ' : type MESH
00003883: [000000] Finish Load 'skeldie_11~7             ' : bundle 
00003883: [------] Start  Load 'skeldie_11~8.ips         ' : type MESH
00003883: [000000] Finish Load 'skeldie_11~8             ' : bundle 
00003883: [------] Start  Load 'skeldie_11~9.ips         ' : type MESH
00003883: [000000] Finish Load 'skeldie_11~9             ' : bundle 
00003883: [------] Start  Load 'skeldie_11~10.ips        ' : type MESH
00003883: [000000] Finish Load 'skeldie_11~10            ' : bundle 
00003883: [------] Start  Load 'skeldie_11~11.ips        ' : type MESH
00003884: [000001] Finish Load 'skeldie_11~11            ' : bundle 
00003884: [------] Start  Load 'skeldie_11~12.ips        ' : type MESH
00003884: [000000] Finish Load 'skeldie_11~12            ' : bundle 
00003884: [------] Start  Load 'skeldie_11~13.ips        ' : type MESH
00003884: [000000] Finish Load 'skeldie_11~13            ' : bundle 
00003884: [------] Start  Load 'skeldie_11~14.ips        ' : type MESH
00003884: [000000] Finish Load 'skeldie_11~14            ' : bundle 
00003884: [------] Start  Load 'skeldie_11~15.ips        ' : type MESH
00003884: [000000] Finish Load 'skeldie_11~15            ' : bundle 
00003884: [------] Start  Load 'skeldie_11~16.ips        ' : type MESH
00003884: [000000] Finish Load 'skeldie_11~16            ' : bundle 
00003884: [------] Start  Load 'skeldie_11~17.ips        ' : type MESH
00003884: [000000] Finish Load 'skeldie_11~17            ' : bundle 
00003884: [------] Start  Load 'skeldie_12~0.ips         ' : type MESH
00003884: [000000] Finish Load 'skeldie_12~0             ' : bundle 
00003885: [------] Start  Load 'skeldie_12~1.ips         ' : type MESH
00003885: [000000] Finish Load 'skeldie_12~1             ' : bundle 
00003885: [------] Start  Load 'skeldie_12~2.ips         ' : type MESH
00003885: [000000] Finish Load 'skeldie_12~2             ' : bundle 
00003885: [------] Start  Load 'skeldie_12~3.ips         ' : type MESH
00003885: [000000] Finish Load 'skeldie_12~3             ' : bundle 
00003885: [------] Start  Load 'skeldie_12~4.ips         ' : type MESH
00003885: [000000] Finish Load 'skeldie_12~4             ' : bundle 
00003885: [------] Start  Load 'skeldie_12~5.ips         ' : type MESH
00003885: [000000] Finish Load 'skeldie_12~5             ' : bundle 
00003885: [------] Start  Load 'skeldie_12~6.ips         ' : type MESH
00003885: [000000] Finish Load 'skeldie_12~6             ' : bundle 
00003885: [------] Start  Load 'skeldie_12~7.ips         ' : type MESH
00003885: [000000] Finish Load 'skeldie_12~7             ' : bundle 
00003886: [------] Start  Load 'skeldie_12~8.ips         ' : type MESH
00003886: [000000] Finish Load 'skeldie_12~8             ' : bundle 
00003886: [------] Start  Load 'skeldie_12~9.ips         ' : type MESH
00003886: [000000] Finish Load 'skeldie_12~9             ' : bundle 
00003886: [------] Start  Load 'skeldie_12~10.ips        ' : type MESH
00003886: [000000] Finish Load 'skeldie_12~10            ' : bundle 
00003886: [------] Start  Load 'skeldie_12~11.ips        ' : type MESH
00003886: [000000] Finish Load 'skeldie_12~11            ' : bundle 
00003886: [------] Start  Load 'skeldie_12~12.ips        ' : type MESH
00003886: [000000] Finish Load 'skeldie_12~12            ' : bundle 
00003886: [------] Start  Load 'skeldie_12~13.ips        ' : type MESH
00003886: [000000] Finish Load 'skeldie_12~13            ' : bundle 
00003886: [------] Start  Load 'skeldie_12~14.ips        ' : type MESH
00003886: [000000] Finish Load 'skeldie_12~14            ' : bundle 
00003886: [------] Start  Load 'skeldie_12~15.ips        ' : type MESH
00003886: [000000] Finish Load 'skeldie_12~15            ' : bundle 
00003886: [------] Start  Load 'skeldie_12~16.ips        ' : type MESH
00003887: [000001] Finish Load 'skeldie_12~16            ' : bundle 
00003887: [------] Start  Load 'skeldie_12~17.ips        ' : type MESH
00003887: [000000] Finish Load 'skeldie_12~17            ' : bundle 
00003887: [------] Start  Load 'skeldie_13~0.ips         ' : type MESH
00003887: [000000] Finish Load 'skeldie_13~0             ' : bundle 
00003887: [------] Start  Load 'skeldie_13~1.ips         ' : type MESH
00003888: [000001] Finish Load 'skeldie_13~1             ' : bundle 
00003888: [------] Start  Load 'skeldie_13~2.ips         ' : type MESH
00003888: [000000] Finish Load 'skeldie_13~2             ' : bundle 
00003888: [------] Start  Load 'skeldie_13~3.ips         ' : type MESH
00003888: [000000] Finish Load 'skeldie_13~3             ' : bundle 
00003888: [------] Start  Load 'skeldie_13~4.ips         ' : type MESH
00003888: [000000] Finish Load 'skeldie_13~4             ' : bundle 
00003888: [------] Start  Load 'skeldie_13~5.ips         ' : type MESH
00003889: [000001] Finish Load 'skeldie_13~5             ' : bundle 
00003889: [------] Start  Load 'skeldie_13~6.ips         ' : type MESH
00003889: [000000] Finish Load 'skeldie_13~6             ' : bundle 
00003889: [------] Start  Load 'skeldie_13~7.ips         ' : type MESH
00003889: [000000] Finish Load 'skeldie_13~7             ' : bundle 
00003889: [------] Start  Load 'skeldie_13~8.ips         ' : type MESH
00003889: [000000] Finish Load 'skeldie_13~8             ' : bundle 
00003890: [------] Start  Load 'skeldie_13~9.ips         ' : type MESH
00003890: [000000] Finish Load 'skeldie_13~9             ' : bundle 
00003890: [------] Start  Load 'skeldie_13~10.ips        ' : type MESH
00003890: [000000] Finish Load 'skeldie_13~10            ' : bundle 
00003890: [------] Start  Load 'skeldie_13~11.ips        ' : type MESH
00003891: [000001] Finish Load 'skeldie_13~11            ' : bundle 
00003891: [------] Start  Load 'skeldie_13~12.ips        ' : type MESH
00003891: [000000] Finish Load 'skeldie_13~12            ' : bundle 
00003891: [------] Start  Load 'skeldie_13~13.ips        ' : type MESH
00003891: [000000] Finish Load 'skeldie_13~13            ' : bundle 
00003891: [------] Start  Load 'skeldie_13~14.ips        ' : type MESH
00003891: [000000] Finish Load 'skeldie_13~14            ' : bundle 
00003891: [------] Start  Load 'skeldie_13~15.ips        ' : type MESH
00003891: [000000] Finish Load 'skeldie_13~15            ' : bundle 
00003891: [------] Start  Load 'skeldie_13~16.ips        ' : type MESH
00003891: [000000] Finish Load 'skeldie_13~16            ' : bundle 
00003891: [------] Start  Load 'skeldie_13~17.ips        ' : type MESH
00003891: [000000] Finish Load 'skeldie_13~17            ' : bundle 
00003891: [------] Start  Load 'skeldie_14~0.ips         ' : type MESH
00003891: [000000] Finish Load 'skeldie_14~0             ' : bundle 
00003892: [------] Start  Load 'skeldie_14~1.ips         ' : type MESH
00003892: [000000] Finish Load 'skeldie_14~1             ' : bundle 
00003892: [------] Start  Load 'skeldie_14~2.ips         ' : type MESH
00003892: [000000] Finish Load 'skeldie_14~2             ' : bundle 
00003892: [------] Start  Load 'skeldie_14~3.ips         ' : type MESH
00003892: [000000] Finish Load 'skeldie_14~3             ' : bundle 
00003892: [------] Start  Load 'skeldie_14~4.ips         ' : type MESH
00003892: [000000] Finish Load 'skeldie_14~4             ' : bundle 
00003892: [------] Start  Load 'skeldie_14~5.ips         ' : type MESH
00003892: [000000] Finish Load 'skeldie_14~5             ' : bundle 
00003892: [------] Start  Load 'skeldie_14~6.ips         ' : type MESH
00003892: [000000] Finish Load 'skeldie_14~6             ' : bundle 
00003892: [------] Start  Load 'skeldie_14~7.ips         ' : type MESH
00003892: [000000] Finish Load 'skeldie_14~7             ' : bundle 
00003893: [------] Start  Load 'skeldie_14~8.ips         ' : type MESH
00003893: [000000] Finish Load 'skeldie_14~8             ' : bundle 
00003893: [------] Start  Load 'skeldie_14~9.ips         ' : type MESH
00003893: [000000] Finish Load 'skeldie_14~9             ' : bundle 
00003893: [------] Start  Load 'skeldie_14~10.ips        ' : type MESH
00003894: [000001] Finish Load 'skeldie_14~10            ' : bundle 
00003894: [------] Start  Load 'skeldie_14~11.ips        ' : type MESH
00003894: [000000] Finish Load 'skeldie_14~11            ' : bundle 
00003894: [------] Start  Load 'skeldie_14~12.ips        ' : type MESH
00003894: [000000] Finish Load 'skeldie_14~12            ' : bundle 
00003894: [------] Start  Load 'skeldie_14~13.ips        ' : type MESH
00003894: [000000] Finish Load 'skeldie_14~13            ' : bundle 
00003894: [------] Start  Load 'skeldie_14~14.ips        ' : type MESH
00003894: [000000] Finish Load 'skeldie_14~14            ' : bundle 
00003894: [------] Start  Load 'skeldie_14~15.ips        ' : type MESH
00003894: [000000] Finish Load 'skeldie_14~15            ' : bundle 
00003894: [------] Start  Load 'skeldie_14~16.ips        ' : type MESH
00003894: [000000] Finish Load 'skeldie_14~16            ' : bundle 
00003894: [------] Start  Load 'skeldie_14~17.ips        ' : type MESH
00003894: [000000] Finish Load 'skeldie_14~17            ' : bundle 
00003894: [------] Start  Load 'skeldie_15~0.ips         ' : type MESH
00003894: [000000] Finish Load 'skeldie_15~0             ' : bundle 
00003894: [------] Start  Load 'skeldie_15~1.ips         ' : type MESH
00003894: [000000] Finish Load 'skeldie_15~1             ' : bundle 
00003895: [------] Start  Load 'skeldie_15~2.ips         ' : type MESH
00003895: [000000] Finish Load 'skeldie_15~2             ' : bundle 
00003895: [------] Start  Load 'skeldie_15~3.ips         ' : type MESH
00003895: [000000] Finish Load 'skeldie_15~3             ' : bundle 
00003895: [------] Start  Load 'skeldie_15~4.ips         ' : type MESH
00003895: [000000] Finish Load 'skeldie_15~4             ' : bundle 
00003895: [------] Start  Load 'skeldie_15~5.ips         ' : type MESH
00003895: [000000] Finish Load 'skeldie_15~5             ' : bundle 
00003895: [------] Start  Load 'skeldie_15~6.ips         ' : type MESH
00003895: [000000] Finish Load 'skeldie_15~6             ' : bundle 
00003896: [------] Start  Load 'skeldie_15~7.ips         ' : type MESH
00003896: [000000] Finish Load 'skeldie_15~7             ' : bundle 
00003896: [------] Start  Load 'skeldie_15~8.ips         ' : type MESH
00003896: [000000] Finish Load 'skeldie_15~8             ' : bundle 
00003896: [------] Start  Load 'skeldie_15~9.ips         ' : type MESH
00003896: [000000] Finish Load 'skeldie_15~9             ' : bundle 
00003896: [------] Start  Load 'skeldie_15~10.ips        ' : type MESH
00003896: [000000] Finish Load 'skeldie_15~10            ' : bundle 
00003896: [------] Start  Load 'skeldie_15~11.ips        ' : type MESH
00003896: [000000] Finish Load 'skeldie_15~11            ' : bundle 
00003896: [------] Start  Load 'skeldie_15~12.ips        ' : type MESH
00003896: [000000] Finish Load 'skeldie_15~12            ' : bundle 
00003896: [------] Start  Load 'skeldie_15~13.ips        ' : type MESH
00003896: [000000] Finish Load 'skeldie_15~13            ' : bundle 
00003896: [------] Start  Load 'skeldie_15~14.ips        ' : type MESH
00003896: [000000] Finish Load 'skeldie_15~14            ' : bundle 
00003896: [------] Start  Load 'skeldie_15~15.ips        ' : type MESH
00003896: [000000] Finish Load 'skeldie_15~15            ' : bundle 
00003896: [------] Start  Load 'skeldie_15~16.ips        ' : type MESH
00003897: [000001] Finish Load 'skeldie_15~16            ' : bundle 
00003897: [------] Start  Load 'skeldie_15~17.ips        ' : type MESH
00003897: [000000] Finish Load 'skeldie_15~17            ' : bundle 
00003897: [------] Start  Load 'SkelDieDeadBody~0.ips    ' : type MESH
00003897: [000000] Finish Load 'SkelDieDeadBody~0        ' : bundle 
00003897: [------] Start  Load 'SkelDieDeadWeapons~0.ips ' : type MESH
00003897: [000000] Finish Load 'SkelDieDeadWeapons~0     ' : bundle 
00003897: [------] Start  Load 'shadow_med~0.ips         ' : type MESH
00003897: [000000] Finish Load 'shadow_med~0             ' : bundle 
00003898: [------] Start  Load 'skelwalk_0~0.ips         ' : type MESH
00003899: [000001] Finish Load 'skelwalk_0~0             ' : bundle 
00003899: [------] Start  Load 'skelwalk_0~1.ips         ' : type MESH
00003899: [000000] Finish Load 'skelwalk_0~1             ' : bundle 
00003899: [------] Start  Load 'skelwalk_0~2.ips         ' : type MESH
00003899: [000000] Finish Load 'skelwalk_0~2             ' : bundle 
00003899: [------] Start  Load 'skelwalk_1~0.ips         ' : type MESH
00003899: [000000] Finish Load 'skelwalk_1~0             ' : bundle 
00003899: [------] Start  Load 'skelwalk_1~1.ips         ' : type MESH
00003899: [000000] Finish Load 'skelwalk_1~1             ' : bundle 
00003899: [------] Start  Load 'skelwalk_1~2.ips         ' : type MESH
00003899: [000000] Finish Load 'skelwalk_1~2             ' : bundle 
00003899: [------] Start  Load 'skelwalk_2~0.ips         ' : type MESH
00003899: [000000] Finish Load 'skelwalk_2~0             ' : bundle 
00003899: [------] Start  Load 'skelwalk_2~1.ips         ' : type MESH
00003899: [000000] Finish Load 'skelwalk_2~1             ' : bundle 
00003899: [------] Start  Load 'skelwalk_2~2.ips         ' : type MESH
00003899: [000000] Finish Load 'skelwalk_2~2             ' : bundle 
00003900: [------] Start  Load 'skelwalk_3~0.ips         ' : type MESH
00003900: [000000] Finish Load 'skelwalk_3~0             ' : bundle 
00003900: [------] Start  Load 'skelwalk_3~1.ips         ' : type MESH
00003900: [000000] Finish Load 'skelwalk_3~1             ' : bundle 
00003900: [------] Start  Load 'skelwalk_3~2.ips         ' : type MESH
00003900: [000000] Finish Load 'skelwalk_3~2             ' : bundle 
00003900: [------] Start  Load 'skelwalk_4~0.ips         ' : type MESH
00003900: [000000] Finish Load 'skelwalk_4~0             ' : bundle 
00003900: [------] Start  Load 'skelwalk_4~1.ips         ' : type MESH
00003900: [000000] Finish Load 'skelwalk_4~1             ' : bundle 
00003900: [------] Start  Load 'skelwalk_4~2.ips         ' : type MESH
00003900: [000000] Finish Load 'skelwalk_4~2             ' : bundle 
00003901: [------] Start  Load 'skelwalk_5~0.ips         ' : type MESH
00003901: [000000] Finish Load 'skelwalk_5~0             ' : bundle 
00003901: [------] Start  Load 'skelwalk_5~1.ips         ' : type MESH
00003901: [000000] Finish Load 'skelwalk_5~1             ' : bundle 
00003901: [------] Start  Load 'skelwalk_5~2.ips         ' : type MESH
00003901: [000000] Finish Load 'skelwalk_5~2             ' : bundle 
00003901: [------] Start  Load 'skelwalk_6~0.ips         ' : type MESH
00003901: [000000] Finish Load 'skelwalk_6~0             ' : bundle 
00003901: [------] Start  Load 'skelwalk_6~1.ips         ' : type MESH
00003901: [000000] Finish Load 'skelwalk_6~1             ' : bundle 
00003901: [------] Start  Load 'skelwalk_6~2.ips         ' : type MESH
00003901: [000000] Finish Load 'skelwalk_6~2             ' : bundle 
00003902: [------] Start  Load 'skelwalk_7~0.ips         ' : type MESH
00003902: [000000] Finish Load 'skelwalk_7~0             ' : bundle 
00003902: [------] Start  Load 'skelwalk_7~1.ips         ' : type MESH
00003902: [000000] Finish Load 'skelwalk_7~1             ' : bundle 
00003902: [------] Start  Load 'skelwalk_7~2.ips         ' : type MESH
00003902: [000000] Finish Load 'skelwalk_7~2             ' : bundle 
00003902: [------] Start  Load 'skelwalk_8~0.ips         ' : type MESH
00003902: [000000] Finish Load 'skelwalk_8~0             ' : bundle 
00003902: [------] Start  Load 'skelwalk_8~1.ips         ' : type MESH
00003902: [000000] Finish Load 'skelwalk_8~1             ' : bundle 
00003902: [------] Start  Load 'skelwalk_8~2.ips         ' : type MESH
00003902: [000000] Finish Load 'skelwalk_8~2             ' : bundle 
00003903: [------] Start  Load 'skelwalk_9~0.ips         ' : type MESH
00003903: [000000] Finish Load 'skelwalk_9~0             ' : bundle 
00003903: [------] Start  Load 'skelwalk_9~1.ips         ' : type MESH
00003904: [000001] Finish Load 'skelwalk_9~1             ' : bundle 
00003904: [------] Start  Load 'skelwalk_9~2.ips         ' : type MESH
00003904: [000000] Finish Load 'skelwalk_9~2             ' : bundle 
00003905: [------] Start  Load 'skelwalk_10~0.ips        ' : type MESH
00003905: [000000] Finish Load 'skelwalk_10~0            ' : bundle 
00003905: [------] Start  Load 'skelwalk_10~1.ips        ' : type MESH
00003905: [000000] Finish Load 'skelwalk_10~1            ' : bundle 
00003905: [------] Start  Load 'skelwalk_10~2.ips        ' : type MESH
00003905: [000000] Finish Load 'skelwalk_10~2            ' : bundle 
00003905: [------] Start  Load 'skelwalk_11~0.ips        ' : type MESH
00003905: [000000] Finish Load 'skelwalk_11~0            ' : bundle 
00003906: [------] Start  Load 'skelwalk_11~1.ips        ' : type MESH
00003906: [000000] Finish Load 'skelwalk_11~1            ' : bundle 
00003906: [------] Start  Load 'skelwalk_11~2.ips        ' : type MESH
00003906: [000000] Finish Load 'skelwalk_11~2            ' : bundle 
00003906: [------] Start  Load 'skelwalk_12~0.ips        ' : type MESH
00003906: [000000] Finish Load 'skelwalk_12~0            ' : bundle 
00003906: [------] Start  Load 'skelwalk_12~1.ips        ' : type MESH
00003906: [000000] Finish Load 'skelwalk_12~1            ' : bundle 
00003906: [------] Start  Load 'skelwalk_12~2.ips        ' : type MESH
00003906: [000000] Finish Load 'skelwalk_12~2            ' : bundle 
00003906: [------] Start  Load 'skelwalk_13~0.ips        ' : type MESH
00003906: [000000] Finish Load 'skelwalk_13~0            ' : bundle 
00003906: [------] Start  Load 'skelwalk_13~1.ips        ' : type MESH
00003906: [000000] Finish Load 'skelwalk_13~1            ' : bundle 
00003906: [------] Start  Load 'skelwalk_13~2.ips        ' : type MESH
00003906: [000000] Finish Load 'skelwalk_13~2            ' : bundle 
00003906: [------] Start  Load 'skelwalk_14~0.ips        ' : type MESH
00003906: [000000] Finish Load 'skelwalk_14~0            ' : bundle 
00003907: [------] Start  Load 'skelwalk_14~1.ips        ' : type MESH
00003907: [000000] Finish Load 'skelwalk_14~1            ' : bundle 
00003907: [------] Start  Load 'skelwalk_14~2.ips        ' : type MESH
00003907: [000000] Finish Load 'skelwalk_14~2            ' : bundle 
00003907: [------] Start  Load 'skelwalk_15~0.ips        ' : type MESH
00003907: [000000] Finish Load 'skelwalk_15~0            ' : bundle 
00003907: [------] Start  Load 'skelwalk_15~1.ips        ' : type MESH
00003907: [000000] Finish Load 'skelwalk_15~1            ' : bundle 
00003907: [------] Start  Load 'skelwalk_15~2.ips        ' : type MESH
00003907: [000000] Finish Load 'skelwalk_15~2            ' : bundle 
00003907: [------] Start  Load 'skelwalk_16~0.ips        ' : type MESH
00003907: [000000] Finish Load 'skelwalk_16~0            ' : bundle 
00003907: [------] Start  Load 'skelwalk_16~1.ips        ' : type MESH
00003908: [000001] Finish Load 'skelwalk_16~1            ' : bundle 
00003908: [------] Start  Load 'skelwalk_16~2.ips        ' : type MESH
00003908: [000000] Finish Load 'skelwalk_16~2            ' : bundle 
00003908: [------] Start  Load 'skelwalk_17~0.ips        ' : type MESH
00003908: [000000] Finish Load 'skelwalk_17~0            ' : bundle 
00003908: [------] Start  Load 'skelwalk_17~1.ips        ' : type MESH
00003908: [000000] Finish Load 'skelwalk_17~1            ' : bundle 
00003908: [------] Start  Load 'skelwalk_17~2.ips        ' : type MESH
00003908: [000000] Finish Load 'skelwalk_17~2            ' : bundle 
00003908: [------] Start  Load 'skelwalk_18~0.ips        ' : type MESH
00003908: [000000] Finish Load 'skelwalk_18~0            ' : bundle 
00003908: [------] Start  Load 'skelwalk_18~1.ips        ' : type MESH
00003909: [000001] Finish Load 'skelwalk_18~1            ' : bundle 
00003909: [------] Start  Load 'skelwalk_18~2.ips        ' : type MESH
00003909: [000000] Finish Load 'skelwalk_18~2            ' : bundle 
00003909: [------] Start  Load 'skelwalk_19~0.ips        ' : type MESH
00003909: [000000] Finish Load 'skelwalk_19~0            ' : bundle 
00003909: [------] Start  Load 'skelwalk_19~1.ips        ' : type MESH
00003909: [000000] Finish Load 'skelwalk_19~1            ' : bundle 
00003909: [------] Start  Load 'skelwalk_19~2.ips        ' : type MESH
00003910: [000001] Finish Load 'skelwalk_19~2            ' : bundle 
00003910: [------] Start  Load 'skelwalk_20~0.ips        ' : type MESH
00003910: [000000] Finish Load 'skelwalk_20~0            ' : bundle 
00003910: [------] Start  Load 'skelwalk_20~1.ips        ' : type MESH
00003910: [000000] Finish Load 'skelwalk_20~1            ' : bundle 
00003910: [------] Start  Load 'skelwalk_20~2.ips        ' : type MESH
00003910: [000000] Finish Load 'skelwalk_20~2            ' : bundle 
00003910: [------] Start  Load 'skelwalk_21~0.ips        ' : type MESH
00003910: [000000] Finish Load 'skelwalk_21~0            ' : bundle 
00003910: [------] Start  Load 'skelwalk_21~1.ips        ' : type MESH
00003910: [000000] Finish Load 'skelwalk_21~1            ' : bundle 
00003910: [------] Start  Load 'skelwalk_21~2.ips        ' : type MESH
00003911: [000001] Finish Load 'skelwalk_21~2            ' : bundle 
00003911: [------] Start  Load 'skelwalk_22~0.ips        ' : type MESH
00003911: [000000] Finish Load 'skelwalk_22~0            ' : bundle 
00003911: [------] Start  Load 'skelwalk_22~1.ips        ' : type MESH
00003911: [000000] Finish Load 'skelwalk_22~1            ' : bundle 
00003911: [------] Start  Load 'skelwalk_22~2.ips        ' : type MESH
00003911: [000000] Finish Load 'skelwalk_22~2            ' : bundle 
00003911: [------] Start  Load 'skelwalk_23~0.ips        ' : type MESH
00003911: [000000] Finish Load 'skelwalk_23~0            ' : bundle 
00003911: [------] Start  Load 'skelwalk_23~1.ips        ' : type MESH
00003911: [000000] Finish Load 'skelwalk_23~1            ' : bundle 
00003911: [------] Start  Load 'skelwalk_23~2.ips        ' : type MESH
00003912: [000001] Finish Load 'skelwalk_23~2            ' : bundle 
00003912: [------] Start  Load 'skelwalk_24~0.ips        ' : type MESH
00003912: [000000] Finish Load 'skelwalk_24~0            ' : bundle 
00003912: [------] Start  Load 'skelwalk_24~1.ips        ' : type MESH
00003912: [000000] Finish Load 'skelwalk_24~1            ' : bundle 
00003912: [------] Start  Load 'skelwalk_24~2.ips        ' : type MESH
00003912: [000000] Finish Load 'skelwalk_24~2            ' : bundle 
00003912: [------] Start  Load 'anim_skel_walk_body_000046~0.ips' : type MESH
00003912: [000000] Finish Load 'anim_skel_walk_body_000046~0' : bundle 
00003913: [------] Start  Load 'anim_skel_walk_swordshield_000046~0.ips' : type MESH
00003913: [000000] Finish Load 'anim_skel_walk_swordshield_000046~0' : bundle 
00003913: [------] Start  Load 'anim_skel_walk_body_000047~0.ips' : type MESH
00003913: [000000] Finish Load 'anim_skel_walk_body_000047~0' : bundle 
00003913: [------] Start  Load 'anim_skel_walk_swordshield_000047~0.ips' : type MESH
00003913: [000000] Finish Load 'anim_skel_walk_swordshield_000047~0' : bundle 
00003913: [------] Start  Load 'anim_skel_walk_body_000048~0.ips' : type MESH
00003913: [000000] Finish Load 'anim_skel_walk_body_000048~0' : bundle 
00003913: [------] Start  Load 'anim_skel_walk_swordshield_000048~0.ips' : type MESH
00003914: [000001] Finish Load 'anim_skel_walk_swordshield_000048~0' : bundle 
00003914: [------] Start  Load 'anim_skel_walk_body_000049~0.ips' : type MESH
00003914: [000000] Finish Load 'anim_skel_walk_body_000049~0' : bundle 
00003914: [------] Start  Load 'anim_skel_walk_swordshield_000049~0.ips' : type MESH
00003914: [000000] Finish Load 'anim_skel_walk_swordshield_000049~0' : bundle 
00003914: [------] Start  Load 'anim_skel_walk_body_000050~0.ips' : type MESH
00003915: [000001] Finish Load 'anim_skel_walk_body_000050~0' : bundle 
00003915: [------] Start  Load 'anim_skel_walk_swordshield_000050~0.ips' : type MESH
00003915: [000000] Finish Load 'anim_skel_walk_swordshield_000050~0' : bundle 
00003915: [------] Start  Load 'anim_skel_walk_body_000051~0.ips' : type MESH
00003915: [000000] Finish Load 'anim_skel_walk_body_000051~0' : bundle 
00003915: [------] Start  Load 'anim_skel_walk_swordshield_000051~0.ips' : type MESH
00003915: [000000] Finish Load 'anim_skel_walk_swordshield_000051~0' : bundle 
00003916: [------] Start  Load 'anim_skel_walk_body_000052~0.ips' : type MESH
00003916: [000000] Finish Load 'anim_skel_walk_body_000052~0' : bundle 
00003916: [------] Start  Load 'anim_skel_walk_swordshield_000052~0.ips' : type MESH
00003916: [000000] Finish Load 'anim_skel_walk_swordshield_000052~0' : bundle 
00003916: [------] Start  Load 'anim_skel_walk_body_000053~0.ips' : type MESH
00003916: [000000] Finish Load 'anim_skel_walk_body_000053~0' : bundle 
00003916: [------] Start  Load 'anim_skel_walk_swordshield_000053~0.ips' : type MESH
00003916: [000000] Finish Load 'anim_skel_walk_swordshield_000053~0' : bundle 
00003916: [------] Start  Load 'anim_skel_walk_body_000054~0.ips' : type MESH
00003916: [000000] Finish Load 'anim_skel_walk_body_000054~0' : bundle 
00003916: [------] Start  Load 'anim_skel_walk_swordshield_000054~0.ips' : type MESH
00003916: [000000] Finish Load 'anim_skel_walk_swordshield_000054~0' : bundle 
00003916: [------] Start  Load 'anim_skel_walk_body_000055~0.ips' : type MESH
00003916: [000000] Finish Load 'anim_skel_walk_body_000055~0' : bundle 
00003916: [------] Start  Load 'anim_skel_walk_swordshield_000055~0.ips' : type MESH
00003916: [000000] Finish Load 'anim_skel_walk_swordshield_000055~0' : bundle 
00003917: [------] Start  Load 'anim_skel_walk_body_000056~0.ips' : type MESH
00003917: [000000] Finish Load 'anim_skel_walk_body_000056~0' : bundle 
00003917: [------] Start  Load 'anim_skel_walk_swordshield_000056~0.ips' : type MESH
00003917: [000000] Finish Load 'anim_skel_walk_swordshield_000056~0' : bundle 
00003917: [------] Start  Load 'anim_skel_walk_body_000057~0.ips' : type MESH
00003917: [000000] Finish Load 'anim_skel_walk_body_000057~0' : bundle 
00003917: [------] Start  Load 'anim_skel_walk_swordshield_000057~0.ips' : type MESH
00003917: [000000] Finish Load 'anim_skel_walk_swordshield_000057~0' : bundle 
00003917: [------] Start  Load 'anim_skel_walk_body_000058~0.ips' : type MESH
00003918: [000001] Finish Load 'anim_skel_walk_body_000058~0' : bundle 
00003918: [------] Start  Load 'anim_skel_walk_swordshield_000058~0.ips' : type MESH
00003918: [000000] Finish Load 'anim_skel_walk_swordshield_000058~0' : bundle 
00003918: [------] Start  Load 'anim_skel_walk_body_000059~0.ips' : type MESH
00003918: [000000] Finish Load 'anim_skel_walk_body_000059~0' : bundle 
00003918: [------] Start  Load 'anim_skel_walk_swordshield_000059~0.ips' : type MESH
00003918: [000000] Finish Load 'anim_skel_walk_swordshield_000059~0' : bundle 
00003918: [------] Start  Load 'anim_skel_walk_body_000060~0.ips' : type MESH
00003919: [000001] Finish Load 'anim_skel_walk_body_000060~0' : bundle 
00003919: [------] Start  Load 'anim_skel_walk_swordshield_000060~0.ips' : type MESH
00003919: [000000] Finish Load 'anim_skel_walk_swordshield_000060~0' : bundle 
00003919: [------] Start  Load 'anim_skel_walk_body_000061~0.ips' : type MESH
00003919: [000000] Finish Load 'anim_skel_walk_body_000061~0' : bundle 
00003919: [------] Start  Load 'anim_skel_walk_swordshield_000061~0.ips' : type MESH
00003919: [000000] Finish Load 'anim_skel_walk_swordshield_000061~0' : bundle 
00003919: [------] Start  Load 'anim_skel_walk_body_000062~0.ips' : type MESH
00003919: [000000] Finish Load 'anim_skel_walk_body_000062~0' : bundle 
00003919: [------] Start  Load 'anim_skel_walk_swordshield_000062~0.ips' : type MESH
00003920: [000001] Finish Load 'anim_skel_walk_swordshield_000062~0' : bundle 
00003920: [------] Start  Load 'anim_skel_walk_body_000063~0.ips' : type MESH
00003921: [000001] Finish Load 'anim_skel_walk_body_000063~0' : bundle 
00003921: [------] Start  Load 'anim_skel_walk_swordshield_000063~0.ips' : type MESH
00003921: [000000] Finish Load 'anim_skel_walk_swordshield_000063~0' : bundle 
00003921: [------] Start  Load 'anim_skel_walk_body_000064~0.ips' : type MESH
00003921: [000000] Finish Load 'anim_skel_walk_body_000064~0' : bundle 
00003921: [------] Start  Load 'anim_skel_walk_swordshield_000064~0.ips' : type MESH
00003921: [000000] Finish Load 'anim_skel_walk_swordshield_000064~0' : bundle 
00003922: [------] Start  Load 'anim_skel_walk_body_000065~0.ips' : type MESH
00003922: [000000] Finish Load 'anim_skel_walk_body_000065~0' : bundle 
00003922: [------] Start  Load 'anim_skel_walk_swordshield_000065~0.ips' : type MESH
00003922: [000000] Finish Load 'anim_skel_walk_swordshield_000065~0' : bundle 
00003923: [------] Start  Load 'anim_skel_walk_body_000001~0.ips' : type MESH
00003923: [000000] Finish Load 'anim_skel_walk_body_000001~0' : bundle 
00003923: [------] Start  Load 'anim_skel_walk_swordshield_000001~0.ips' : type MESH
00003923: [000000] Finish Load 'anim_skel_walk_swordshield_000001~0' : bundle 
00003923: [------] Start  Load 'anim_skel_walk_body_000002~0.ips' : type MESH
00003923: [000000] Finish Load 'anim_skel_walk_body_000002~0' : bundle 
00003923: [------] Start  Load 'anim_skel_walk_swordshield_000002~0.ips' : type MESH
00003924: [000001] Finish Load 'anim_skel_walk_swordshield_000002~0' : bundle 
00003924: [------] Start  Load 'anim_skel_walk_body_000003~0.ips' : type MESH
00003924: [000000] Finish Load 'anim_skel_walk_body_000003~0' : bundle 
00003924: [------] Start  Load 'anim_skel_walk_swordshield_000003~0.ips' : type MESH
00003924: [000000] Finish Load 'anim_skel_walk_swordshield_000003~0' : bundle 
00003924: [------] Start  Load 'anim_skel_walk_body_000004~0.ips' : type MESH
00003924: [000000] Finish Load 'anim_skel_walk_body_000004~0' : bundle 
00003924: [------] Start  Load 'anim_skel_walk_swordshield_000004~0.ips' : type MESH
00003924: [000000] Finish Load 'anim_skel_walk_swordshield_000004~0' : bundle 
00003925: [------] Start  Load 'anim_skel_walk_body_000005~0.ips' : type MESH
00003925: [000000] Finish Load 'anim_skel_walk_body_000005~0' : bundle 
00003925: [------] Start  Load 'anim_skel_walk_swordshield_000005~0.ips' : type MESH
00003925: [000000] Finish Load 'anim_skel_walk_swordshield_000005~0' : bundle 
00003925: [------] Start  Load 'anim_skel_walk_body_000006~0.ips' : type MESH
00003925: [000000] Finish Load 'anim_skel_walk_body_000006~0' : bundle 
00003925: [------] Start  Load 'anim_skel_walk_swordshield_000006~0.ips' : type MESH
00003925: [000000] Finish Load 'anim_skel_walk_swordshield_000006~0' : bundle 
00003925: [------] Start  Load 'anim_skel_walk_body_000007~0.ips' : type MESH
00003925: [000000] Finish Load 'anim_skel_walk_body_000007~0' : bundle 
00003925: [------] Start  Load 'anim_skel_walk_swordshield_000007~0.ips' : type MESH
00003927: [000002] Finish Load 'anim_skel_walk_swordshield_000007~0' : bundle 
00003927: [------] Start  Load 'anim_skel_walk_body_000008~0.ips' : type MESH
00003928: [000001] Finish Load 'anim_skel_walk_body_000008~0' : bundle 
00003928: [------] Start  Load 'anim_skel_walk_swordshield_000008~0.ips' : type MESH
00003928: [000000] Finish Load 'anim_skel_walk_swordshield_000008~0' : bundle 
00003929: [------] Start  Load 'anim_skel_walk_body_000009~0.ips' : type MESH
00003929: [000000] Finish Load 'anim_skel_walk_body_000009~0' : bundle 
00003929: [------] Start  Load 'anim_skel_walk_swordshield_000009~0.ips' : type MESH
00003929: [000000] Finish Load 'anim_skel_walk_swordshield_000009~0' : bundle 
00003929: [------] Start  Load 'anim_skel_walk_body_000010~0.ips' : type MESH
00003930: [000001] Finish Load 'anim_skel_walk_body_000010~0' : bundle 
00003930: [------] Start  Load 'anim_skel_walk_swordshield_000010~0.ips' : type MESH
00003930: [000000] Finish Load 'anim_skel_walk_swordshield_000010~0' : bundle 
00003930: [------] Start  Load 'anim_skel_walk_body_000011~0.ips' : type MESH
00003930: [000000] Finish Load 'anim_skel_walk_body_000011~0' : bundle 
00003931: [------] Start  Load 'anim_skel_walk_swordshield_000011~0.ips' : type MESH
00003931: [000000] Finish Load 'anim_skel_walk_swordshield_000011~0' : bundle 
00003931: [------] Start  Load 'anim_skel_walk_body_000012~0.ips' : type MESH
00003931: [000000] Finish Load 'anim_skel_walk_body_000012~0' : bundle 
00003931: [------] Start  Load 'anim_skel_walk_swordshield_000012~0.ips' : type MESH
00003931: [000000] Finish Load 'anim_skel_walk_swordshield_000012~0' : bundle 
00003931: [------] Start  Load 'anim_skel_walk_body_000013~0.ips' : type MESH
00003932: [000001] Finish Load 'anim_skel_walk_body_000013~0' : bundle 
00003932: [------] Start  Load 'anim_skel_walk_swordshield_000013~0.ips' : type MESH
00003932: [000000] Finish Load 'anim_skel_walk_swordshield_000013~0' : bundle 
00003933: [------] Start  Load 'anim_skel_walk_body_000014~0.ips' : type MESH
00003933: [000000] Finish Load 'anim_skel_walk_body_000014~0' : bundle 
00003933: [------] Start  Load 'anim_skel_walk_swordshield_000014~0.ips' : type MESH
00003933: [000000] Finish Load 'anim_skel_walk_swordshield_000014~0' : bundle 
00003933: [------] Start  Load 'anim_skel_walk_body_000015~0.ips' : type MESH
00003933: [000000] Finish Load 'anim_skel_walk_body_000015~0' : bundle 
00003933: [------] Start  Load 'anim_skel_walk_swordshield_000015~0.ips' : type MESH
00003933: [000000] Finish Load 'anim_skel_walk_swordshield_000015~0' : bundle 
00003933: [------] Start  Load 'anim_skel_walk_body_000016~0.ips' : type MESH
00003934: [000001] Finish Load 'anim_skel_walk_body_000016~0' : bundle 
00003934: [------] Start  Load 'anim_skel_walk_swordshield_000016~0.ips' : type MESH
00003934: [000000] Finish Load 'anim_skel_walk_swordshield_000016~0' : bundle 
00003934: [------] Start  Load 'anim_skel_walk_body_000017~0.ips' : type MESH
00003934: [000000] Finish Load 'anim_skel_walk_body_000017~0' : bundle 
00003934: [------] Start  Load 'anim_skel_walk_swordshield_000017~0.ips' : type MESH
00003934: [000000] Finish Load 'anim_skel_walk_swordshield_000017~0' : bundle 
00003934: [------] Start  Load 'anim_skel_walk_body_000018~0.ips' : type MESH
00003935: [000001] Finish Load 'anim_skel_walk_body_000018~0' : bundle 
00003935: [------] Start  Load 'anim_skel_walk_swordshield_000018~0.ips' : type MESH
00003935: [000000] Finish Load 'anim_skel_walk_swordshield_000018~0' : bundle 
00003935: [------] Start  Load 'anim_skel_walk_body_000019~0.ips' : type MESH
00003935: [000000] Finish Load 'anim_skel_walk_body_000019~0' : bundle 
00003935: [------] Start  Load 'anim_skel_walk_swordshield_000019~0.ips' : type MESH
00003935: [000000] Finish Load 'anim_skel_walk_swordshield_000019~0' : bundle 
00003935: [------] Start  Load 'anim_skel_walk_body_000020~0.ips' : type MESH
00003935: [000000] Finish Load 'anim_skel_walk_body_000020~0' : bundle 
00003935: [------] Start  Load 'anim_skel_walk_swordshield_000020~0.ips' : type MESH
00003935: [000000] Finish Load 'anim_skel_walk_swordshield_000020~0' : bundle 
00003935: [------] Start  Load 'anim_skel_walk_body_000021~0.ips' : type MESH
00003935: [000000] Finish Load 'anim_skel_walk_body_000021~0' : bundle 
00003935: [------] Start  Load 'anim_skel_walk_swordshield_000021~0.ips' : type MESH
00003935: [000000] Finish Load 'anim_skel_walk_swordshield_000021~0' : bundle 
00003935: [------] Start  Load 'anim_skel_walk_body_000022~0.ips' : type MESH
00003936: [000001] Finish Load 'anim_skel_walk_body_000022~0' : bundle 
00003936: [------] Start  Load 'anim_skel_walk_swordshield_000022~0.ips' : type MESH
00003936: [000000] Finish Load 'anim_skel_walk_swordshield_000022~0' : bundle 
00003936: [------] Start  Load 'anim_skel_walk_body_000023~0.ips' : type MESH
00003937: [000001] Finish Load 'anim_skel_walk_body_000023~0' : bundle 
00003937: [------] Start  Load 'anim_skel_walk_swordshield_000023~0.ips' : type MESH
00003937: [000000] Finish Load 'anim_skel_walk_swordshield_000023~0' : bundle 
00003937: [------] Start  Load 'anim_skel_walk_body_000024~0.ips' : type MESH
00003938: [000001] Finish Load 'anim_skel_walk_body_000024~0' : bundle 
00003938: [------] Start  Load 'anim_skel_walk_swordshield_000024~0.ips' : type MESH
00003938: [000000] Finish Load 'anim_skel_walk_swordshield_000024~0' : bundle 
00003938: [------] Start  Load 'anim_skel_walk_body_000025~0.ips' : type MESH
00003939: [000001] Finish Load 'anim_skel_walk_body_000025~0' : bundle 
00003939: [------] Start  Load 'anim_skel_walk_swordshield_000025~0.ips' : type MESH
00003939: [000000] Finish Load 'anim_skel_walk_swordshield_000025~0' : bundle 
00003939: [------] Start  Load 'anim_skel_walk_body_000026~0.ips' : type MESH
00003939: [000000] Finish Load 'anim_skel_walk_body_000026~0' : bundle 
00003939: [------] Start  Load 'anim_skel_walk_swordshield_000026~0.ips' : type MESH
00003939: [000000] Finish Load 'anim_skel_walk_swordshield_000026~0' : bundle 
00003940: [------] Start  Load 'anim_skel_walk_body_000027~0.ips' : type MESH
00003940: [000000] Finish Load 'anim_skel_walk_body_000027~0' : bundle 
00003941: [------] Start  Load 'anim_skel_walk_swordshield_000027~0.ips' : type MESH
00003941: [000000] Finish Load 'anim_skel_walk_swordshield_000027~0' : bundle 
00003941: [------] Start  Load 'anim_skel_walk_body_000028~0.ips' : type MESH
00003941: [000000] Finish Load 'anim_skel_walk_body_000028~0' : bundle 
00003941: [------] Start  Load 'anim_skel_walk_swordshield_000028~0.ips' : type MESH
00003941: [000000] Finish Load 'anim_skel_walk_swordshield_000028~0' : bundle 
00003941: [------] Start  Load 'anim_skel_walk_body_000029~0.ips' : type MESH
00003941: [000000] Finish Load 'anim_skel_walk_body_000029~0' : bundle 
00003941: [------] Start  Load 'anim_skel_walk_swordshield_000029~0.ips' : type MESH
00003941: [000000] Finish Load 'anim_skel_walk_swordshield_000029~0' : bundle 
00003942: [------] Start  Load 'anim_skel_walk_body_000030~0.ips' : type MESH
00003942: [000000] Finish Load 'anim_skel_walk_body_000030~0' : bundle 
00003942: [------] Start  Load 'anim_skel_walk_swordshield_000030~0.ips' : type MESH
00003942: [000000] Finish Load 'anim_skel_walk_swordshield_000030~0' : bundle 
00003942: [------] Start  Load 'anim_skel_walk_body_000031~0.ips' : type MESH
00003942: [000000] Finish Load 'anim_skel_walk_body_000031~0' : bundle 
00003942: [------] Start  Load 'anim_skel_walk_swordshield_000031~0.ips' : type MESH
00003942: [000000] Finish Load 'anim_skel_walk_swordshield_000031~0' : bundle 
00003942: [------] Start  Load 'anim_skel_walk_body_000032~0.ips' : type MESH
00003943: [000001] Finish Load 'anim_skel_walk_body_000032~0' : bundle 
00003943: [------] Start  Load 'anim_skel_walk_swordshield_000032~0.ips' : type MESH
00003943: [000000] Finish Load 'anim_skel_walk_swordshield_000032~0' : bundle 
00003943: [------] Start  Load 'anim_skel_walk_body_000033~0.ips' : type MESH
00003943: [000000] Finish Load 'anim_skel_walk_body_000033~0' : bundle 
00003943: [------] Start  Load 'anim_skel_walk_swordshield_000033~0.ips' : type MESH
00003943: [000000] Finish Load 'anim_skel_walk_swordshield_000033~0' : bundle 
00003943: [------] Start  Load 'anim_skel_walk_body_000034~0.ips' : type MESH
00003944: [000001] Finish Load 'anim_skel_walk_body_000034~0' : bundle 
00003944: [------] Start  Load 'anim_skel_walk_swordshield_000034~0.ips' : type MESH
00003944: [000000] Finish Load 'anim_skel_walk_swordshield_000034~0' : bundle 
00003944: [------] Start  Load 'anim_skel_walk_body_000035~0.ips' : type MESH
00003944: [000000] Finish Load 'anim_skel_walk_body_000035~0' : bundle 
00003944: [------] Start  Load 'anim_skel_walk_swordshield_000035~0.ips' : type MESH
00003944: [000000] Finish Load 'anim_skel_walk_swordshield_000035~0' : bundle 
00003944: [------] Start  Load 'anim_skel_walk_body_000036~0.ips' : type MESH
00003945: [000001] Finish Load 'anim_skel_walk_body_000036~0' : bundle 
00003945: [------] Start  Load 'anim_skel_walk_swordshield_000036~0.ips' : type MESH
00003945: [000000] Finish Load 'anim_skel_walk_swordshield_000036~0' : bundle 
00003945: [------] Start  Load 'anim_skel_walk_body_000037~0.ips' : type MESH
00003945: [000000] Finish Load 'anim_skel_walk_body_000037~0' : bundle 
00003945: [------] Start  Load 'anim_skel_walk_swordshield_000037~0.ips' : type MESH
00003946: [000001] Finish Load 'anim_skel_walk_swordshield_000037~0' : bundle 
00003946: [------] Start  Load 'anim_skel_walk_body_000038~0.ips' : type MESH
00003947: [000001] Finish Load 'anim_skel_walk_body_000038~0' : bundle 
00003947: [------] Start  Load 'anim_skel_walk_swordshield_000038~0.ips' : type MESH
00003947: [000000] Finish Load 'anim_skel_walk_swordshield_000038~0' : bundle 
00003947: [------] Start  Load 'anim_skel_walk_body_000039~0.ips' : type MESH
00003947: [000000] Finish Load 'anim_skel_walk_body_000039~0' : bundle 
00003947: [------] Start  Load 'anim_skel_walk_swordshield_000039~0.ips' : type MESH
00003947: [000000] Finish Load 'anim_skel_walk_swordshield_000039~0' : bundle 
00003947: [------] Start  Load 'anim_skel_walk_body_000040~0.ips' : type MESH
00003949: [000002] Finish Load 'anim_skel_walk_body_000040~0' : bundle 
00003949: [------] Start  Load 'anim_skel_walk_swordshield_000040~0.ips' : type MESH
00003950: [000001] Finish Load 'anim_skel_walk_swordshield_000040~0' : bundle 
00003951: [------] Start  Load 'skelfight_0~0.ips        ' : type MESH
00003951: [000000] Finish Load 'skelfight_0~0            ' : bundle 
00003951: [------] Start  Load 'skelfight_0~1.ips        ' : type MESH
00003951: [000000] Finish Load 'skelfight_0~1            ' : bundle 
00003951: [------] Start  Load 'skelfight_0~2.ips        ' : type MESH
00003952: [000001] Finish Load 'skelfight_0~2            ' : bundle 
00003952: [------] Start  Load 'skelfight_1~0.ips        ' : type MESH
00003952: [000000] Finish Load 'skelfight_1~0            ' : bundle 
00003952: [------] Start  Load 'skelfight_1~1.ips        ' : type MESH
00003952: [000000] Finish Load 'skelfight_1~1            ' : bundle 
00003952: [------] Start  Load 'skelfight_1~2.ips        ' : type MESH
00003952: [000000] Finish Load 'skelfight_1~2            ' : bundle 
00003952: [------] Start  Load 'skelfight_2~0.ips        ' : type MESH
00003952: [000000] Finish Load 'skelfight_2~0            ' : bundle 
00003952: [------] Start  Load 'skelfight_2~1.ips        ' : type MESH
00003952: [000000] Finish Load 'skelfight_2~1            ' : bundle 
00003953: [------] Start  Load 'skelfight_2~2.ips        ' : type MESH
00003953: [000000] Finish Load 'skelfight_2~2            ' : bundle 
00003953: [------] Start  Load 'skelfight_3~0.ips        ' : type MESH
00003953: [000000] Finish Load 'skelfight_3~0            ' : bundle 
00003953: [------] Start  Load 'skelfight_3~1.ips        ' : type MESH
00003953: [000000] Finish Load 'skelfight_3~1            ' : bundle 
00003953: [------] Start  Load 'skelfight_3~2.ips        ' : type MESH
00003953: [000000] Finish Load 'skelfight_3~2            ' : bundle 
00003953: [------] Start  Load 'skelfight_4~0.ips        ' : type MESH
00003953: [000000] Finish Load 'skelfight_4~0            ' : bundle 
00003954: [------] Start  Load 'skelfight_4~1.ips        ' : type MESH
00003954: [000000] Finish Load 'skelfight_4~1            ' : bundle 
00003954: [------] Start  Load 'skelfight_4~2.ips        ' : type MESH
00003954: [000000] Finish Load 'skelfight_4~2            ' : bundle 
00003954: [------] Start  Load 'skelfight_5~0.ips        ' : type MESH
00003954: [000000] Finish Load 'skelfight_5~0            ' : bundle 
00003954: [------] Start  Load 'skelfight_5~1.ips        ' : type MESH
00003954: [000000] Finish Load 'skelfight_5~1            ' : bundle 
00003954: [------] Start  Load 'skelfight_5~2.ips        ' : type MESH
00003954: [000000] Finish Load 'skelfight_5~2            ' : bundle 
00003954: [------] Start  Load 'skelfight_6~0.ips        ' : type MESH
00003954: [000000] Finish Load 'skelfight_6~0            ' : bundle 
00003954: [------] Start  Load 'skelfight_6~1.ips        ' : type MESH
00003955: [000001] Finish Load 'skelfight_6~1            ' : bundle 
00003955: [------] Start  Load 'skelfight_6~2.ips        ' : type MESH
00003955: [000000] Finish Load 'skelfight_6~2            ' : bundle 
00003955: [------] Start  Load 'skelfight_7~0.ips        ' : type MESH
00003955: [000000] Finish Load 'skelfight_7~0            ' : bundle 
00003955: [------] Start  Load 'skelfight_7~1.ips        ' : type MESH
00003955: [000000] Finish Load 'skelfight_7~1            ' : bundle 
00003955: [------] Start  Load 'skelfight_7~2.ips        ' : type MESH
00003955: [000000] Finish Load 'skelfight_7~2            ' : bundle 
00003955: [------] Start  Load 'skelfight_8~0.ips        ' : type MESH
00003956: [000001] Finish Load 'skelfight_8~0            ' : bundle 
00003956: [------] Start  Load 'skelfight_8~1.ips        ' : type MESH
00003956: [000000] Finish Load 'skelfight_8~1            ' : bundle 
00003956: [------] Start  Load 'skelfight_8~2.ips        ' : type MESH
00003956: [000000] Finish Load 'skelfight_8~2            ' : bundle 
00003956: [------] Start  Load 'skelfight_9~0.ips        ' : type MESH
00003957: [000001] Finish Load 'skelfight_9~0            ' : bundle 
00003957: [------] Start  Load 'skelfight_9~1.ips        ' : type MESH
00003957: [000000] Finish Load 'skelfight_9~1            ' : bundle 
00003957: [------] Start  Load 'skelfight_9~2.ips        ' : type MESH
00003957: [000000] Finish Load 'skelfight_9~2            ' : bundle 
00003957: [------] Start  Load 'skelfight_10~0.ips       ' : type MESH
00003957: [000000] Finish Load 'skelfight_10~0           ' : bundle 
00003957: [------] Start  Load 'skelfight_10~1.ips       ' : type MESH
00003957: [000000] Finish Load 'skelfight_10~1           ' : bundle 
00003957: [------] Start  Load 'skelfight_10~2.ips       ' : type MESH
00003957: [000000] Finish Load 'skelfight_10~2           ' : bundle 
00003957: [------] Start  Load 'skelfight_11~0.ips       ' : type MESH
00003957: [000000] Finish Load 'skelfight_11~0           ' : bundle 
00003957: [------] Start  Load 'skelfight_11~1.ips       ' : type MESH
00003958: [000001] Finish Load 'skelfight_11~1           ' : bundle 
00003958: [------] Start  Load 'skelfight_11~2.ips       ' : type MESH
00003958: [000000] Finish Load 'skelfight_11~2           ' : bundle 
00003958: [------] Start  Load 'skelfight_12~0.ips       ' : type MESH
00003958: [000000] Finish Load 'skelfight_12~0           ' : bundle 
00003958: [------] Start  Load 'skelfight_12~1.ips       ' : type MESH
00003958: [000000] Finish Load 'skelfight_12~1           ' : bundle 
00003958: [------] Start  Load 'skelfight_12~2.ips       ' : type MESH
00003958: [000000] Finish Load 'skelfight_12~2           ' : bundle 
00003958: [------] Start  Load 'skelfight_13~0.ips       ' : type MESH
00003958: [000000] Finish Load 'skelfight_13~0           ' : bundle 
00003958: [------] Start  Load 'skelfight_13~1.ips       ' : type MESH
00003958: [000000] Finish Load 'skelfight_13~1           ' : bundle 
00003958: [------] Start  Load 'skelfight_13~2.ips       ' : type MESH
00003958: [000000] Finish Load 'skelfight_13~2           ' : bundle 
00003958: [------] Start  Load 'skelfight_14~0.ips       ' : type MESH
00003958: [000000] Finish Load 'skelfight_14~0           ' : bundle 
00003958: [------] Start  Load 'skelfight_14~1.ips       ' : type MESH
00003958: [000000] Finish Load 'skelfight_14~1           ' : bundle 
00003958: [------] Start  Load 'skelfight_14~2.ips       ' : type MESH
00003958: [000000] Finish Load 'skelfight_14~2           ' : bundle 
00003958: [------] Start  Load 'skelfight_15~0.ips       ' : type MESH
00003958: [000000] Finish Load 'skelfight_15~0           ' : bundle 
00003958: [------] Start  Load 'skelfight_15~1.ips       ' : type MESH
00003959: [000001] Finish Load 'skelfight_15~1           ' : bundle 
00003959: [------] Start  Load 'skelfight_15~2.ips       ' : type MESH
00003959: [000000] Finish Load 'skelfight_15~2           ' : bundle 
00003959: [------] Start  Load 'skelfight_16~0.ips       ' : type MESH
00003959: [000000] Finish Load 'skelfight_16~0           ' : bundle 
00003959: [------] Start  Load 'skelfight_16~1.ips       ' : type MESH
00003959: [000000] Finish Load 'skelfight_16~1           ' : bundle 
00003959: [------] Start  Load 'skelfight_16~2.ips       ' : type MESH
00003959: [000000] Finish Load 'skelfight_16~2           ' : bundle 
00003959: [------] Start  Load 'skelfight_17~0.ips       ' : type MESH
00003959: [000000] Finish Load 'skelfight_17~0           ' : bundle 
00003959: [------] Start  Load 'skelfight_17~1.ips       ' : type MESH
00003960: [000001] Finish Load 'skelfight_17~1           ' : bundle 
00003960: [------] Start  Load 'skelfight_17~2.ips       ' : type MESH
00003960: [000000] Finish Load 'skelfight_17~2           ' : bundle 
00004037: [------] Start  Load 'anim_skel_walk_sword_000046~0.ips' : type MESH
00004037: [000000] Finish Load 'anim_skel_walk_sword_000046~0' : bundle 
00004037: [------] Start  Load 'anim_skel_walk_sword_000047~0.ips' : type MESH
00004038: [000001] Finish Load 'anim_skel_walk_sword_000047~0' : bundle 
00004038: [------] Start  Load 'anim_skel_walk_sword_000048~0.ips' : type MESH
00004039: [000001] Finish Load 'anim_skel_walk_sword_000048~0' : bundle 
00004040: [------] Start  Load 'anim_skel_walk_sword_000049~0.ips' : type MESH
00004040: [000000] Finish Load 'anim_skel_walk_sword_000049~0' : bundle 
00004040: [------] Start  Load 'anim_skel_walk_sword_000050~0.ips' : type MESH
00004040: [000000] Finish Load 'anim_skel_walk_sword_000050~0' : bundle 
00004040: [------] Start  Load 'anim_skel_walk_sword_000051~0.ips' : type MESH
00004040: [000000] Finish Load 'anim_skel_walk_sword_000051~0' : bundle 
00004040: [------] Start  Load 'anim_skel_walk_sword_000052~0.ips' : type MESH
00004040: [000000] Finish Load 'anim_skel_walk_sword_000052~0' : bundle 
00004041: [------] Start  Load 'anim_skel_walk_sword_000053~0.ips' : type MESH
00004041: [000000] Finish Load 'anim_skel_walk_sword_000053~0' : bundle 
00004041: [------] Start  Load 'anim_skel_walk_sword_000054~0.ips' : type MESH
00004041: [000000] Finish Load 'anim_skel_walk_sword_000054~0' : bundle 
00004041: [------] Start  Load 'anim_skel_walk_sword_000055~0.ips' : type MESH
00004041: [000000] Finish Load 'anim_skel_walk_sword_000055~0' : bundle 
00004041: [------] Start  Load 'anim_skel_walk_sword_000056~0.ips' : type MESH
00004041: [000000] Finish Load 'anim_skel_walk_sword_000056~0' : bundle 
00004041: [------] Start  Load 'anim_skel_walk_sword_000057~0.ips' : type MESH
00004041: [000000] Finish Load 'anim_skel_walk_sword_000057~0' : bundle 
00004041: [------] Start  Load 'anim_skel_walk_sword_000058~0.ips' : type MESH
00004041: [000000] Finish Load 'anim_skel_walk_sword_000058~0' : bundle 
00004042: [------] Start  Load 'anim_skel_walk_sword_000059~0.ips' : type MESH
00004042: [000000] Finish Load 'anim_skel_walk_sword_000059~0' : bundle 
00004042: [------] Start  Load 'anim_skel_walk_sword_000060~0.ips' : type MESH
00004042: [000000] Finish Load 'anim_skel_walk_sword_000060~0' : bundle 
00004042: [------] Start  Load 'anim_skel_walk_sword_000061~0.ips' : type MESH
00004042: [000000] Finish Load 'anim_skel_walk_sword_000061~0' : bundle 
00004042: [------] Start  Load 'anim_skel_walk_sword_000062~0.ips' : type MESH
00004042: [000000] Finish Load 'anim_skel_walk_sword_000062~0' : bundle 
00004043: [------] Start  Load 'anim_skel_walk_sword_000063~0.ips' : type MESH
00004043: [000000] Finish Load 'anim_skel_walk_sword_000063~0' : bundle 
00004043: [------] Start  Load 'anim_skel_walk_sword_000064~0.ips' : type MESH
00004043: [000000] Finish Load 'anim_skel_walk_sword_000064~0' : bundle 
00004043: [------] Start  Load 'anim_skel_walk_sword_000065~0.ips' : type MESH
00004044: [000001] Finish Load 'anim_skel_walk_sword_000065~0' : bundle 
00004045: [------] Start  Load 'anim_skel_walk_sword_000001~0.ips' : type MESH
00004045: [000000] Finish Load 'anim_skel_walk_sword_000001~0' : bundle 
00004045: [------] Start  Load 'anim_skel_walk_sword_000002~0.ips' : type MESH
00004045: [000000] Finish Load 'anim_skel_walk_sword_000002~0' : bundle 
00004045: [------] Start  Load 'anim_skel_walk_sword_000003~0.ips' : type MESH
00004045: [000000] Finish Load 'anim_skel_walk_sword_000003~0' : bundle 
00004046: [------] Start  Load 'anim_skel_walk_sword_000004~0.ips' : type MESH
00004046: [000000] Finish Load 'anim_skel_walk_sword_000004~0' : bundle 
00004046: [------] Start  Load 'anim_skel_walk_sword_000005~0.ips' : type MESH
00004046: [000000] Finish Load 'anim_skel_walk_sword_000005~0' : bundle 
00004046: [------] Start  Load 'anim_skel_walk_sword_000006~0.ips' : type MESH
00004046: [000000] Finish Load 'anim_skel_walk_sword_000006~0' : bundle 
00004046: [------] Start  Load 'anim_skel_walk_sword_000007~0.ips' : type MESH
00004047: [000001] Finish Load 'anim_skel_walk_sword_000007~0' : bundle 
00004047: [------] Start  Load 'anim_skel_walk_sword_000008~0.ips' : type MESH
00004047: [000000] Finish Load 'anim_skel_walk_sword_000008~0' : bundle 
00004047: [------] Start  Load 'anim_skel_walk_sword_000009~0.ips' : type MESH
00004047: [000000] Finish Load 'anim_skel_walk_sword_000009~0' : bundle 
00004048: [------] Start  Load 'anim_skel_walk_sword_000010~0.ips' : type MESH
00004048: [000000] Finish Load 'anim_skel_walk_sword_000010~0' : bundle 
00004048: [------] Start  Load 'anim_skel_walk_sword_000011~0.ips' : type MESH
00004048: [000000] Finish Load 'anim_skel_walk_sword_000011~0' : bundle 
00004049: [------] Start  Load 'anim_skel_walk_sword_000012~0.ips' : type MESH
00004049: [000000] Finish Load 'anim_skel_walk_sword_000012~0' : bundle 
00004049: [------] Start  Load 'anim_skel_walk_sword_000013~0.ips' : type MESH
00004049: [000000] Finish Load 'anim_skel_walk_sword_000013~0' : bundle 
00004049: [------] Start  Load 'anim_skel_walk_sword_000014~0.ips' : type MESH
00004049: [000000] Finish Load 'anim_skel_walk_sword_000014~0' : bundle 
00004050: [------] Start  Load 'anim_skel_walk_sword_000015~0.ips' : type MESH
00004050: [000000] Finish Load 'anim_skel_walk_sword_000015~0' : bundle 
00004050: [------] Start  Load 'anim_skel_walk_sword_000016~0.ips' : type MESH
00004050: [000000] Finish Load 'anim_skel_walk_sword_000016~0' : bundle 
00004050: [------] Start  Load 'anim_skel_walk_sword_000017~0.ips' : type MESH
00004051: [000001] Finish Load 'anim_skel_walk_sword_000017~0' : bundle 
00004051: [------] Start  Load 'anim_skel_walk_sword_000018~0.ips' : type MESH
00004051: [000000] Finish Load 'anim_skel_walk_sword_000018~0' : bundle 
00004051: [------] Start  Load 'anim_skel_walk_sword_000019~0.ips' : type MESH
00004051: [000000] Finish Load 'anim_skel_walk_sword_000019~0' : bundle 
00004051: [------] Start  Load 'anim_skel_walk_sword_000020~0.ips' : type MESH
00004052: [000001] Finish Load 'anim_skel_walk_sword_000020~0' : bundle 
00004052: [------] Start  Load 'anim_skel_walk_sword_000021~0.ips' : type MESH
00004052: [000000] Finish Load 'anim_skel_walk_sword_000021~0' : bundle 
00004052: [------] Start  Load 'anim_skel_walk_sword_000022~0.ips' : type MESH
00004052: [000000] Finish Load 'anim_skel_walk_sword_000022~0' : bundle 
00004052: [------] Start  Load 'anim_skel_walk_sword_000023~0.ips' : type MESH
00004052: [000000] Finish Load 'anim_skel_walk_sword_000023~0' : bundle 
00004053: [------] Start  Load 'anim_skel_walk_sword_000024~0.ips' : type MESH
00004053: [000000] Finish Load 'anim_skel_walk_sword_000024~0' : bundle 
00004053: [------] Start  Load 'anim_skel_walk_sword_000025~0.ips' : type MESH
00004053: [000000] Finish Load 'anim_skel_walk_sword_000025~0' : bundle 
00004053: [------] Start  Load 'anim_skel_walk_sword_000026~0.ips' : type MESH
00004053: [000000] Finish Load 'anim_skel_walk_sword_000026~0' : bundle 
00004053: [------] Start  Load 'anim_skel_walk_sword_000027~0.ips' : type MESH
00004054: [000001] Finish Load 'anim_skel_walk_sword_000027~0' : bundle 
00004054: [------] Start  Load 'anim_skel_walk_sword_000028~0.ips' : type MESH
00004054: [000000] Finish Load 'anim_skel_walk_sword_000028~0' : bundle 
00004054: [------] Start  Load 'anim_skel_walk_sword_000029~0.ips' : type MESH
00004054: [000000] Finish Load 'anim_skel_walk_sword_000029~0' : bundle 
00004054: [------] Start  Load 'anim_skel_walk_sword_000030~0.ips' : type MESH
00004055: [000001] Finish Load 'anim_skel_walk_sword_000030~0' : bundle 
00004055: [------] Start  Load 'anim_skel_walk_sword_000031~0.ips' : type MESH
00004055: [000000] Finish Load 'anim_skel_walk_sword_000031~0' : bundle 
00004056: [------] Start  Load 'anim_skel_walk_sword_000032~0.ips' : type MESH
00004056: [000000] Finish Load 'anim_skel_walk_sword_000032~0' : bundle 
00004056: [------] Start  Load 'anim_skel_walk_sword_000033~0.ips' : type MESH
00004056: [000000] Finish Load 'anim_skel_walk_sword_000033~0' : bundle 
00004056: [------] Start  Load 'anim_skel_walk_sword_000034~0.ips' : type MESH
00004056: [000000] Finish Load 'anim_skel_walk_sword_000034~0' : bundle 
00004056: [------] Start  Load 'anim_skel_walk_sword_000035~0.ips' : type MESH
00004056: [000000] Finish Load 'anim_skel_walk_sword_000035~0' : bundle 
00004057: [------] Start  Load 'anim_skel_walk_sword_000036~0.ips' : type MESH
00004057: [000000] Finish Load 'anim_skel_walk_sword_000036~0' : bundle 
00004057: [------] Start  Load 'anim_skel_walk_sword_000037~0.ips' : type MESH
00004058: [000001] Finish Load 'anim_skel_walk_sword_000037~0' : bundle 
00004058: [------] Start  Load 'anim_skel_walk_sword_000038~0.ips' : type MESH
00004058: [000000] Finish Load 'anim_skel_walk_sword_000038~0' : bundle 
00004058: [------] Start  Load 'anim_skel_walk_sword_000039~0.ips' : type MESH
00004058: [000000] Finish Load 'anim_skel_walk_sword_000039~0' : bundle 
00004058: [------] Start  Load 'anim_skel_walk_sword_000040~0.ips' : type MESH
00004058: [000000] Finish Load 'anim_skel_walk_sword_000040~0' : bundle 
00004700: [------] Start  Load 'nec_walk_00~0.ips        ' : type MESH
00004700: [000000] Finish Load 'nec_walk_00~0            ' : bundle 
00004701: [------] Start  Load 'nec_walk_00~1.ips        ' : type MESH
00004701: [000000] Finish Load 'nec_walk_00~1            ' : bundle 
00004701: [------] Start  Load 'nec_walk_01~0.ips        ' : type MESH
00004701: [000000] Finish Load 'nec_walk_01~0            ' : bundle 
00004701: [------] Start  Load 'nec_walk_01~1.ips        ' : type MESH
00004701: [000000] Finish Load 'nec_walk_01~1            ' : bundle 
00004701: [------] Start  Load 'nec_walk_02~0.ips        ' : type MESH
00004701: [000000] Finish Load 'nec_walk_02~0            ' : bundle 
00004702: [------] Start  Load 'nec_walk_02~1.ips        ' : type MESH
00004702: [000000] Finish Load 'nec_walk_02~1            ' : bundle 
00004702: [------] Start  Load 'nec_walk_03~0.ips        ' : type MESH
00004702: [000000] Finish Load 'nec_walk_03~0            ' : bundle 
00004702: [------] Start  Load 'nec_walk_03~1.ips        ' : type MESH
00004702: [000000] Finish Load 'nec_walk_03~1            ' : bundle 
00004702: [------] Start  Load 'nec_walk_04~0.ips        ' : type MESH
00004703: [000001] Finish Load 'nec_walk_04~0            ' : bundle 
00004703: [------] Start  Load 'nec_walk_04~1.ips        ' : type MESH
00004703: [000000] Finish Load 'nec_walk_04~1            ' : bundle 
00004703: [------] Start  Load 'nec_walk_05~0.ips        ' : type MESH
00004703: [000000] Finish Load 'nec_walk_05~0            ' : bundle 
00004703: [------] Start  Load 'nec_walk_05~1.ips        ' : type MESH
00004703: [000000] Finish Load 'nec_walk_05~1            ' : bundle 
00004704: [------] Start  Load 'nec_walk_06~0.ips        ' : type MESH
00004704: [000000] Finish Load 'nec_walk_06~0            ' : bundle 
00004704: [------] Start  Load 'nec_walk_06~1.ips        ' : type MESH
00004704: [000000] Finish Load 'nec_walk_06~1            ' : bundle 
00004704: [------] Start  Load 'nec_walk_07~0.ips        ' : type MESH
00004704: [000000] Finish Load 'nec_walk_07~0            ' : bundle 
00004704: [------] Start  Load 'nec_walk_07~1.ips        ' : type MESH
00004704: [000000] Finish Load 'nec_walk_07~1            ' : bundle 
00004705: [------] Start  Load 'nec_walk_08~0.ips        ' : type MESH
00004705: [000000] Finish Load 'nec_walk_08~0            ' : bundle 
00004705: [------] Start  Load 'nec_walk_08~1.ips        ' : type MESH
00004705: [000000] Finish Load 'nec_walk_08~1            ' : bundle 
00004705: [------] Start  Load 'nec_walk_09~0.ips        ' : type MESH
00004705: [000000] Finish Load 'nec_walk_09~0            ' : bundle 
00004706: [------] Start  Load 'nec_walk_09~1.ips        ' : type MESH
00004706: [000000] Finish Load 'nec_walk_09~1            ' : bundle 
00004706: [------] Start  Load 'nec_walk_10~0.ips        ' : type MESH
00004706: [000000] Finish Load 'nec_walk_10~0            ' : bundle 
00004706: [------] Start  Load 'nec_walk_10~1.ips        ' : type MESH
00004706: [000000] Finish Load 'nec_walk_10~1            ' : bundle 
00004706: [------] Start  Load 'nec_walk_11~0.ips        ' : type MESH
00004706: [000000] Finish Load 'nec_walk_11~0            ' : bundle 
00004707: [------] Start  Load 'nec_walk_11~1.ips        ' : type MESH
00004707: [000000] Finish Load 'nec_walk_11~1            ' : bundle 
00004707: [------] Start  Load 'nec_walk_12~0.ips        ' : type MESH
00004707: [000000] Finish Load 'nec_walk_12~0            ' : bundle 
00004707: [------] Start  Load 'nec_walk_12~1.ips        ' : type MESH
00004707: [000000] Finish Load 'nec_walk_12~1            ' : bundle 
00004707: [------] Start  Load 'nec_walk_13~0.ips        ' : type MESH
00004707: [000000] Finish Load 'nec_walk_13~0            ' : bundle 
00004708: [------] Start  Load 'nec_walk_13~1.ips        ' : type MESH
00004708: [000000] Finish Load 'nec_walk_13~1            ' : bundle 
00004708: [------] Start  Load 'nec_walk_14~0.ips        ' : type MESH
00004708: [000000] Finish Load 'nec_walk_14~0            ' : bundle 
00004708: [------] Start  Load 'nec_walk_14~1.ips        ' : type MESH
00004709: [000001] Finish Load 'nec_walk_14~1            ' : bundle 
00004709: [------] Start  Load 'nec_walk_15~0.ips        ' : type MESH
00004709: [000000] Finish Load 'nec_walk_15~0            ' : bundle 
00004709: [------] Start  Load 'nec_walk_15~1.ips        ' : type MESH
00004709: [000000] Finish Load 'nec_walk_15~1            ' : bundle 
00004709: [------] Start  Load 'nec_walk_16~0.ips        ' : type MESH
00004709: [000000] Finish Load 'nec_walk_16~0            ' : bundle 
00004709: [------] Start  Load 'nec_walk_16~1.ips        ' : type MESH
00004709: [000000] Finish Load 'nec_walk_16~1            ' : bundle 
00004709: [------] Start  Load 'nec_walk_17~0.ips        ' : type MESH
00004710: [000001] Finish Load 'nec_walk_17~0            ' : bundle 
00004710: [------] Start  Load 'nec_walk_17~1.ips        ' : type MESH
00004710: [000000] Finish Load 'nec_walk_17~1            ' : bundle 
00004710: [------] Start  Load 'nec_walk_18~0.ips        ' : type MESH
00004710: [000000] Finish Load 'nec_walk_18~0            ' : bundle 
00004710: [------] Start  Load 'nec_walk_18~1.ips        ' : type MESH
00004710: [000000] Finish Load 'nec_walk_18~1            ' : bundle 
00004710: [------] Start  Load 'nec_walk_19~0.ips        ' : type MESH
00004710: [000000] Finish Load 'nec_walk_19~0            ' : bundle 
00004710: [------] Start  Load 'nec_walk_19~1.ips        ' : type MESH
00004711: [000001] Finish Load 'nec_walk_19~1            ' : bundle 
00004711: [------] Start  Load 'nec_walk_20~0.ips        ' : type MESH
00004712: [000001] Finish Load 'nec_walk_20~0            ' : bundle 
00004712: [------] Start  Load 'nec_walk_20~1.ips        ' : type MESH
00004712: [000000] Finish Load 'nec_walk_20~1            ' : bundle 
00004716: [------] Start  Load 'nec_cast_00~0.ips        ' : type MESH
00004717: [000001] Finish Load 'nec_cast_00~0            ' : bundle 
00004717: [------] Start  Load 'nec_cast_00~1.ips        ' : type MESH
00004717: [000000] Finish Load 'nec_cast_00~1            ' : bundle 
00004717: [------] Start  Load 'nec_cast_01~0.ips        ' : type MESH
00004717: [000000] Finish Load 'nec_cast_01~0            ' : bundle 
00004717: [------] Start  Load 'nec_cast_01~1.ips        ' : type MESH
00004717: [000000] Finish Load 'nec_cast_01~1            ' : bundle 
00004717: [------] Start  Load 'nec_cast_02~0.ips        ' : type MESH
00004717: [000000] Finish Load 'nec_cast_02~0            ' : bundle 
00004717: [------] Start  Load 'nec_cast_02~1.ips        ' : type MESH
00004717: [000000] Finish Load 'nec_cast_02~1            ' : bundle 
00004718: [------] Start  Load 'nec_cast_03~0.ips        ' : type MESH
00004719: [000001] Finish Load 'nec_cast_03~0            ' : bundle 
00004719: [------] Start  Load 'nec_cast_03~1.ips        ' : type MESH
00004719: [000000] Finish Load 'nec_cast_03~1            ' : bundle 
00004719: [------] Start  Load 'nec_cast_04~0.ips        ' : type MESH
00004719: [000000] Finish Load 'nec_cast_04~0            ' : bundle 
00004719: [------] Start  Load 'nec_cast_04~1.ips        ' : type MESH
00004719: [000000] Finish Load 'nec_cast_04~1            ' : bundle 
00004720: [------] Start  Load 'nec_cast_05~0.ips        ' : type MESH
00004720: [000000] Finish Load 'nec_cast_05~0            ' : bundle 
00004720: [------] Start  Load 'nec_cast_05~1.ips        ' : type MESH
00004720: [000000] Finish Load 'nec_cast_05~1            ' : bundle 
00004720: [------] Start  Load 'nec_cast_06~0.ips        ' : type MESH
00004720: [000000] Finish Load 'nec_cast_06~0            ' : bundle 
00004720: [------] Start  Load 'nec_cast_06~1.ips        ' : type MESH
00004720: [000000] Finish Load 'nec_cast_06~1            ' : bundle 
00004720: [------] Start  Load 'nec_cast_07~0.ips        ' : type MESH
00004720: [000000] Finish Load 'nec_cast_07~0            ' : bundle 
00004720: [------] Start  Load 'nec_cast_07~1.ips        ' : type MESH
00004720: [000000] Finish Load 'nec_cast_07~1            ' : bundle 
00004721: [------] Start  Load 'nec_cast_08~0.ips        ' : type MESH
00004721: [000000] Finish Load 'nec_cast_08~0            ' : bundle 
00004721: [------] Start  Load 'nec_cast_08~1.ips        ' : type MESH
00004721: [000000] Finish Load 'nec_cast_08~1            ' : bundle 
00004722: [------] Start  Load 'nec_cast_09~0.ips        ' : type MESH
00004722: [000000] Finish Load 'nec_cast_09~0            ' : bundle 
00004722: [------] Start  Load 'nec_cast_09~1.ips        ' : type MESH
00004722: [000000] Finish Load 'nec_cast_09~1            ' : bundle 
00004722: [------] Start  Load 'nec_cast_10~0.ips        ' : type MESH
00004722: [000000] Finish Load 'nec_cast_10~0            ' : bundle 
00004722: [------] Start  Load 'nec_cast_10~1.ips        ' : type MESH
00004722: [000000] Finish Load 'nec_cast_10~1            ' : bundle 
00004722: [------] Start  Load 'nec_cast_11~0.ips        ' : type MESH
00004722: [000000] Finish Load 'nec_cast_11~0            ' : bundle 
00004722: [------] Start  Load 'nec_cast_11~1.ips        ' : type MESH
00004723: [000001] Finish Load 'nec_cast_11~1            ' : bundle 
00004723: [------] Start  Load 'nec_cast_12~0.ips        ' : type MESH
00004723: [000000] Finish Load 'nec_cast_12~0            ' : bundle 
00004723: [------] Start  Load 'nec_cast_12~1.ips        ' : type MESH
00004723: [000000] Finish Load 'nec_cast_12~1            ' : bundle 
00004723: [------] Start  Load 'nec_cast_13~0.ips        ' : type MESH
00004723: [000000] Finish Load 'nec_cast_13~0            ' : bundle 
00004723: [------] Start  Load 'nec_cast_13~1.ips        ' : type MESH
00004723: [000000] Finish Load 'nec_cast_13~1            ' : bundle 
00004723: [------] Start  Load 'nec_cast_14~0.ips        ' : type MESH
00004723: [000000] Finish Load 'nec_cast_14~0            ' : bundle 
00004723: [------] Start  Load 'nec_cast_14~1.ips        ' : type MESH
00004723: [000000] Finish Load 'nec_cast_14~1            ' : bundle 
00004723: [------] Start  Load 'nec_cast_15~0.ips        ' : type MESH
00004723: [000000] Finish Load 'nec_cast_15~0            ' : bundle 
00004723: [------] Start  Load 'nec_cast_15~1.ips        ' : type MESH
00004723: [000000] Finish Load 'nec_cast_15~1            ' : bundle 
00004723: [------] Start  Load 'nec_cast_16~0.ips        ' : type MESH
00004723: [000000] Finish Load 'nec_cast_16~0            ' : bundle 
00004723: [------] Start  Load 'nec_cast_16~1.ips        ' : type MESH
00004723: [000000] Finish Load 'nec_cast_16~1            ' : bundle 
00004724: [------] Start  Load 'nec_cast_17~0.ips        ' : type MESH
00004724: [000000] Finish Load 'nec_cast_17~0            ' : bundle 
00004724: [------] Start  Load 'nec_cast_17~1.ips        ' : type MESH
00004725: [000001] Finish Load 'nec_cast_17~1            ' : bundle 
00004725: [------] Start  Load 'nec_cast_18~0.ips        ' : type MESH
00004725: [000000] Finish Load 'nec_cast_18~0            ' : bundle 
00004725: [------] Start  Load 'nec_cast_18~1.ips        ' : type MESH
00004725: [000000] Finish Load 'nec_cast_18~1            ' : bundle 
00004725: [------] Start  Load 'nec_cast_19~0.ips        ' : type MESH
00004726: [000001] Finish Load 'nec_cast_19~0            ' : bundle 
00004726: [------] Start  Load 'nec_cast_19~1.ips        ' : type MESH
00004726: [000000] Finish Load 'nec_cast_19~1            ' : bundle 
00004726: [------] Start  Load 'nec_cast_20~0.ips        ' : type MESH
00004726: [000000] Finish Load 'nec_cast_20~0            ' : bundle 
00004726: [------] Start  Load 'nec_cast_20~1.ips        ' : type MESH
00004726: [000000] Finish Load 'nec_cast_20~1            ' : bundle 
00004727: [------] Start  Load 'nec_cast_21~0.ips        ' : type MESH
00004727: [000000] Finish Load 'nec_cast_21~0            ' : bundle 
00004727: [------] Start  Load 'nec_cast_21~1.ips        ' : type MESH
00004727: [000000] Finish Load 'nec_cast_21~1            ' : bundle 
00004727: [------] Start  Load 'nec_cast_22~0.ips        ' : type MESH
00004727: [000000] Finish Load 'nec_cast_22~0            ' : bundle 
00004727: [------] Start  Load 'nec_cast_22~1.ips        ' : type MESH
00004727: [000000] Finish Load 'nec_cast_22~1            ' : bundle 
00004728: [------] Start  Load 'nec_cast_23~0.ips        ' : type MESH
00004728: [000000] Finish Load 'nec_cast_23~0            ' : bundle 
00004728: [------] Start  Load 'nec_cast_23~1.ips        ' : type MESH
00004728: [000000] Finish Load 'nec_cast_23~1            ' : bundle 
00004729: [------] Start  Load 'nec_cast_24~0.ips        ' : type MESH
00004729: [000000] Finish Load 'nec_cast_24~0            ' : bundle 
00004729: [------] Start  Load 'nec_cast_24~1.ips        ' : type MESH
00004729: [000000] Finish Load 'nec_cast_24~1            ' : bundle 
00004729: [------] Start  Load 'nec_cast_25~0.ips        ' : type MESH
00004729: [000000] Finish Load 'nec_cast_25~0            ' : bundle 
00004729: [------] Start  Load 'nec_cast_25~1.ips        ' : type MESH
00004729: [000000] Finish Load 'nec_cast_25~1            ' : bundle 
00004729: [------] Start  Load 'nec_cast_26~0.ips        ' : type MESH
00004730: [000001] Finish Load 'nec_cast_26~0            ' : bundle 
00004730: [------] Start  Load 'nec_cast_26~1.ips        ' : type MESH
00004730: [000000] Finish Load 'nec_cast_26~1            ' : bundle 
00004730: [------] Start  Load 'nec_cast_27~0.ips        ' : type MESH
00004730: [000000] Finish Load 'nec_cast_27~0            ' : bundle 
00004730: [------] Start  Load 'nec_cast_27~1.ips        ' : type MESH
00004730: [000000] Finish Load 'nec_cast_27~1            ' : bundle 
00004730: [------] Start  Load 'nec_cast_28~0.ips        ' : type MESH
00004730: [000000] Finish Load 'nec_cast_28~0            ' : bundle 
00004730: [------] Start  Load 'nec_cast_28~1.ips        ' : type MESH
00004730: [000000] Finish Load 'nec_cast_28~1            ' : bundle 
00004759: [------] Start  Load 'Necro6                   ' : type TEXTURE
00004776: [000017] Finish Load 'Necro6                   ' : loose 
00004872: [------] Start  Load 'shadow_big~0.ips         ' : type MESH
00004872: [000000] Finish Load 'shadow_big~0             ' : bundle 
00004872: [------] Start  Load 'anim_spider_000046~0.ips ' : type MESH
00004872: [000000] Finish Load 'anim_spider_000046~0     ' : bundle 
00004872: [------] Start  Load 'anim_spider_000001~0.ips ' : type MESH
00004872: [000000] Finish Load 'anim_spider_000001~0     ' : bundle 
00004873: [------] Start  Load 'anim_spider_000003~0.ips ' : type MESH
00004873: [000000] Finish Load 'anim_spider_000003~0     ' : bundle 
00004874: [------] Start  Load 'anim_spider_000005~0.ips ' : type MESH
00004874: [000000] Finish Load 'anim_spider_000005~0     ' : bundle 
00004874: [------] Start  Load 'anim_spider_000007~0.ips ' : type MESH
00004874: [000000] Finish Load 'anim_spider_000007~0     ' : bundle 
00004875: [------] Start  Load 'anim_spider_000009~0.ips ' : type MESH
00004875: [000000] Finish Load 'anim_spider_000009~0     ' : bundle 
00004876: [------] Start  Load 'anim_spider_000011~0.ips ' : type MESH
00004876: [000000] Finish Load 'anim_spider_000011~0     ' : bundle 
00004876: [------] Start  Load 'anim_spider_000013~0.ips ' : type MESH
00004876: [000000] Finish Load 'anim_spider_000013~0     ' : bundle 
00004877: [------] Start  Load 'anim_spider_000015~0.ips ' : type MESH
00004877: [000000] Finish Load 'anim_spider_000015~0     ' : bundle 
00004878: [------] Start  Load 'anim_spider_000017~0.ips ' : type MESH
00004878: [000000] Finish Load 'anim_spider_000017~0     ' : bundle 
00004878: [------] Start  Load 'anim_spider_000019~0.ips ' : type MESH
00004879: [000001] Finish Load 'anim_spider_000019~0     ' : bundle 
00004879: [------] Start  Load 'anim_spider_000021~0.ips ' : type MESH
00004879: [000000] Finish Load 'anim_spider_000021~0     ' : bundle 
00004879: [------] Start  Load 'anim_spider_000047~0.ips ' : type MESH
00004879: [000000] Finish Load 'anim_spider_000047~0     ' : bundle 
00004880: [------] Start  Load 'anim_spider_000048~0.ips ' : type MESH
00004880: [000000] Finish Load 'anim_spider_000048~0     ' : bundle 
00004880: [------] Start  Load 'anim_spider_000049~0.ips ' : type MESH
00004881: [000001] Finish Load 'anim_spider_000049~0     ' : bundle 
00004881: [------] Start  Load 'anim_spider_000050~0.ips ' : type MESH
00004883: [000002] Finish Load 'anim_spider_000050~0     ' : bundle 
00004883: [------] Start  Load 'anim_spider_000051~0.ips ' : type MESH
00004883: [000000] Finish Load 'anim_spider_000051~0     ' : bundle 
00004884: [------] Start  Load 'anim_spider_000052~0.ips ' : type MESH
00004885: [000001] Finish Load 'anim_spider_000052~0     ' : bundle 
00004885: [------] Start  Load 'anim_spider_000053~0.ips ' : type MESH
00004885: [000000] Finish Load 'anim_spider_000053~0     ' : bundle 
00004886: [------] Start  Load 'anim_spider_000054~0.ips ' : type MESH
00004886: [000000] Finish Load 'anim_spider_000054~0     ' : bundle 
00004888: [------] Start  Load 'anim_spider_000055~0.ips ' : type MESH
00004888: [000000] Finish Load 'anim_spider_000055~0     ' : bundle 
00004889: [------] Start  Load 'anim_spider_000056~0.ips ' : type MESH
00004889: [000000] Finish Load 'anim_spider_000056~0     ' : bundle 
00004889: [------] Start  Load 'anim_spider_000057~0.ips ' : type MESH
00004889: [000000] Finish Load 'anim_spider_000057~0     ' : bundle 
00004890: [------] Start  Load 'anim_spider_000058~0.ips ' : type MESH
00004890: [000000] Finish Load 'anim_spider_000058~0     ' : bundle 
00004890: [------] Start  Load 'anim_spider_000059~0.ips ' : type MESH
00004890: [000000] Finish Load 'anim_spider_000059~0     ' : bundle 
00004890: [------] Start  Load 'anim_spider_000060~0.ips ' : type MESH
00004891: [000001] Finish Load 'anim_spider_000060~0     ' : bundle 
00004892: [------] Start  Load 'anim_spider_000061~0.ips ' : type MESH
00004892: [000000] Finish Load 'anim_spider_000061~0     ' : bundle 
00004892: [------] Start  Load 'anim_spider_000062~0.ips ' : type MESH
00004893: [000001] Finish Load 'anim_spider_000062~0     ' : bundle 
00004893: [------] Start  Load 'anim_spider_000063~0.ips ' : type MESH
00004893: [000000] Finish Load 'anim_spider_000063~0     ' : bundle 
00004894: [------] Start  Load 'anim_spider_000064~0.ips ' : type MESH
00004894: [000000] Finish Load 'anim_spider_000064~0     ' : bundle 
00004894: [------] Start  Load 'anim_spider_000065~0.ips ' : type MESH
00004895: [000001] Finish Load 'anim_spider_000065~0     ' : bundle 
00004897: [------] Start  Load 'anim_spider_000002~0.ips ' : type MESH
00004897: [000000] Finish Load 'anim_spider_000002~0     ' : bundle 
00004897: [------] Start  Load 'anim_spider_000004~0.ips ' : type MESH
00004898: [000001] Finish Load 'anim_spider_000004~0     ' : bundle 
00004898: [------] Start  Load 'anim_spider_000006~0.ips ' : type MESH
00004899: [000001] Finish Load 'anim_spider_000006~0     ' : bundle 
00004899: [------] Start  Load 'anim_spider_000008~0.ips ' : type MESH
00004900: [000001] Finish Load 'anim_spider_000008~0     ' : bundle 
00004900: [------] Start  Load 'anim_spider_000010~0.ips ' : type MESH
00004900: [000000] Finish Load 'anim_spider_000010~0     ' : bundle 
00004901: [------] Start  Load 'anim_spider_000012~0.ips ' : type MESH
00004901: [000000] Finish Load 'anim_spider_000012~0     ' : bundle 
00004902: [------] Start  Load 'anim_spider_000014~0.ips ' : type MESH
00004902: [000000] Finish Load 'anim_spider_000014~0     ' : bundle 
00004903: [------] Start  Load 'anim_spider_000016~0.ips ' : type MESH
00004903: [000000] Finish Load 'anim_spider_000016~0     ' : bundle 
00004904: [------] Start  Load 'anim_spider_000018~0.ips ' : type MESH
00004904: [000000] Finish Load 'anim_spider_000018~0     ' : bundle 
00004905: [------] Start  Load 'anim_spider_000020~0.ips ' : type MESH
00004905: [000000] Finish Load 'anim_spider_000020~0     ' : bundle 
00004906: [------] Start  Load 'anim_spider_000022~0.ips ' : type MESH
00004906: [000000] Finish Load 'anim_spider_000022~0     ' : bundle 
00004906: [------] Start  Load 'anim_spider_000023~0.ips ' : type MESH
00004906: [000000] Finish Load 'anim_spider_000023~0     ' : bundle 
00004907: [------] Start  Load 'anim_spider_000024~0.ips ' : type MESH
00004907: [000000] Finish Load 'anim_spider_000024~0     ' : bundle 
00004907: [------] Start  Load 'anim_spider_000025~0.ips ' : type MESH
00004910: [000003] Finish Load 'anim_spider_000025~0     ' : bundle 
00004910: [------] Start  Load 'anim_spider_000026~0.ips ' : type MESH
00004910: [000000] Finish Load 'anim_spider_000026~0     ' : bundle 
00004911: [------] Start  Load 'anim_spider_000027~0.ips ' : type MESH
00004911: [000000] Finish Load 'anim_spider_000027~0     ' : bundle 
00004911: [------] Start  Load 'anim_spider_000028~0.ips ' : type MESH
00004911: [000000] Finish Load 'anim_spider_000028~0     ' : bundle 
00004911: [------] Start  Load 'anim_spider_000029~0.ips ' : type MESH
00004912: [000001] Finish Load 'anim_spider_000029~0     ' : bundle 
00004912: [------] Start  Load 'anim_spider_000030~0.ips ' : type MESH
00004912: [000000] Finish Load 'anim_spider_000030~0     ' : bundle 
00004912: [------] Start  Load 'anim_spider_000031~0.ips ' : type MESH
00004913: [000001] Finish Load 'anim_spider_000031~0     ' : bundle 
00004913: [------] Start  Load 'anim_spider_000032~0.ips ' : type MESH
00004913: [000000] Finish Load 'anim_spider_000032~0     ' : bundle 
00004913: [------] Start  Load 'anim_spider_000033~0.ips ' : type MESH
00004914: [000001] Finish Load 'anim_spider_000033~0     ' : bundle 
00004914: [------] Start  Load 'anim_spider_000034~0.ips ' : type MESH
00004914: [000000] Finish Load 'anim_spider_000034~0     ' : bundle 
00004914: [------] Start  Load 'anim_spider_000035~0.ips ' : type MESH
00004915: [000001] Finish Load 'anim_spider_000035~0     ' : bundle 
00004915: [------] Start  Load 'anim_spider_000036~0.ips ' : type MESH
00004915: [000000] Finish Load 'anim_spider_000036~0     ' : bundle 
00004915: [------] Start  Load 'anim_spider_000037~0.ips ' : type MESH
00004916: [000001] Finish Load 'anim_spider_000037~0     ' : bundle 
00004916: [------] Start  Load 'anim_spider_000038~0.ips ' : type MESH
00004916: [000000] Finish Load 'anim_spider_000038~0     ' : bundle 
00004916: [------] Start  Load 'anim_spider_000039~0.ips ' : type MESH
00004916: [000000] Finish Load 'anim_spider_000039~0     ' : bundle 
00004916: [------] Start  Load 'anim_spider_000040~0.ips ' : type MESH
00004916: [000000] Finish Load 'anim_spider_000040~0     ' : bundle 
00004920: [------] Start  Load 'spider_attack_00~0.ips   ' : type MESH
00004920: [000000] Finish Load 'spider_attack_00~0       ' : bundle 
00004920: [------] Start  Load 'spider_attack_01~0.ips   ' : type MESH
00004920: [000000] Finish Load 'spider_attack_01~0       ' : bundle 
00004920: [------] Start  Load 'spider_attack_02~0.ips   ' : type MESH
00004920: [000000] Finish Load 'spider_attack_02~0       ' : bundle 
00004921: [------] Start  Load 'spider_attack_03~0.ips   ' : type MESH
00004921: [000000] Finish Load 'spider_attack_03~0       ' : bundle 
00004921: [------] Start  Load 'spider_attack_04~0.ips   ' : type MESH
00004921: [000000] Finish Load 'spider_attack_04~0       ' : bundle 
00004921: [------] Start  Load 'spider_attack_05~0.ips   ' : type MESH
00004921: [000000] Finish Load 'spider_attack_05~0       ' : bundle 
00004922: [------] Start  Load 'spider_attack_06~0.ips   ' : type MESH
00004922: [000000] Finish Load 'spider_attack_06~0       ' : bundle 
00004922: [------] Start  Load 'spider_attack_07~0.ips   ' : type MESH
00004922: [000000] Finish Load 'spider_attack_07~0       ' : bundle 
00004922: [------] Start  Load 'spider_attack_08~0.ips   ' : type MESH
00004922: [000000] Finish Load 'spider_attack_08~0       ' : bundle 
00004923: [------] Start  Load 'spider_attack_09~0.ips   ' : type MESH
00004923: [000000] Finish Load 'spider_attack_09~0       ' : bundle 
00004923: [------] Start  Load 'spider_attack_10~0.ips   ' : type MESH
00004923: [000000] Finish Load 'spider_attack_10~0       ' : bundle 
00004923: [------] Start  Load 'spider_attack_11~0.ips   ' : type MESH
00004924: [000001] Finish Load 'spider_attack_11~0       ' : bundle 
00004924: [------] Start  Load 'spider_attack_12~0.ips   ' : type MESH
00004924: [000000] Finish Load 'spider_attack_12~0       ' : bundle 
00004924: [------] Start  Load 'spider_attack_13~0.ips   ' : type MESH
00004924: [000000] Finish Load 'spider_attack_13~0       ' : bundle 
00004925: [------] Start  Load 'spider_attack_14~0.ips   ' : type MESH
00004925: [000000] Finish Load 'spider_attack_14~0       ' : bundle 
00004925: [------] Start  Load 'spider_attack_15~0.ips   ' : type MESH
00004925: [000000] Finish Load 'spider_attack_15~0       ' : bundle 
00004926: [------] Start  Load 'spider_attack_16~0.ips   ' : type MESH
00004926: [000000] Finish Load 'spider_attack_16~0       ' : bundle 
00005099: [------] Start  Load 'arachnarex_hurt          ' : type TEXTURE
00005104: [000005] Finish Load 'arachnarex_hurt          ' : loose MISSING!
00005105: [------] Start  Load 'arachnarex               ' : type TEXTURE
00005230: [000125] Finish Load 'arachnarex               ' : loose 
00005249: [------] Start  Load 'GeneratorGhost1          ' : type TEXTURE
00005264: [000015] Finish Load 'GeneratorGhost1          ' : loose 
00005264: [------] Start  Load 'anim_generatorghost~0.ips' : type MESH
00005265: [000001] Finish Load 'anim_generatorghost~0    ' : bundle 
00005591: [------] Start  Load 'quinotaur4               ' : type TEXTURE
00005609: [000018] Finish Load 'quinotaur4               ' : loose 
00005671: [------] Start  Load 'white                    ' : type TEXTURE
00005674: [000003] Finish Load 'white                    ' : loose 
00005752: [------] Start  Load 'quinotaur2               ' : type TEXTURE
00005772: [000020] Finish Load 'quinotaur2               ' : loose 
00005853: [------] Start  Load 'Barrel1~0.ips            ' : type MESH
00005853: [000000] Finish Load 'Barrel1~0                ' : bundle 
00005853: [------] Start  Load 'BarrelAnimate_000001~0.ips' : type MESH
00005853: [000000] Finish Load 'BarrelAnimate_000001~0   ' : bundle 
00005853: [------] Start  Load 'BarrelAnimate_000002~0.ips' : type MESH
00005854: [000001] Finish Load 'BarrelAnimate_000002~0   ' : bundle 
00005854: [------] Start  Load 'BarrelAnimate_000003~0.ips' : type MESH
00005854: [000000] Finish Load 'BarrelAnimate_000003~0   ' : bundle 
00005854: [------] Start  Load 'BarrelAnimate_000004~0.ips' : type MESH
00005854: [000000] Finish Load 'BarrelAnimate_000004~0   ' : bundle 
00005854: [------] Start  Load 'BarrelAnimate_000005~0.ips' : type MESH
00005854: [000000] Finish Load 'BarrelAnimate_000005~0   ' : bundle 
00005854: [------] Start  Load 'BarrelAnimate_000006~0.ips' : type MESH
00005854: [000000] Finish Load 'BarrelAnimate_000006~0   ' : bundle 
00005854: [------] Start  Load 'BarrelAnimate_000007~0.ips' : type MESH
00005854: [000000] Finish Load 'BarrelAnimate_000007~0   ' : bundle 
00005854: [------] Start  Load 'BarrelAnimate_000008~0.ips' : type MESH
00005854: [000000] Finish Load 'BarrelAnimate_000008~0   ' : bundle 
00005854: [------] Start  Load 'BarrelAnimate_000009~0.ips' : type MESH
00005856: [000002] Finish Load 'BarrelAnimate_000009~0   ' : bundle 
00005856: [------] Start  Load 'BarrelAnimate_000010~0.ips' : type MESH
00005856: [000000] Finish Load 'BarrelAnimate_000010~0   ' : bundle 
00005856: [------] Start  Load 'BarrelAnimate_000011~0.ips' : type MESH
00005856: [000000] Finish Load 'BarrelAnimate_000011~0   ' : bundle 
00005856: [------] Start  Load 'BarrelAnimate_000012~0.ips' : type MESH
00005856: [000000] Finish Load 'BarrelAnimate_000012~0   ' : bundle 
00005857: [------] Start  Load 'BarrelAnimate_000013~0.ips' : type MESH
00005857: [000000] Finish Load 'BarrelAnimate_000013~0   ' : bundle 
00005857: [------] Start  Load 'BarrelAnimate_000014~0.ips' : type MESH
00005857: [000000] Finish Load 'BarrelAnimate_000014~0   ' : bundle 
00005857: [------] Start  Load 'BarrelAnimate_000015~0.ips' : type MESH
00005858: [000001] Finish Load 'BarrelAnimate_000015~0   ' : bundle 
00005858: [------] Start  Load 'BarrelAnimate_000016~0.ips' : type MESH
00005858: [000000] Finish Load 'BarrelAnimate_000016~0   ' : bundle 
00005858: [------] Start  Load 'BarrelWobbleAnimate_000001~0.ips' : type MESH
00005858: [000000] Finish Load 'BarrelWobbleAnimate_000001~0' : bundle 
00005858: [------] Start  Load 'BarrelWobbleAnimate_000002~0.ips' : type MESH
00005858: [000000] Finish Load 'BarrelWobbleAnimate_000002~0' : bundle 
00005858: [------] Start  Load 'BarrelWobbleAnimate_000003~0.ips' : type MESH
00005858: [000000] Finish Load 'BarrelWobbleAnimate_000003~0' : bundle 
00005859: [------] Start  Load 'BarrelWobbleAnimate_000004~0.ips' : type MESH
00005859: [000000] Finish Load 'BarrelWobbleAnimate_000004~0' : bundle 
00005859: [------] Start  Load 'BarrelWobbleAnimate_000005~0.ips' : type MESH
00005859: [000000] Finish Load 'BarrelWobbleAnimate_000005~0' : bundle 
00005859: [------] Start  Load 'BarrelWobbleAnimate_000006~0.ips' : type MESH
00005859: [000000] Finish Load 'BarrelWobbleAnimate_000006~0' : bundle 
00005860: [------] Start  Load 'BarrelWobbleAnimate_000007~0.ips' : type MESH
00005860: [000000] Finish Load 'BarrelWobbleAnimate_000007~0' : bundle 
00005860: [------] Start  Load 'BarrelWobbleAnimate_000008~0.ips' : type MESH
00005860: [000000] Finish Load 'BarrelWobbleAnimate_000008~0' : bundle 
00005860: [------] Start  Load 'BarrelWobbleAnimate_000009~0.ips' : type MESH
00005860: [000000] Finish Load 'BarrelWobbleAnimate_000009~0' : bundle 
00005860: [------] Start  Load 'BarrelWobbleAnimate_000010~0.ips' : type MESH
00005860: [000000] Finish Load 'BarrelWobbleAnimate_000010~0' : bundle 
00005861: [------] Start  Load 'BarrelWobbleAnimate_000011~0.ips' : type MESH
00005861: [000000] Finish Load 'BarrelWobbleAnimate_000011~0' : bundle 
00005861: [------] Start  Load 'BarrelWobbleAnimate_000012~0.ips' : type MESH
00005862: [000001] Finish Load 'BarrelWobbleAnimate_000012~0' : bundle 
00005862: [------] Start  Load 'BarrelWobbleAnimate_000013~0.ips' : type MESH
00005862: [000000] Finish Load 'BarrelWobbleAnimate_000013~0' : bundle 
00005862: [------] Start  Load 'BarrelWobbleAnimate_000014~0.ips' : type MESH
00005862: [000000] Finish Load 'BarrelWobbleAnimate_000014~0' : bundle 
00005862: [------] Start  Load 'BarrelWobbleAnimate_000015~0.ips' : type MESH
00005863: [000001] Finish Load 'BarrelWobbleAnimate_000015~0' : bundle 
00005863: [------] Start  Load 'BarrelWobbleAnimate_000016~0.ips' : type MESH
00005863: [000000] Finish Load 'BarrelWobbleAnimate_000016~0' : bundle 
00005875: [------] Start  Load 'blank                    ' : type TEXTURE
00005875: [000000] Finish Load 'blank                    ' : loose 
00005876: [------] Start  Load 'amaranthring             ' : type TEXTURE
00005877: [000001] Finish Load 'amaranthring             ' : loose 
00005878: [------] Start  Load 'CD1                      ' : type TEXTURE
00005879: [000001] Finish Load 'CD1                      ' : loose 
00005879: [------] Start  Load 'clock                    ' : type TEXTURE
00005882: [000003] Finish Load 'clock                    ' : loose 
00005884: [------] Start  Load 'BookIce                  ' : type TEXTURE
00005888: [000004] Finish Load 'BookIce                  ' : loose 
00005888: [------] Start  Load 'Book~0.ips               ' : type MESH
00005888: [000000] Finish Load 'Book~0                   ' : bundle 
00005888: [------] Start  Load 'BookFire                 ' : type TEXTURE
00005956: [000068] Finish Load 'BookFire                 ' : loose 
00005957: [------] Start  Load 'BookQuest                ' : type TEXTURE
00005961: [000004] Finish Load 'BookQuest                ' : loose 
00005963: [------] Start  Load 'Potion0~0.ips            ' : type MESH
00005963: [000000] Finish Load 'Potion0~0                ' : bundle 
00005963: [------] Start  Load 'PotionIce                ' : type TEXTURE
00005965: [000002] Finish Load 'PotionIce                ' : loose 
00005966: [------] Start  Load 'PotionFire               ' : type TEXTURE
00005968: [000002] Finish Load 'PotionFire               ' : loose 
00006001: [------] Start  Load 'DoorMessage1~0.ips       ' : type MESH
00006001: [000000] Finish Load 'DoorMessage1~0           ' : bundle 
00006001: [------] Start  Load 'DoorMessage2~0.ips       ' : type MESH
00006001: [000000] Finish Load 'DoorMessage2~0           ' : bundle 
00006001: [------] Start  Load 'DoorLock~0.ips           ' : type MESH
00006001: [000000] Finish Load 'DoorLock~0               ' : bundle 
00006001: [------] Start  Load 'DoorSide1F0~0.ips        ' : type MESH
00006002: [000001] Finish Load 'DoorSide1F0~0            ' : bundle 
00006002: [------] Start  Load 'DoorSide2F0~0.ips        ' : type MESH
00006002: [000000] Finish Load 'DoorSide2F0~0            ' : bundle 
00006002: [------] Start  Load 'DoorLockPlainRed         ' : type TEXTURE
00006004: [000002] Finish Load 'DoorLockPlainRed         ' : loose 
00006006: [------] Start  Load 'DoorLockPlainBlue        ' : type TEXTURE
00006008: [000002] Finish Load 'DoorLockPlainBlue        ' : loose 
00006010: [------] Start  Load 'DoorSide1F1~0.ips        ' : type MESH
00006010: [000000] Finish Load 'DoorSide1F1~0            ' : bundle 
00006010: [------] Start  Load 'DoorSide2F1~0.ips        ' : type MESH
00006011: [000001] Finish Load 'DoorSide2F1~0            ' : bundle 
00006011: [------] Start  Load 'DoorSide1F2~0.ips        ' : type MESH
00006011: [000000] Finish Load 'DoorSide1F2~0            ' : bundle 
00006011: [------] Start  Load 'DoorSide2F2~0.ips        ' : type MESH
00006011: [000000] Finish Load 'DoorSide2F2~0            ' : bundle 
00006011: [------] Start  Load 'DoorSide1F3~0.ips        ' : type MESH
00006011: [000000] Finish Load 'DoorSide1F3~0            ' : bundle 
00006011: [------] Start  Load 'DoorSide2F3~0.ips        ' : type MESH
00006012: [000001] Finish Load 'DoorSide2F3~0            ' : bundle 
00006012: [------] Start  Load 'DoorSide1F4~0.ips        ' : type MESH
00006013: [000001] Finish Load 'DoorSide1F4~0            ' : bundle 
00006013: [------] Start  Load 'DoorSide2F4~0.ips        ' : type MESH
00006013: [000000] Finish Load 'DoorSide2F4~0            ' : bundle 
00006013: [------] Start  Load 'DoorSide1F5~0.ips        ' : type MESH
00006013: [000000] Finish Load 'DoorSide1F5~0            ' : bundle 
00006013: [------] Start  Load 'DoorSide2F5~0.ips        ' : type MESH
00006013: [000000] Finish Load 'DoorSide2F5~0            ' : bundle 
00006013: [------] Start  Load 'DoorSide1F6~0.ips        ' : type MESH
00006013: [000000] Finish Load 'DoorSide1F6~0            ' : bundle 
00006013: [------] Start  Load 'DoorSide2F6~0.ips        ' : type MESH
00006013: [000000] Finish Load 'DoorSide2F6~0            ' : bundle 
00006013: [------] Start  Load 'DoorSide1F7~0.ips        ' : type MESH
00006013: [000000] Finish Load 'DoorSide1F7~0            ' : bundle 
00006013: [------] Start  Load 'DoorSide2F7~0.ips        ' : type MESH
00006014: [000001] Finish Load 'DoorSide2F7~0            ' : bundle 
00006014: [------] Start  Load 'DoorSide1F8~0.ips        ' : type MESH
00006014: [000000] Finish Load 'DoorSide1F8~0            ' : bundle 
00006014: [------] Start  Load 'DoorSide2F8~0.ips        ' : type MESH
00006014: [000000] Finish Load 'DoorSide2F8~0            ' : bundle 
00006014: [------] Start  Load 'DoorSide1F9~0.ips        ' : type MESH
00006014: [000000] Finish Load 'DoorSide1F9~0            ' : bundle 
00006014: [------] Start  Load 'DoorSide2F9~0.ips        ' : type MESH
00006014: [000000] Finish Load 'DoorSide2F9~0            ' : bundle 
00006014: [------] Start  Load 'DoorSide1F10~0.ips       ' : type MESH
00006015: [000001] Finish Load 'DoorSide1F10~0           ' : bundle 
00006015: [------] Start  Load 'DoorSide2F10~0.ips       ' : type MESH
00006015: [000000] Finish Load 'DoorSide2F10~0           ' : bundle 
00006047: [------] Start  Load 'BlueSelectorOpaqueSat2AlphaX' : type TEXTURE
00006049: [000002] Finish Load 'BlueSelectorOpaqueSat2AlphaX' : loose 
00006049: [------] Start  Load 'ballR10~0.ips            ' : type MESH
00006049: [000000] Finish Load 'ballR10~0                ' : bundle 
00006052: [------] Start  Load 'RedSelectorOpaqueSat2Alpha' : type TEXTURE
00006055: [000003] Finish Load 'RedSelectorOpaqueSat2Alpha' : loose 
00006622: [------] Start  Load 'panorama_segmented       ' : type TEXTURE
00006865: [000243] Finish Load 'panorama_segmented       ' : loose 
00006866: [------] Start  Load 'intro10c_map_256sq       ' : type TEXTURE
00006903: [000037] Finish Load 'intro10c_map_256sq       ' : loose 
00049622: [------] Start  Load 'trailerTitle0a_partial   ' : type TEXTURE
00049768: [000146] Finish Load 'trailerTitle0a_partial   ' : loose 
00049768: [------] Start  Load 'trailerTitle2_partial    ' : type TEXTURE
00049853: [000085] Finish Load 'trailerTitle2_partial    ' : loose 
00059230: [------] Start  Load 'background_partial       ' : type TEXTURE
00059303: [000073] Finish Load 'background_partial       ' : loose 
00059303: [------] Start  Load 'trailerTitle0a_partial   ' : type TEXTURE
00059383: [000080] Finish Load 'trailerTitle0a_partial   ' : loose 
00059383: [------] Start  Load 'trailerTitle2_partial    ' : type TEXTURE
00059478: [000095] Finish Load 'trailerTitle2_partial    ' : loose 
00059478: [------] Start  Load 'border3_3_bw             ' : type TEXTURE
00059480: [000002] Finish Load 'border3_3_bw             ' : loose 
00059481: [------] Start  Load 'border3_3                ' : type TEXTURE
00059490: [000009] Finish Load 'border3_3                ' : loose 
00059491: [------] Start  Load 'RelicLogoInGame_x2       ' : type TEXTURE
00059620: [000129] Finish Load 'RelicLogoInGame_x2       ' : loose 
00062624: [------] Start  Load 'background_partial       ' : type TEXTURE
00062699: [000075] Finish Load 'background_partial       ' : loose 
00062699: [------] Start  Load 'panorama_segmented3      ' : type TEXTURE
00062936: [000237] Finish Load 'panorama_segmented3      ' : loose 
00079309: [------] Start  Load 'darkborder               ' : type TEXTURE
00079328: [000019] Finish Load 'darkborder               ' : loose 
00082384: [------] Start  Load 'FutureTop                ' : type TEXTURE
00082407: [000023] Finish Load 'FutureTop                ' : loose 
00082407: [------] Start  Load 'ex_Floor1~0.ips          ' : type MESH
00082407: [000000] Finish Load 'ex_Floor1~0              ' : bundle 
00082407: [------] Start  Load 'ex_Top0~0.ips            ' : type MESH
00082407: [000000] Finish Load 'ex_Top0~0                ' : bundle 
00082407: [------] Start  Load 'Baked_UpStairsL_11       ' : type TEXTURE
00082437: [000030] Finish Load 'Baked_UpStairsL_11       ' : loose 
00082437: [------] Start  Load 'ex_NewUpStairs~0.ips     ' : type MESH
00082438: [000001] Finish Load 'ex_NewUpStairs~0         ' : bundle 
00082438: [------] Start  Load 'ex_2UpStairsTop~0.ips    ' : type MESH
00082438: [000000] Finish Load 'ex_2UpStairsTop~0        ' : bundle 
00082438: [------] Start  Load 'Baked_DownStairs_11      ' : type TEXTURE
00082460: [000022] Finish Load 'Baked_DownStairs_11      ' : loose 
00082460: [------] Start  Load 'ex_2DownStairs~0.ips     ' : type MESH
00082460: [000000] Finish Load 'ex_2DownStairs~0         ' : bundle 
00082460: [------] Start  Load 'TileFloor10              ' : type TEXTURE
00082500: [000040] Finish Load 'TileFloor10              ' : loose 
00082500: [------] Start  Load 'ex_2DownStairsFloor~0.ips' : type MESH
00082500: [000000] Finish Load 'ex_2DownStairsFloor~0    ' : bundle 
00082500: [------] Start  Load 'TileFloor10Alt           ' : type TEXTURE
00082530: [000030] Finish Load 'TileFloor10Alt           ' : loose 
00082530: [------] Start  Load 'Stone12                  ' : type TEXTURE
00082556: [000026] Finish Load 'Stone12                  ' : loose 
00082556: [------] Start  Load 'Stone12Alt               ' : type TEXTURE
00082587: [000031] Finish Load 'Stone12Alt               ' : loose 
00082588: [------] Start  Load 'ex_EdgeZWrite~0.ips      ' : type MESH
00082589: [000001] Finish Load 'ex_EdgeZWrite~0          ' : bundle 
00082589: [------] Start  Load 'ex_Edge~0.ips            ' : type MESH
00082589: [000000] Finish Load 'ex_Edge~0                ' : bundle 
00082589: [------] Start  Load 'ex_EdgeOuter~0.ips       ' : type MESH
00082589: [000000] Finish Load 'ex_EdgeOuter~0           ' : bundle 
00082589: [------] Start  Load 'ex_EdgeInner~0.ips       ' : type MESH
00082589: [000000] Finish Load 'ex_EdgeInner~0           ' : bundle 
00082590: [------] Start  Load 'ex_3OutCornerTop~0.ips   ' : type MESH
00082590: [000000] Finish Load 'ex_3OutCornerTop~0       ' : bundle 
00082590: [------] Start  Load 'WallTypesB_11            ' : type TEXTURE
00082669: [000079] Finish Load 'WallTypesB_11            ' : loose 
00082671: [------] Start  Load 'ex_3OutCorner~0.ips      ' : type MESH
00082671: [000000] Finish Load 'ex_3OutCorner~0          ' : bundle 
00082671: [------] Start  Load 'ex_3Column~0.ips         ' : type MESH
00082671: [000000] Finish Load 'ex_3Column~0             ' : bundle 
00082671: [------] Start  Load 'WallTypesA_11            ' : type TEXTURE
00082849: [000178] Finish Load 'WallTypesA_11            ' : loose 
00082851: [------] Start  Load 'ex_3CornerTop~0.ips      ' : type MESH
00082851: [000000] Finish Load 'ex_3CornerTop~0          ' : bundle 
00082851: [------] Start  Load 'ex_3Corner~0.ips         ' : type MESH
00082851: [000000] Finish Load 'ex_3Corner~0             ' : bundle 
00082852: [------] Start  Load 'ex_3WallTop~0.ips        ' : type MESH
00082852: [000000] Finish Load 'ex_3WallTop~0            ' : bundle 
00082852: [------] Start  Load 'ex_3Wall~0.ips           ' : type MESH
00082852: [000000] Finish Load 'ex_3Wall~0               ' : bundle 
00082853: [------] Start  Load 'AlienArch                ' : type TEXTURE
00082864: [000011] Finish Load 'AlienArch                ' : loose 
00082864: [------] Start  Load 'ex_3Arch~0.ips           ' : type MESH
00082864: [000000] Finish Load 'ex_3Arch~0               ' : bundle 
00082865: [------] Start  Load 'ex_CrateSimple~0.ips     ' : type MESH
00082865: [000000] Finish Load 'ex_CrateSimple~0         ' : bundle 
00082865: [------] Start  Load 'MapOutsideSmall          ' : type TEXTURE
00082867: [000002] Finish Load 'MapOutsideSmall          ' : loose 
00082885: [------] Start  Load 'ex_Market~0.ips          ' : type MESH
00082886: [000001] Finish Load 'ex_Market~0              ' : bundle 
00082887: [------] Start  Load 'ex_Tent~0.ips            ' : type MESH
00082887: [000000] Finish Load 'ex_Tent~0                ' : bundle 
00082889: [------] Start  Load 'ex_Generator~0.ips       ' : type MESH
00082889: [000000] Finish Load 'ex_Generator~0           ' : bundle 
00083821: [------] Start  Load 'health_small_shadow3     ' : type TEXTURE
00083826: [000005] Finish Load 'health_small_shadow3     ' : loose 
00084040: [------] Start  Load 'fire1                    ' : type TEXTURE
00084069: [000029] Finish Load 'fire1                    ' : loose 
00084078: [------] Start  Load 'dropshadow               ' : type TEXTURE
00084080: [000002] Finish Load 'dropshadow               ' : loose 
00084134: [------] Start  Load 'red2                     ' : type TEXTURE
00084149: [000015] Finish Load 'red2                     ' : loose 
00084727: [------] Start  Load 'health_border            ' : type TEXTURE
00084739: [000012] Finish Load 'health_border            ' : loose 
00084739: [------] Start  Load 'blue2                    ' : type TEXTURE
00084748: [000009] Finish Load 'blue2                    ' : loose 
00084748: [------] Start  Load 'green2                   ' : type TEXTURE
00084763: [000015] Finish Load 'green2                   ' : loose 
00084763: [------] Start  Load 'barb-icon64              ' : type TEXTURE
00084767: [000004] Finish Load 'barb-icon64              ' : loose 
00084767: [------] Start  Load 'shield1                  ' : type TEXTURE
00084772: [000005] Finish Load 'shield1                  ' : loose 
00085081: [------] Start  Load 'green_glow3              ' : type TEXTURE
00085096: [000015] Finish Load 'green_glow3              ' : loose 
00087749: [------] Start  Load 'fire2                    ' : type TEXTURE
00087811: [000062] Finish Load 'fire2                    ' : loose 
00087828: [------] Start  Load 'magic2_opaq_hilite       ' : type TEXTURE
00087845: [000017] Finish Load 'magic2_opaq_hilite       ' : loose 
00088330: [------] Start  Load 'CylinderEffect2Small     ' : type TEXTURE
00088406: [000076] Finish Load 'CylinderEffect2Small     ' : loose 
00088416: [------] Start  Load 'blueringfirepotion_opaq_hilite' : type TEXTURE
00088433: [000017] Finish Load 'blueringfirepotion_opaq_hilite' : loose 
00092920: [------] Start  Load 'yellow_glow3             ' : type TEXTURE
00092984: [000064] Finish Load 'yellow_glow3             ' : loose 
00097609: [------] Start  Load 'FireSelectorOpaqueSat2   ' : type TEXTURE
00097675: [000066] Finish Load 'FireSelectorOpaqueSat2   ' : loose 
00101091: [------] Start  Load 'yellow2                  ' : type TEXTURE
00101216: [000125] Finish Load 'yellow2                  ' : loose 
00108779: [------] Start  Load 'purple_glow_full2        ' : type TEXTURE
00108782: [000003] Finish Load 'purple_glow_full2        ' : loose 
00108782: [------] Start  Load 'BlueSelectorOpaqueSat2Alpha' : type TEXTURE
00108868: [000086] Finish Load 'BlueSelectorOpaqueSat2Alpha' : loose 
00108868: [------] Start  Load 'BlueSelectorOpaqueSat2   ' : type TEXTURE
00108898: [000030] Finish Load 'BlueSelectorOpaqueSat2   ' : loose 
00257236: [------] Start  Load 'border88_dark            ' : type TEXTURE
00257301: [000065] Finish Load 'border88_dark            ' : loose 
