   1   33    5   17   21   32    9   13   37 
   1   33    5   21   17    9   32   13   37    4 
   1    5   33   17    9   21   32   13   37    4 
   1   33    5   17    9   21   32   13   37    4 
   1   33    5   17    9   21   32   13   37    4 
   1   33    5   17    9   21   32   13   37    4 
   1   33    5   17    9   21   32   13   37    4 
   1   33    5   17    9   21   32   13   37    4 
   1   33    5   17    9   21   32   13   37    4 
   1   33    5    9   17   21   32   13   37 
   1   33    5    9   17   21   32   13   37 
   1   33    5    9   17   21   32   13   37    4 
   1    5   33    9   17   21   32   13   37    4 
   1    5   33    9   17   21   32   13   37    4 
   1    5   33    9   17   21   32   13   37    4 
   1    5   33    9   17   21   32   13   37    4 
   1    5   33    9   17   21   32   13   37    4 
   1    5   33    9   17   21   32   13   37    4 
   1    5   33    9   17   32   21   13   37    4 
   1   33    9    5   17   32   21   13   37    4 
   1   33    9    5   17   32   21   13   37    4 
   1   33    9    5   17   32   21   13   37    4 
   1   33    9    5   17   32   21   13   37    4 
   1   33    9    5   17   32   21   13   37    4 
   1   33    9    5   17   32   21   13   37    4 
   1   33    9    5   17   32   21   13   37    4 
   1   33    9    5   17   32   21   13   37    4 
   1   33    9    5   17   32   21   13   37    4 
   1   33    9    5   17   32   21   13   37    4 
   1   33    9    5   17   32   21   13   37    4 
   1    5    9   33   17   21   32   13   37    4 
   1    5    9   33   17   21   32   13   37    4 
   1    5    9   33   17   21   32   13   37    4 
   1    5    9   33   17   21   32   13   37    4 
   1    5    9   33   17   21   32   13   37    4 
   1   33    5    9   17   21   32   13   37    4 
   1    5   33    9   17   21   32   13   37    4 
   1    5   33    9   17   21   32   13   37    4 
   1   33    5    9   17   21   32   13   37    4 
   1   33    5    9   17   21   32   13   37    4 
   1   33    5    9   17   21   32   13   37    4 
   1   33    5    9   17   32   21   13   37    4 
   1   33    9    5   17   32   21   13   37    4 
   1    9    5   33   17   32   21   13   37    4 
   1    9    5   33   17   32   21   13   37    4 
   1    9    5   33   17   32   21   13   37    4 
   1    9   33    5   17   32   21   13   37    4 
   1    9    5   33   17   32   21   13   37    4 
   1    9   33    5   17   32   21   13   37    4 
   1    9   33    5   17   32   21   13   37    4 
   1    9   33    5   17   32   21   13   37    4 
   1    9    5   33   17   32   21   13   37    4 
   1   33    9    5   17   32   21   13   37    4 
   1    5    9   33   17   32   21   37   13    4 
   1   33    9    5   17   32   21   13   37    4 
   1   33    9    5   17   32   21   13   37 
   1   33    9    5   17   32   21   13   37    4 
   1   33    9    5   17   32   21   37   13    4 
   1   33    9    5   17   32   21   37   13    4 
   1   33    9    5   17   32   21   37   13    4 
   1   33    9    5   17   32   21   37   13    4 
   1   33    9    5   17   32   21   13   37    4 
   1   33    9    5   17   32   21   13   37    4 
   1   33    9    5   17   32   21   13   37    4 
   1    9   33    5   17   32   21   13   37    4 
   1   33    9    5   17   32   21   13   37    4 
   1   33    9    5   17   32   21   13   37    4 
   1   33    9    5   17   32   21   13   37 
   1   33    9    5   17   32   21   13   37 
   1   33    9    5   17   32   21   13   37 
   1    9   33    5   17   32   21   13   37 
   1    9   33    5   17   32   21   13   37 
   1    9   33    5   17   32   21   13   37 
   1    9   33    5   17   32   13   21   37 
   1    9   33    5   17   32   21   13   37 
   1    9   33    5   17   32   21   13   37 
   1    9   33    5   17   32   21   13   37 
   1    9   33    5   17   32   21   13   37   36 
   1    9   33    5   17   32   13   21   36   37 
   1    9   33    5   17   32   13   21   36   37 
   1    9   33    5   17   32   13   21   36   37 
   1    9   33    5   17   32   13   21   36   37 
   1   33    9    5   17   32   13   21   36   37 
   1    9   33    5   17   32   13   21   36   37 
   1    9   33    5   17   32   13   21   36   37 
   1    9   33    5   17   32   13   21   36   37 
   1   33    9    5   17   32   13   21   36   37 
   1   33    9    5   17   32   13   21   36   37 
   1   33    9    5   17   32   13   21   36   37 
   1   33    9    5   32   17   13   21   36   37 
   1   33    9    5   32   17   13   21   36   37 
   1   33    9    5   32   17   13   21   36   37 
   1   33    9    5   32   17   13   21   36   37 
   1   33    9    5   32   17   13   21   36   37 
   1   33    9    5   32   17   13   21   36   37 
   1   33    9    5   32   17   13   21   36   37 
   1    9   33    5   32   17   13   21   36   37 
   1   33    9    5   32   17   13   21   36   37 
   1    9   33    5   32   17   13   21   36   37 
   1    9   33    5   32   17   13   21   36   37 
   1    9   33    5   32   17   13   21   36   37 
   1    9   33    5   32   17   13   21   36   37 
   1    9   33    5   32   17   13   21   36   37 
   1    9   33    5   32   17   13   21   36   37 
   1    9   33    5   32   17   13   21   36   37 
   1   33    9    5   32   17   13   21   36   37 
   1    9   33    5   17   32   13   21   36   37 
   1    9   33    5   17   32   13   21   36   37 
   1    9   33    5   17   32   13   21   36   37 
   1    9   33    5   17   32   13   21   36   37 
   1   33    9    5   17   32   13   21   36   37 
   1   33    9    5   17   32   13   21   36   37 
   1   33    9    5   17   32   13   21   36   37 
   1   33    9    5   17   32   13   21   36   37 
   1    9   33    5   17   32   13   21   36   37 
   1    9   33    5   17   32   13   21   36   37 
   1    9   33    5   32   17   13   21   36   37 
   1    9   33    5   32   17   13   21   36   37 
   1    9   33    5   17   32   13   21   36   37 
   1    9   33    5   17   32   13   21   36   37 
   1    9   33    5   17   32   13   21   36   37 
   1    9   33    5   17   32   13   21   36   37 
   1    9   33    5   32   17   13   36   21   37 
   1    9   33    5   32   17   13   21   36   37 
   1    9   33    5   32   17   13   36   21   37 
   1    9   33    5   32   17   13   36   21   37 
   1    9   33    5   17   32   13   36   21   37 
   1    9   33    5   32   17   13   36   21   37 
   1   33    9    5   32   17   13   36   21   37 
   1   33    9    5   32   17   13   36   21   37 
   1   33    9   32    5   17   13   36   21   37 
   1   33    9   32    5   17   13   36   21   37 
   1   33    9   32    5   17   13   36   21   37 
   1   33    9   32    5   17   13   36   21   37 
   1   33    9   32    5   17   13   36   37   21 
   1   33    9   32    5   17   13   36   37   21 
   1   33    9   32    5   17   13   36   21   37 
   1   33    9   32    5   17   13   36   21   37 
   1   33    9   32    5   17   13   36   37   21 
   1   33    9   32    5   17   13   36   37   21 
   1   33    9   32    5   17   13   36   21   37 
   1   33    9   32    5   17   13   36   37   21 
   1   33    9   32    5   17   13   36   21   37 
   1   33    9   32    5   17   13   36   37   21 
   1   33    9   32    5   17   13   36   37   21 
   1   33    9   32    5   17   13   36   37   21 
   1   33    9   32    5   17   13   36   37   21 
   1   33    9   32    5   17   13   36   37   21 
   1   33    9   32    5   17   13   36   37   21 
   1   33    9    5   32   17   13   36   37   21 
   1   33    9   32    5   17   13   36   37   21 
   1   33    9    5   32   17   13   36   37   21 
   1   33    9   32    5   17   13   36   37   21 
   1   33    9    5   32   17   13   36   37   21 
   1   33    9   32    5   13   17   36   37   21 
   1    9   33    5   32   17   13   36   21   37 
   1   33    9   32    5   17   13   36   37   21 
   1   33    9    5   17   32   13   21   36   37 
   1   33   32    9   13   17    5   36   37   21    4 
   1   33   32    9   17   13    5   36   37   21 
   1   33   32    9   17   13    5   36   37   21 
   1   33   32    9   17   13    5   36   37   21 
   1   33   32    9   17   13    5   36   37   21 
   1   33   32    9   17   13    5   36   37   21 
   1   33   32    9   17   13    5   36   37   21 
   1   33   32    9   17   13    5   36   37   21 
   1   33   32    9   17    5   13   36   37   21 
   1   33    9   32   17    5   13   36   37   21 
   1   33    9   32   17    5   13   36   37   21 
   1   33    9   32   17    5   13   36   37   21 
   1   33    9   32    5   17   13   36   37   21 
   1   33    9   32    5   17   13   36   37   21 
   1   33    9   32    5   17   13   36   37   21 
   1   33    9   32    5   17   13   36   37   21 
   1   33    9   32    5   17   13   36   37   21 
   1   33    9   32    5   17   13   36   37   21 
   1   33    9   32    5   17   13   36   37   21 
   1   33    9   32    5   17   13   36   37   21 
   1   33    9   32    5   17   13   36   37   21 
   1   33    9   32    5   17   13   36   37   21 
   1   33    9   32    5   17   13   36   37   21 
   1   33    9   32    5   17   13   36   37   21 
   1   33    9   32    5   17   13   36   37   21 
   1   33    9   32    5   17   13   36   37   21 
   1   33    9   32    5   17   13   36   37   21 
   1   33    9   32    5   17   13   36   37   21 
   1   33    9   32    5   17   13   36   37   21 
   1   33    9   32    5   17   13   36   37   21 
   1   33    9   32    5   17   13   36   37   21 
   1   33    9   32    5   17   13   36   37   21 
   1   33    9   32    5   17   13   36   37   21 
   1   33    9   32    5   17   13   36   37   21 
   1   33   32    9   17    5   13   36   37   21 
   1   33    9   32    5   17   13   36   37   21 
   1   33   32    9   17   13    5   36   37   21 
   1   33    9   32    5   17   13   36   37   21 
   1   32   33    9    5   17   13   36   37   21 
   1   32   33    9    5   13   17   36   37   21 
   1   32   33    9    5   13   17   36   37   21 
   1   32   33    9    5   13   17   36   37   21 
   1   32   33    9   13    5   17   36   37   21 
   1   33   32    9   13    5   17   36   37   21 
   1   33   32    9   13    5   36   17   37   21 
   1   33   32    9   13    5   17   36   37   21 
   1   33   32    9   13    5   17   36   37   21 
   1   33   32    9   13    5   17   36   37   21 
   1   33   32    9   13    5   36   17   37   21 
   1   33   32    9   13    5   17   36   37   21 
   1   33   32    9   13    5   36   17   37   21 
   1   33   32    9   13   36    5   17   37   21 
   1   33   32    9   13   36   17    5   37   21 
   1   33   32    9   13   36   17    5   37   21 
   1   32   33    9   13   36   17    5   37   21 
   1   32   33    9   13   36   17    5   37   21 
   1   32   33    9   13   36   17    5   37   21 
   1   32   33    9   13   36   17    5   37   21 
   1   32   33    9   13   36   17    5   37   21 
   1   32   33    9   13   36   17    5   37   21 
   1   32   33    9   13   36   17   37    5   21 
   1   32   33   13    9   36   17   37    5   21 
   1   32   33    9   13   36   17   37    5   21 
   1   32   33   13    9   36   17   37    5   21 
   1   32   33   13    9   36   17   37    5   21 
   1   32   33   13    9   36   17   37    5   21 
   1   32   33   13    9   36   17   37    5   21 
   1   32   33   13    9   36   17   37    5   21 
   1   32   33   13    9   36   17   37    5   21 
   1   32   33   13    9   36   17   37    5   21 
   1   32   33   13    9   36   17   37    5   21 
   1   32   33   13   36    9   17   37    5   21 
   1   32   33   36   13    9   17   37    5   21 
   1   32   33   36   13    9   17   37    5   21 
   1   32   33   36   13    9   17   37    5   21 
   1   32   33   36   13    9   37   17    5   21 
   1   32   33   36   13    9   37   17    5   21 
   1   32   33   36   13    9   37   17    5   21 
   1   32   33   36   13    9   37   17    5   21 
   1   32   33   36   13    9   37   17    5   21 
   1   32   33   36   13    9   37   17    5   21 
   1   32   33   36   13    9   37   17    5   21 
   1   32   33   36   13    9   37   17    5   21 
   1   32   33   36   13    9   37   17    5   21 
   1   32   33   36   13    9   37   17    5   21 
   1   32   33   36   13    9   37   17    5   21 
   1   32   33   36   13    9   37   17    5   21 
   1   32   33   36   13    9   17   37    5   21 
   1   32   33   36   13    9   37   17    5   21 
   1   32   33   36   13    9   37   17    5   21 
   1   32   33   36   13    9   37   17    5   21 
   1   32   33   36   13    9   37   17    5   21 
   1   32   33   36   13    9   37   17    5   21 
   1   32   33   36   13    9   37   17    5   21 
   1   32   36   33   13    9   37   17    5   21 
   1   32   33   36   13    9   17   37    5   21 
   1   32   33   36   13    9   17   37    5   21 
   1   32   36   33   13   37    9   17    5   21 
   1   32   33   13    9   36   17   37    5   21 
   1   33   32   13    9   36   17   37    5   21 
   1   33   32   13    9   36   17   37    5   21 
   1   32   33   13    9   36   17   37    5   21 
   1   32   33    9   13   36   17   37    5   21 
   1   32   33    9   13   36   17   37    5   21 
   1   33   32    9   13   36   17   37    5   21 
   1   33   32    9   13   36   17   37    5   21 
   1   33   32    9   13   36   17   37    5   21 
   1   32   33    9   13   36   17   37    5   21 
   1   33   32    9   13   36   17   37    5   21 
   1   33   32    9   36   13   17   37    5   21 
   1   33   32    9   36   13   17   37    5   21 
   1   33   32    9   13   36   17   37    5   21 
   1   33   32    9   13   36   17   37    5   21 
   1   33   32    9   13   36   17   37    5   21 
   1   33   32    9   13   36   17   37    5   21 
   1   33   32    9   13   36   17   37    5   21 
   1   33   32    9   13   17   36   37    5   21 
   1   33   32    9   13   17   36   37    5   21 
   1   33   32    9   13   17   36   37    5   21 
   1   33   32    9   13   36   17   37    5   21 
   1   33   32    9   13   36   17   37    5   21 
   1   33   32    9   36   13   17   37    5   21 
   1   33   32    9   36   13   17   37    5   21 
   1   33   32    9   36   13   17   37    5   21 
   1   33   32    9   36   13   17   37    5   21 
   1   33   32    9   36   13   17   37    5   21 
   1   33   32    9   36   13   17   37    5   21 
   1   33   32    9   36   13   17   37    5   21 
   1   33   32    9   36   13   17   37    5   21 
   1   33   32    9   36   13   17   37    5   21 
   1   33   32    9   36   13   17   37    5   21 
   1   33   32    9   36   13   17   37    5   21 
   1   33   32    9   36   13   17   37    5   21 
   1   33    9   32   17   13   36   37   21 
   1   33   32    9   36   13   17   37   21 
   1   33    9   32   17   13   36   37 
   1    9   33   17   32   13   36   37 
   1   33   32    9   17   36   13   37    5   21 
   1   33    9   32   17   13   36   37 
   1   33    9   32   17   13   36   37 
   1   33    9   32   17   13   36   37    5   21 
   1    9   33   32   17   13   36   37    5   21 
   1    9   33   32   17   13   36   37    5   21 
   1    9   33   17   32   13   36   37    5   21 
   1   33    9   17   32   13   36   37    5   21 
   1   33    9   17   32   13   36   37    5   21 
   1   33    9   17   32   13   36   37    5   21 
   1   33    9   17   32   13   36   37    5   21 
   1   33    9   32   17   13   36   37    5   21 
   1   33    9   17   32   13   36   37    5   21 
   1   33    9   32   17   13   36   37    5   21 
   1   33    9   32   17   13   36   37    5   21 
   1   33    9   32   17   13   36   37 
   1   33    9   32   17   13   36   37 
   1   33    9   32   17   13   36   37 
   1   33    9   32   17   13   36   37 
   1    9   33   32   17   13   36   37 
   1   33    9   32   17   36   13   37 
   1   33    9   32   17   36   13   37 
   1   33    9   32   36   17   13   37 
   1   33    9   32   36   17   13   37 
   1   33    9   32   17   36   13   37 
   1   33    9   32   36   17   13   37 
   1   33    9   32   17   13   36   37 
   1   33   32    9   36   13   17   37 
   1   33    9   32   17   13   36   37 
   1   33   32    9   13   36   17   37 
   1    9   33   17   32   13   36   37 
   1   33    9   32   17   13   36   37 
   1   33    9   32   17   13   36   37 
   1   33    9   32   17   13   36   37 
   1   33    9   17   32   13   36   37 
   1    9   33   17   32   13   36   37 
   1    9   33   17   32   13   36   37 
   1    9   33   17   32   13   36   37 
   1    9   33   17   32   13   36   37 
   1    9   33   17   32   13   36   37    5   21 
   1    9   33   17   32   13   36   37    5   21 
   1    9   33   17   32   13   36   37    5   21 
   1    9   33   17   32   13   36   37    5   21 
   1    9   33   17   32   13   36   37    5   21 
   1    9   33   17   32   13   36   37    5   21 
   1    9   33   17   32   13   36   37    5   21 
   1   33    9   17   32   13   36   37    5 
   1   33    9   17   32   13   36   37    5 
   1    9   33   17   32   13   36   37    5 
   1   33    9   17   32   13   36   37    5 
   1   33    9   17   32   13   36   37    5 
   1   33    9   17   32   13   36   37    5 
   1   33    9   17   32   13   36   37    5 
   1   33    9   17   32   13   36   37    5 
   1   33    9   17   32   13   36   37    5 
   1   33    9   17   32   13   36   37    5 
   1   33    9   17   32   13   36   37    5 
   1   33    9   17   32   13   36   37    5 
   1   33    9   17   32   13   36   37    5 
   1   33    9   17   13   32   36   37    5 
   1   33    9   17   13   32   36   37    5   21 
   1   33    9   17   13   32   36   37    5   21 
   1   33    9   17   13   32   36   37    5 
   1   33    9   17   13   32   36   37    5 
   1   33    9   13   17   32   36   37    5 
   1   33    9   13   17   32   36   37    5   21 
   1   33    9   17   13   32   36   37    5   21 
   1   33    9   13   17   32   36   37    5 
   1   33    9   13   17   32   36   37    5 
   1   33    9   13   17   32   36   37    5 
   1   33    9   13   17   32   36   37    5 
   1   33    9   13   17   32   36   37    5 
   1    9   33   13   17   32   36   37 
   1   33    9   13   17   32   36   37    5 
   1    9   33   17   13   32   36   37    5 
   1   33    9   13   17   32   36   37    5 
   1    9   33   17   13   32   36   37    5 
   1    9   33   17   13   32   36   37    5 
   1    9   33   17   13   32   36   37    5 
   1    9   33   17   13   32   36   37    5 
   1    9   33   17   13   32   36   37    5 
   1   33    9   17   13   32   36   37    5 
   1   33    9   17   13   32   36   37    5 
   1   33    9   17   13   32   36   37    5 
   1   33    9   17   13   32   36   37    5 
   1   33    9   13   17   32   36   37    5 
   1    9   33   13   17   32   36   37    5 
   1   33    9   13   17   32   36   37    5 
   1   33    9   13   17   32   36   37    5 
   1   33    9   13   17   32   36   37    5 
   1   33    9   13   17   32   36   37    5 
   1   33    9   13   17   32   36   37    5 
   1   33    9   13   17   32   36   37    5 
   1   33    9   13   17   32   36   37    5 
   1   33    9   13   17   32   36   37    5 
   1   33    9   13   32   17   36   37    5 
   1   33    9   13   32   17   36   37    5 
   1   33    9   32   13   17   36   37    5 
   1   33    9   32   13   17   36   37    5 
   1   33    9   32   13   17   36   37    5 
   1   33    9   32   13   17   36   37    5 
   1   33    9   32   13   17   36   37    5 
   1   33    9   32   13   17   36   37    5 
   1   33    9   32   13   17   36   37 
   1   33    9   32   13   17   36   37 
   1   33    9   32   13   36   17   37    5 
   1    9   33   32   13   17   36   37    5 
   1    9   33   32   13   17   36   37    5 
   1   33    9   32   13   17   36   37    5 
   1    9   33   32   13   17   36   37    5 
   1   33    9   32   13   17   36   37    5 
   1   33    9   32   13   17   36   37    5 
   1   33    9   32   13   17   36   37    5 
   1   33    9   32   13   17   36   37    5 
   1   33    9   13   32   17   36   37    5 
   1   33    9   32   13   17   36   37    5 
   1   33    9   13   17   32   36   37 
   1    9   33   17   13   32   36   37    5 
   1   33    9   13   17   32   36   37    5 
   1    9   33   17   13   32   36   37    5 
   1   33    9   13   17   32   36   37    5   21    4 
   1    9   33   17   13   32   36   37 
   1    9   33   17   13   32   36   37    5 
   1    9   33   17   13   32   36   37    5 
   1    9   33   17   13   32   36   37    5 
   1    9   33   17   13   32   36   37    5 
   1    9   33   17   13   32   36   37    5 
   1    9   33   17   13   32   36   37    5   21    4 
   1    9   33   17   13   32   36   37    5   21    4 
   1    9   33   17   13   32   36   37    5   21    4 
   1    9   33   17   13   32   36   37    5   21    4 
   1    9   33   17   13   32   36   37    5   21    4 
   1    9   33   13   17   32   36   37    5   21    4 
   1    9   33   13   32   17   36   37    5   21    4 
   1    9   33   13   32   17   36   37    5   21    4 
   1    9   33   32   13   17   36   37    5   21    4 
   1    9   33   13   32   17   36   37    5 
   1    9   33   32   13   17   36   37    5 
   1    9   33   32   13   17   36   37    5 
   1    9   33   32   13   17   36   37    5 
   1    9   33   32   13   17   36   37    5 
   1    9   33   32   13   17   36   37    5 
   1    9   33   32   13   17   36   37    5 
   1    9   33   32   13   17   36   37    5 
   1    9   33   32   13   17   36   37    5 
   1    9   33   32   13   17   36   37    5 
   1    9   33   32   13   17   36   37    5 
   1    9   33   32   13   17   36   37    5 
   1    9   33   17   32   13   36   37    5 
   1   33    9   32   13   17   36   37    5   21    4 
   1   33    9   32   13   17   36   37    5 
   1    9   33   32   13   17   36   37    5 
   1    9   33   32   13   17   36   37    5 
   1   33    9   32   13   17   36   37    5 
   1   33    9   32   17   13   36   37    5 
   1    9   33   32   17   13   36   37    5 
   1   33    9   32   17   13   36   37    5 
   1    9   33   32   17   13   36   37    5 
   1    9   33   32   17   13   36   37    5 
   1    9   33   32   17   13   36   37    5 
   1    9   33   32   17   13   36   37    5 
   1    9   33   32   17   13   36   37    5 
   1   33    9   32   17   13   36   37    5 
   1   33    9   32   17   13   36   37    5 
   1   33    9   32   17   13   36   37    5 
   1    9   33   32   17   13   36   37    5 
   1    9   33   32   17   13   36   37    5 
   1   33    9   32   17   13   36   37    5 
   1    9   33   32   17   13   36   37    5 
   1    9   33   32   17   13   36   37    5 
   1    9   33   32   17   13   36   37    5 
   1    9   33   32   17   13   36   37    5 
   1   33    9   32   17   13   36   37    5   21 
   1   33    9   32   17   13   36   37    5   21 
   1   33    9   32   17   13   36   37    5   21 
   1    9   33   32   17   13   36   37    5   21 
   1    9   33   32   17   13   36   37    5   21 
   1    9   33   32   17   13   36   37    5   21 
   1   33    9   32   17   13   36   37    5   21 
   1   33    9   32   17   13   36   37    5   21 
   1   33    9   32   13   17   36   37    5   21 
   1   33    9   32   13   17   36   37    5   21 
   1   33    9   32   17   13   36   37    5   21 
   1   33    9   32   17   13   36   37    5   21 
   1   33    9   32   17   13   36   37    5   21 
   1   33    9   32   17   13   36   37    5   21 
   1    9   33   32   17   13   36   37    5   21 
   1    9   33   32   17   13   36   37    5   21 
   1    9   33   32   17   13   36   37    5   21 
   1    9   33   32   17   13   36   37    5   21 
   1   33    9   32   17   13   36   37    5   21 
   1    9   33   32   17   13   36   37    5   21 
   1    9   33   32   17   13   36   37    5   21 
   1    9   33   32   17   13   36   37    5   21 
   1    9   33   32   17   13   36   37    5   21 
   1   33    9   32   17   13   36   37    5   21 
   1    9   33   32   13   17   36   37    5   21 
   1    9   33   32   13   17   36   37    5   21 
   1    9   33   32   17   13   36   37    5   21 
   1   33    9   32   17   13   36   37    5   21 
   1   33    9   32   17   13   36   37    5   21 
   1   33    9   32   13   17   36   37    5   21 
   1   33    9   32   17   13   36   37    5   21 
   1   33    9   32   17   13   36   37    5   21 
   1   33    9   32   17   13   36   37    5   21 
   1   33    9   32   17   13   36   37    5   21 
   1   33    9   32   17   13   36   37    5   21 
   1    9   33   32   13   17   36   37    5   21 
   1   33    9   32   17   13   36   37    5   21 
   1    9   33   32   17   13   36   37    5   21 
   1    9   33   32   17   13   36   37    5   21 
   1   33    9   32   17   13   36   37    5   21 
   1   33    9   17   32   13   36   37    5   21 
   1   33    9   32   17   13   36   37    5   21 
   1   33    9   17   32   13   36   37    5   21 
   1    9   33   17   13   32   36   37    5   21    4 
   1   33    9   17   13   32   36   37    5   21    4 
   1    9   33   17   13   32   36   37    5   21    4 
   1    9   33   17   32   13   36   37    5   21    4 
   1    9   33   17   32   13   36   37    5   21    4 
   1    9   33   17   32   13   36   37    5   21    4 
   1   33    9   17   13   32   36   37    5   21    4 
   1   33    9   17   13   32   36   37    5   21    4 
   1    9   33   17   13   32   36   37    5   21    4 
   1    9   33   13   17   32   36   37    5   21    4 
   1    9   33   13   17   32   36   37    5   21    4 
   1    9   33   13   17   32   36   37    5   21    4 
   1   33    9   17   13   32   36   37    5   21    4 
   1    9   33   17   13   32   36   37    5   21    4 
   1   33    9   17   13   32   36   37    5   21    4 
   1    9   33   17   13   32   36   37    5   21    4 
   1   33    9   13   17   32   36   37    5   21    4 
   1   33    9   13   17   32   36   37    5   21    4 
   1   33    9   13   17   32   36   37    5   21    4 
   1   33    9   13   17   32   36   37    5   21    4 
   1   33    9   13   17   32   36   37    5   21    4 
   1   33    9   17   13   32   36   37    5   21    4 
   1   33    9   17   13   32   36   37    5   21    4 
   1   33    9   17   13   32   36   37    5   21    4 
   1   33    9   17   13   32   36   37    5   21    4 
   1   33    9   17   13   32   36   37    5   21    4 
   1   33    9   17   13   32   36   37    5   21    4 
   1   33    9   17   13   32   36   37    5   21    4 
   1   33    9   17   13   32   36   37    5   21    4 
   1   33    9   13   17   32   36   37    5   21    4 
   1   33    9   13   17   32   36   37    5   21    4 
   1   33    9   13   17   32   36   37    5   21    4 
   1   33    9   13   17   32   36   37    5   21    4 
   1   33    9   13   17   32   36   37    5   21    4 
   1    9   33   17   13   32   36   37    5   21    4 
   1    9   33   17   13   32   36   37    5   21    4 
   1    9   33   17   13   32   36   37    5   21    4 
   1    9   33   17   13   32   36   37    5   21    4 
   1    9   33   17   13   32   36   37    5   21    4 
   1    9   33   17   13   32   36   37    5   21    4 
   1    9   33   17   13   32   36   37    5   21    4 
   1    9   33   17   13   32   36   37    5   21    4 
   1    9   33   17   13   32   36   37    5   21    4 
   1   33    9   17   13   32   36   37    5   21    4 
   1   33    9   17   13   32   36   37    5   21    4 
   1   33    9   17   13   32   36   37    5   21    4 
   1   33    9   17   13   32   36   37    5   21    4 
   1   33    9   13   17   32   36   37    5   21    4 
   1   33    9   13   17   32   36   37    5   21    4 
   1    9   33   13   17   32   36   37    5   21    4 
   1    9   33   13   17   32   36   37    5   21    4 
   1    9   33   13   17   32   36   37    5   21    4 
   1   33    9   13   17   32   36   37    5   21    4 
   1    9   33   13   17   32   36   37    5   21    4 
   1   33    9   13   17   32   36   37    5   21    4 
   1    9   33   17   13   32   36   37    5   21    4 
   1    9   33   17   13   32   37   36    5   21    4 
   1   33    9   17   13   32   36   37    5   21    4 
   1    9   33   17   13   32   36   37    5   21    4 
   1    9   33   17   13   32   36   37    5   21    4 
   1    9   33   17   13   32   37   36    5   21    4 
   1    9   33   17   13   32   37   36    5   21    4 
   1    9   33   17   13   32   37   36    5   21    4 
   1   33    9   17   13   32   37   36    5   21    4 
   1   33    9   17   13   32   37   36    5   21    4 
   1   33    9   17   13   32   37   36    5   21    4 
   1   33    9   17   13   32   37   36    5   21    4 
   1   33    9   17   13   32   37   36    5   21    4 
   1   33    9   17   13   32   37   36    5   21    4 
   1   33    9   17   13   32   37   36    5   21    4 
   1   33    9   17   13   32   37   36    5   21    4 
   1   33    9   17   13   32   37   36    5   21    4 
   1   33    9   17   13   32   37   36    5   21    4 
   1   33    9   17   13   32   37   36    5   21    4 
   1    9   33   17   13   32   37   36    5   21    4 
   1   33    9   17   13   32   37   36    5   21    4 
   1   33    9   17   13   32   37   36    5   21    4 
   1   33    9   17   13   32   37   36    5   21    4 
   1   33    9   17   13   32   37   36    5   21    4 
   1   33    9   17   13   32   37   36    5   21    4 
   1   33    9   17   13   32   37   36    5   21    4 
   1   33    9   17   13   32   37   36    5   21    4 
   1   33    9   17   13   32   37   36    5   21    4 
   1   33    9   17   13   32   37   36    5   21    4 
   1   33    9   17   13   32   37   36    5   21    4 
   1   33    9   17   13   32   37   36    5   21    4 
   1   33    9   17   13   32   37   36    5   21    4 
   1   33    9   17   13   32   37   36    5   21    4 
   1   33    9   17   13   32   37   36    5   21    4 
   1   33    9   17   13   32   37   36    5   21    4 
   1   33    9   17   13   32   37   36    5   21    4 
   1    9   33   17   13   32   37   36    5   21    4 
   1    9   33   13   17   32   36   37    5   21    4 
   1    9   33   13   17   32   37   36    5   21    4 
   1    9   33   13   17   32   36   37    5   21    4 
   1    9   33   13   17   32   36   37    5   21    4 
   1    9   33   13   32   17   37   36    5   21    4 
   1    9   33   13   32   17   36   37    5   21    4 
   1    9   33   32   13   17   36   37    5   21    4 
   1    9   33   32   13   17   37   36    5   21    4 
   1    9   33   32   13   17   37   36    5   21    4 
   1    9   33   32   13   17   36   37    5   21    4 
   1    9   33   32   13   17   36   37    5   21    4 
   1    9   33   32   13   17   37   36    5   21    4 
   1    9   33   32   17   13   37   36    5   21    4 
   1    9   33   32   17   13   37   36    5   21    4 
   1    9   33   32   17   13   37   36    5   21    4 
   1    9   33   32   13   17   37   36    5   21    4 
   1    9   33   32   13   17   37   36    5   21    4 
   1    9   33   32   13   17   37   36    5   21    4 
   1    9   33   32   13   17   37   36    5   21    4 
   1    9   33   32   13   17   37   36    5   21    4 
   1    9   33   32   13   17   37   36    5   21    4 
   1    9   33   32   13   17   37   36    5   21    4 
   1    9   33   32   13   17   37   36    5   21    4 
   1    9   33   32   13   17   37   36    5   21    4 
   1    9   33   32   13   17   37   36    5   21    4 
   1    9   33   32   13   17   37   36    5   21    4 
   1    9   33   17   32   13   37   36    5   21    4 
   1    9   33   17   32   13   37   36    5   21    4 
   1   33    9   17   32   13   37   36    5   21    4 
   1   33    9   17   13   32   37   36    5   21    4 
   1   33    9   17   13   32   37   36    5   21    4 
   1   33    9   17   13   32   37   36    5   21    4 
   1   33    9   17   13   32   37   36    5   21    4 
   1   33    9   17   13   32   37   36    5   21    4 
   1   33    9   17   13   32   37   36    5   21    4 
   1   33    9   13   17   32   37   36    5   21    4 
   1   33    9   13   32   17   37   36    5   21    4 
   1   33    9   13   32   17   37   36    5   21    4 
   1   33    9   32   13   17   37   36    5   21    4 
   1    9   33   17   13   32   37   36    5   21    4 
   1   33    9   32   13   17   37   36    5   21    4 
   1    9   33   17   13   32   37   36    5   21    4 
   1   33    9   32   13   17   37   36    5   21    4 
   1    9   33   17   13   32   37   36    5   21    4 
   1   33    9   32   13   17   37   36    5   21    4 
   1    9   33   17   13   32   37   36    5   21    4 
   1    9   33   17   37   32   13   36    5   21    4 
   1    9   33   17   37   13   32   36    5   21    4 
   1    9   33   17   37   32   13   36    5   21    4 
   1    9   33   17   37   13   32   36    5   21    4 
   1    9   33   17   37   32   13   36    5   21    4 
   1    9   33   17   37   13   32   36    5   21    4 
   1    9   33   17   37   36   32   13    5   21    4 
   1    9   33   17   37   36   32   13    5   21    4 
   1    9   33   17   37   36   32   13    5   21    4 
   1    9   33   17   37   36   32   13    5   21    4 
   1    9   33   17   37   36   32   13    5   21    4 
   1    9   33   17   37   36   13   32    5   21    4 
   1    9   33   17   37   36   13   32    5   21    4 
   1    9   33   17   37   36   13   32    5   21    4 
   1    9   33   17   37   36   13   32    5   21    4 
   1    9   33   17   37   36   13   32    5   21    4 
   1    9   33   17   37   36   13   32    5   21    4 
   1    9   33   17   37   36   13   32    5   21    4 
   1    9   33   17   37   36   13   32    5   21    4 
   1    9   33   17   37   13   36   32    5   21    4 
   1    9   33   17   37   36   13   32    5   21    4 
   1    9   33   17   37   13   36   32    5   21    4 
   1    9   33   17   37   13   36   32    5   21    4 
   1   33    9   17   37   13   36   32    5   21    4 
   1   33    9   17   37   13   36   32    5   21    4 
   1   33    9   17   37   13   36   32    5   21    4 
   1   33    9   17   37   13   36   32    5   21    4 
   1   33    9   17   37   13   36   32    5   21    4 
   1   33    9   17   37   13   36   32    5   21    4 
   1   33    9   17   37   13   36   32    5   21    4 
   1   33    9   17   37   13   36   32    5   21    4 
   1   33    9   17   37   13   36   32    5   21    4 
   1   33    9   17   37   13   36   32    5   21    4 
   1   33    9   17   37   36   13   32    5   21    4 
   1    9   33   37   17   36   13   32    5   21    4 
   1    9   33   37   17   36   13   32    5   21 
   1    9   33   37   17   36   13   32    5   21 
   1    9   33   17   37   36   13   32    5   21 
   1    9   33   37   17   36   13   32    5   21    4 
   1   33    9   17   37   13   36   32    5   21 
   1    9   33   17   37   36   13   32    5   21    4 
   1    9   37   33   36   17   13   32    5   21    4 
   1    9   37   33   36   17   13   32    5   21 
   1    9   37   33   36   17   13   32    5   21 
   1    9   37   33   36   17   13   32    5   21 
   1    9   37   33   36   17   13   32    5   21 
   1    9   37   33   36   17   13   32    5   21 
   1    9   37   33   36   17   13   32    5   21 
   1    9   37   33   36   17   13   32    5   21 
   1    9   33   37   36   17   13   32    5   21 
   1    9   37   33   36   17   13   32    5   21 
   1    9   37   33   36   17   13   32    5   21 
   1    9   33   37   36   17   13   32    5   21 
   1    9   37   33   36   17   13   32    5   21 
   1    9   37   33   36   17   13   32    5   21 
   1    9   37   33   36   17   13   32    5   21 
   1    9   37   33   36   17   13   32    5   21 
   1    9   37   33   36   17   13   32    5   21 
   1    9   37   33   36   17   13   32    5   21 
   1    9   37   33   36   17   13   32    5   21 
   1    9   37   33   36   17   13   32    5   21 
   1    9   37   33   36   17   13   32    5   21 
   1    9   37   33   36   17   13   32    5   21 
   1    9   37   33   17   36   13   32    5   21 
   1    9   37   33   36   17   13   32    5   21 
   1    9   37   33   17   36   13   32    5   21 
   1    9   37   33   36   17   13   32    5   21 
   1    9   37   33   17   36   13   32    5   21 
   1    9   37   33   17   36   13   32    5   21 
   1    9   37   33   17   36   13   32    5   21 
   1    9   37   33   17   36   13   32    5   21 
   1    9   37   33   36   17   13   32    5   21 
   1   37    9   33   36   17   13   32    5   21 
   1   37    9   33   36   17   13   32    5   21 
   1   37    9   33   36   17   13   32    5   21 
   1    9   37   33   36   17   13   32    5   21 
   1   37    9   33   36   17   13   32    5   21 
   1    9   37   33   36   17   13   32    5   21 
   1    9   37   33   36   17   13   32    5   21 
   1   37    9   36   33   17   13   32    5   21 
   1   37    9   36   33   17   13   32    5   21 
   1   37    9   36   33   17   13   32    5   21 
   1   37    9   36   33   17   13   32    5   21 
   1   37    9   36   33   17   13   32    5   21 
   1    9   37   36   33   17   13   32    5   21 
   1    9   37   36   33   17   13   32    5   21 
   1    9   37   36   33   17   13   32    5   21 
   1    9   37   36   33   17   13   32    5   21 
   1    9   37   33   36   17   13   32    5   21 
   1    9   37   33   36   17   13   32    5   21 
   1    9   37   33   36   17   13   32    5   21 
   1    9   37   33   36   17   13   32    5   21 
   1    9   37   33   36   17   13   32    5   21 
   1    9   37   33   36   17   13   32    5   21 
   1   37    9   33   36   17   13   32    5   21 
   1   37    9   33   36   17   13   32    5   21 
   1    9   37   33   17   36   13   32    5   21 
   1   37    9   33   36   17   13   32    5   21 
   1    9   33   37   17   36   13   32    5   21 
   1   37    9   33   36   17   13   32    5   21 
   1    9   33   37   17   36   13   32    5   21 
   1    9   33   37   17   36   13   32    5   21 
   1    9   37   33   17   36   13   32    5   21 
   1    9   37   33   17   36   13   32    5   21 
   1    9   37   33   17   36   13   32    5   21 
   1   37   33    9   17   36   13   32    5   21 
   1   37   33    9   17   36   13   32    5   21 
   1   37   33    9   17   36   13   32    5   21 
   1   37   33    9   17   36   13   32    5   21 
   1   37   33    9   17   36   13   32    5   21 
   1   37   33    9   17   36   13   32    5   21 
   1   37   33    9   17   36   13   32    5   21 
   1   37   33    9   17   36   13   32    5   21 
   1   37   33    9   17   36   13   32    5   21 
   1   37   33    9   17   36   13   32    5   21 
   1   37   33    9   17   36   13   32    5   21 
   1   37    9   33   17   36   13   32    5   21 
   1   37    9   33   36   17   13   32    5   21 
   1    9   37   33   36   17   13   32    5   21 
   1    9   37   33   36   17   13   32    5   21 
   1    9   37   33   36   17   13   32    5   21 
   1    9   37   33   36   17   13   32    5   21 
   1    9   37   33   36   17   13   32    5   21 
   1   37    9   33   36   17   13   32    5   21 
   1   37   33    9   36   17   13   32    5   21 
   1   37    9   33   36   17   13   32    5   21 
   1   37    9   33   36   17   13   32    5   21 
   1    9   37   33   36   17   13   32    5   21 
   1    9   37   33   36   17   13   32    5   21 
   1    9   37   33   36   17   13   32    5   21 
   1    9   37   33   36   17   13   32    5   21 
   1    9   37   33   36   17   13   32    5   21 
   1    9   37   33   36   17   13   32    5   21 
   1    9   37   33   36   17   13   32    5   21 
   1    9   37   33   17   36   13   32    5   21 
   1    9   33   37   17   36   13   32    5   21 
   1    9   33   37   17   36   13   32    5   21 
   1    9   33   37   17   36   13   32    5   21 
   1   37    9   33   17   36   13   32    5   21 
   1    9   37   33   17   36   13   32    5   21 
   1    9   37   33   17   36   13   32    5   21 
   1    9   37   33   17   36   13   32    5   21 
   1    9   37   33   17   36   13   32    5   21 
   1   33    9   37   17   36   13   32    5   21 
   1    9   37   33   17   36   13   32    5   21 
   1    9   37   33   17   36   13   32    5   21 
   1    9   37   33   17   36   13   32    5   21 
   1    9   37   33   17   36   13   32    5   21 
   1    9   33   37   17   36   13   32    5   21 
   1    9   33   37   17   36   13   32    5   21 
   1    9   33   37   17   36   13   32    5   21 
   1    9   37   33   17   36   13   32    5   21 
   1    9   37   33   17   36   13   32    5   21 
   1    9   37   33   17   36   13   32    5   21 
   1    9   37   33   17   36   13   32    5   21 
   1    9   37   33   17   36   13   32    5   21 
   1    9   37   33   17   36   13   32    5   21 
   1    9   37   33   36   17   13   32    5   21 
   1    9   37   33   36   17   13   32    5   21 
   1   37    9   33   36   17   13   32    5   21 
   1   37    9   33   36   17   13   32    5   21 
   1   37    9   33   36   17   13   32    5   21 
   1   37    9   33   36   17   13   32    5   21 
   1   37    9   33   36   17   13   32    5   21 
   1   37    9   33   36   17   13   32    5   21 
   1   37    9   33   36   17   13   32    5   21 
   1   37    9   33   36   17   13   32    5   21 
   1   37    9   33   36   17   13   32    5   21 
   1   37    9   33   36   17   13   32    5   21 
   1   37    9   33   36   17   13   32    5   21 
   1   37    9   33   36   17   13   32    5   21 
   1   37    9   33   36   17   13   32    5   21 
   1    9   33   37   36   17   13   32    5   21 
   1    9   33   37   17   36   13   32    5   21 
   1    9   33   37   17   36   13   32    5   21 
   1    9   33   37   17   36   13   32    5   21 
   1    9   33   37   17   36   13   32    5   21 
   1    9   33   37   17   36   13   32    5   21 
   1    9   33   37   17   36   13   32    5   21 
   1    9   33   37   17   36   13   32    5   21 
   1    9   33   17   37   36   13   32    5   21 
   1    9   33   17   37   36   13   32    5   21 
   1    9   33   17   37   36   13   32    5   21 
   1    9   33   37   17   36   13   32    5   21 
   1    9   37   33   17   36   13   32    5   21 
   1    9   33   37   17   36   13   32    5   21 
   1    9   33   37   17   13   36   32    5   21 
   1    9   33   37   17   13   36   32    5   21 
   1    9   37   33   17   13   36   32    5   21 
   1    9   33   37   17   13   36   32    5   21 
   1    9   37   33   17   36   13   32    5   21 
   1    9   37   33   17   36   13   32    5   21 
   1    9   37   33   17   36   13   32    5   21 
   1    9   37   33   17   36   13   32    5   21 
   1    9   37   33   17   36   13   32    5   21 
   1    9   37   33   17   36   13   32    5   21 
   1    9   37   33   17   36   13   32    5   21 
   1    9   37   33   17   36   13   32    5   21 
   1    9   37   33   17   36   13   32    5   21 
   1    9   37   33   17   36   13   32    5   21 
   1    9   37   33   17   36   13   32    5   21 
   1    9   37   33   17   36   13   32    5   21 
   1    9   37   33   36   17   13   32    5   21 
   1    9   37   33   36   17   13   32    5   21 
   1    9   37   33   36   17   13   32    5   21 
   1    9   37   33   36   17   13   32    5   21 
   1    9   37   33   17   36   13   32    5   21 
   1    9   37   33   17   36   13   32    5   21 
   1    9   37   33   17   36   13   32    5   21 
   1    9   37   33   17   36   13   32    5   21 
   1    9   37   33   17   36   13   32    5   21 
   1    9   37   33   17   36   13   32    5   21 
   1    9   37   33   17   36   13   32    5   21 
   1    9   37   33   17   36   13   32    5   21 
   1    9   37   33   17   36   13   32    5   21 
   1    9   37   33   17   36   13   32    5   21 
   1    9   37   33   17   36   13   32    5   21 
   1    9   37   33   17   36   13   32    5   21 
   1    9   37   33   17   36   13   32    5   21 
   1    9   37   33   17   36   13   32    5   21 
   1    9   37   33   17   36   13   32    5   21 
   1    9   37   33   17   36   13   32    5   21 
   1    9   37   33   17   36   13   32    5   21 
   1    9   37   33   17   36   13   32    5   21 
   1    9   37   33   17   36   13   32    5   21 
   1    9   37   33   17   36   13   32    5   21 
   1    9   37   33   17   36   13   32    5   21 
   1    9   37   33   17   36   13   32    5   21 
   1    9   37   33   17   36   13   32    5   21 
   1    9   37   33   17   36   13   32    5   21 
   1    9   37   33   17   36   13   32    5 
   1    9   37   33   17   36   13   32    5 
   1    9   37   33   17   36   13   32    5 
   1    9   37   33   17   36   13   32    5 
   1    9   37   33   17   36   13   32    5 
   1    9   37   33   17   36   13   32    5 
   1    9   37   33   17   36   13   32    5 
   1    9   37   33   17   36   13   32    5 
   1    9   37   33   17   36   13   32    5 
   1    9   37   33   17   36   13   32    5 
   1    9   37   33   36   17   13   32    5 
   1   37   33    9   36   17   13   32    5 
   1   37    9   36   33   17   13   32    5 
   1   37    9   36   33   17   13   32    5 
   1   37    9   36   33   17   13   32    5   41 
   1   37    9   36   33   17   13   32    5   41 
   1   37    9   36   33   17   13   32    5   41 
   1   37    9   36   33   17   13   32    5   41 
   1   37    9   36   33   17   13   32    5   41 
   1   37    9   36   33   17   13   32    5   41 
   1   37    9   36   33   17   13   32    5   41 
   1   37    9   36   33   17   13   32    5   41 
   1   37    9   36   33   17   13   32    5   41 
   1   37    9   36   33   17   13   32    5   41 
   1   37    9   36   33   17   13   32    5   41   21 
   1   37    9   36   33   17   13   32    5   41   21 
   1   37    9   36   33   17   13   32    5   41   21 
   1   37    9   36   33   17   13   32    5   41   21 
   1   37    9   36   33   17   13   32    5   41   21 
   1   37    9   36   33   17   13   32    5   41   21 
   1   37    9   36   33   17   13   32    5   41   21 
   1   37    9   36   33   17   13   32    5   41   21 
   1   37    9   36   33   17   13   32    5   41   21 
   1   37    9   33   36   17   13   32    5   41   21 
   1   37    9   36   33   17   13   32    5   41   21 
   1   37    9   33   36   17   13   32    5   41   21 
   1   37    9   36   33   17   13   32    5   41   21 
   1   37    9   33   36   17   13   32    5   41 
   1   37    9   36   33   17   13   32    5   41 
   1   37    9   33   36   17   13   32    5   41 
   1   37    9   36   33   17   13   32   41 
   1   37    9   33   36   17   13   32   41 
   1   37    9   33   36   17   13   32   41 
   1   37    9   33   36   17   13   32   41 
   1   37    9   33   36   17   13   32   41 
   1   37    9   33   36   17   13   32   41 
   1   37    9   33   36   17   13   32   41 
   1   37    9   33   36   17   13   32   41 
   1   37    9   33   36   17   13   32   41 
   1   37    9   33   36   17   13   32   41 
   1   37    9   33   36   17   13   32   41 
   1   37    9   33   36   17   13   32   41 
   1   37    9   33   36   17   13   32   41 
   1   37    9   33   36   17   13   32   41 
   1   37    9   33   36   17   13   32   41 
   1   37    9   33   36   17   13   32   41 
   1   37    9   33   36   17   13   32   41 
   1   37    9   33   36   17   13   32   41 
   1   37    9   33   36   17   13   32   41 
   1   37    9   36   33   17   13   32   41 
   1   37    9   36   33   17   13   32   41 
   1   37    9   36   33   17   13   32   41 
   1   37    9   36   33   17   13   32   41 
   1   37    9   36   33   17   13   32   41 
   1   37    9   36   33   17   13   32   41 
   1   37    9   36   33   17   13   32   41 
   1   37    9   36   33   17   13   32   41 
   1   37    9   36   33   17   13   32   41    5 
   1   37    9   36   33   17   13   32   41    5 
   1   37    9   36   33   17   13   32   41    5 
   1   37    9   33   36   17   13   32   41    5 
   1   37    9   33   36   17   13   32   41    5 
   1    9   37   33   36   17   13   32    5   41 
   1   37    9   33   36   17   13   32    5   41 
   1   37    9   33   36   17   13   32    5   41 
   1    9   37   33   36   17   13   32    5   41 
   1   37    9   33   36   17   13   32    5   41   21 
   1    9   37   33   36   17   13   32    5   41   21 
   1   37    9   33   36   17   13   32    5   41   21 
   1    9   37   33   36   17   13   32    5   41   21 
   1    9   37   33   36   17   13   32    5   41   21 
   1    9   37   33   36   17   13   32    5   21   41 
   1    9   37   33   36   17   13   32    5   41 
   1    9   37   33   36   17   13   32    5 
   1    9   37   33   36   17   13   32    5 
   1    9   37   33   36   13   17   32    5 
   1    9   33   37   36   13   17   32    5 
   1    9   37   33   36   13   17   32    5 
   1    9   37   33   36   13   17   32    5 
   1    9   37   33   36   13   17   32    5 
   1    9   37   33   36   13   17   32    5 
   1    9   37   33   36   13   17   32    5 
   1    9   37   33   36   13   17   32    5 
   1    9   37   33   36   13   17   32    5 
   1    9   37   33   36   13   17   32    5 
   1    9   37   33   36   13   17   32    5 
   1    9   37   33   36   13   17   32    5 
   1   37    9   33   36   13   17   32    5 
   1   37    9   33   36   13   17   32    5 
   1   37    9   33   36   13   17   32    5 
   1   37    9   33   36   13   17   32    5 
   1   37    9   33   36   13   17   32    5 
   1   37    9   33   36   13   17   32    5 
   1   37    9   33   36   13   17   32    5 
   1   37    9   33   36   13   17   32    5 
   1   37    9   33   36   13   17   32    5   21 
   1   37    9   33   36   13   17   32    5   21 
   1   37    9   33   36   13   17   32    5   21 
   1   37   33    9   36   13   17   32    5   21 
   1   37   33    9   36   13   17   32    5   21 
   1   37   33    9   36   13   17   32    5   21 
   1   37   33    9   36   17   13   32    5   21 
   1   37   33    9   36   13   17   32    5   21 
   1   37   33    9   36   17   13   32    5   21 
   1   37   33    9   36   17   13   32    5   21 
   1   37   33    9   36   17   13   32    5   21 
   1   33   37    9   36   17   13   32    5   21 
   1   37   33    9   36   17   13   32    5   21 
   1   37    9   33   36   17   13   32    5   21 
   1   37   33    9   36   17   13   32    5   21 
   1   37   33    9   36   17   13   32    5   21 
   1   37    9   33   36   17   13   32    5   21 
   1   37   33    9   36   17   13   32    5   21 
   1   37   33    9   36   17   13   32    5   21 
   1   37   33    9   36   17   13   32    5   21 
   1   37   33    9   36   17   13   32    5   21 
   1   37   33    9   36   17   13   32    5   21 
   1   37   33    9   36   17   13   32    5   21 
   1   37   33    9   36   17   13   32    5   21 
   1   37   33    9   36   17   13   32    5   21 
   1   37   33    9   36   17   13   32    5   21 
   1   37   33    9   36   17   13   32    5   41   21 
   1   37   33    9   36   17   13   32    5   41   21 
   1    9   37   33   36   17   13   32    5   41   21 
   1   37   33    9   36   17   13   32    5   41   21 
   1    9   37   33   17   36   13   32    5   21   41 
   1   37   33    9   36   17   13   32    5   41   21 
   1   37   33    9   36   17   13   32    5   41   21 
   1   37   33    9   36   17   13   32   41    5   21 
   1   37   33    9   36   17   13   32   41    5   21 
   1   37   33    9   36   17   13   32   41    5   21 
   1   37   33    9   36   17   13   32   41    5   21 
   1   37   33    9   36   17   13   32   41    5   21 
   1   37   33    9   36   17   13   32    5   41   21 
   1   37   33    9   36   17   13   32    5   41   21 
   1   37   33    9   36   17   13   32    5   41   21 
   1   37   33    9   36   17   13   32    5   41   21 
   1   37   33    9   36   17   13   32   41    5   21 
   1   33   37    9   36   17   13   32   41    5   21 
   1   33   37    9   36   17   13   32   41    5 
   1   33    9   37   36   17   13   32    5   41 
   1   37   33    9   36   17   13   32   41    5 
   1   33    9   37   17   36   13   32    5   41 
   1   33   37    9   36   17   13   32   41    5 
   1   33   37    9   36   17   13   32   41    5 
   1   33   37    9   36   17   13   32   41    5 
   1   33   37    9   36   17   13   32    5   41 
   1   33   37    9   36   17   13   32    5   41 
   1   33   37    9   36   17   13   32    5   41 
   1   33   37    9   36   17   13   32    5   41 
   1   33   37    9   36   13   17   32    5   41 
   1   33   37    9   36   13   17   32    5   41 
   1   33   37    9   36   13   17   32    5   41 
   1   33   37    9   36   13   17   32    5   41 
   1   33   37    9   36   13   17   32    5   41 
   1   33   37    9   36   13   17   32    5   41 
   1   33   37    9   36   13   17   32    5   41 
   1   33   37    9   36   13   17   32    5   41 
   1   33   37    9   36   13   17   32    5   41 
   1   33   37    9   36   13   17   32    5   41 
   1   33    9   37   36   13   17   32    5   41 
   1   33   37    9   36   13   17   32    5   41 
   1   33   37    9   36   13   17   32    5   41 
   1   33   37    9   36   13   17   32    5   41 
   1   33   37    9   36   13   17   32    5   41 
   1   33   37    9   36   13   17   32    5   41 
   1   33   37    9   36   13   17   32    5   41 
   1   33   37    9   36   13   17   32    5   41 
   1   33   37    9   36   13   17   32    5   41 
   1   37   33    9   36   13   17   32    5   41 
   1   33   37    9   36   13   17   32    5   41 
   1   33   37    9   36   13   17   32    5   41 
   1   33   37    9   36   13   17   32    5   41 
   1   33   37    9   36   13   17   32    5   41 
   1   33   37    9   36   13   17   32    5 
   1   33   37    9   36   13   17   32    5 
   1   33   37    9   36   13   17   32    5 
   1   33   37    9   36   13   17   32    5 
   1   37   33    9   36   13   17   32    5   41 
   1   37   33    9   36   13   17   32    5   41 
   1   33   37    9   36   13   17   32    5   41 
   1   33   37    9   36   13   17   32    5   41 
   1   33   37    9   36   13   17   32    5   41   21 
   1   33   37    9   36   13   17   32    5   41   21 
   1   33   37    9   36   13   17   32    5   41   21 
   1   33   37    9   36   13   17   32    5   41   21 
   1   33   37    9   36   13   17   32   41    5   21 
   1   33   37    9   36   13   17   32   41    5   21 
   1   33   37    9   36   13   17   32    5   41   21 
   1   33   37    9   36   13   17   32    5   41   21 
   1   33   37    9   36   13   17   32    5   41   21 
   1   33   37    9   36   13   17   32    5   41   21 
   1   33   37    9   36   13   17   32   41    5   21 
   1   33   37    9   36   13   17   32   41    5   21 
   1   33   37    9   36   13   17   32   41    5 
   1   33   37    9   36   13   17   32   41    5 
   1   33   37   36    9   13   17   32    5   41 
   1   33   37    9   36   13   17   32   41    5 
   1   33   37    9   36   13   17   32   41    5 
   1   33   37   36    9   13   17   32   41    5 
   1   33   37   36    9   13   17   32   41    5 
   1   33   37   36    9   13   17   32   41    5 
   1   33   37   36    9   13   17   32   41    5 
   1   33   37   36    9   13   17   32   41    5 
   1   33   37   36    9   13   17   32   41    5 
   1   33   37   36    9   13   17   32   41    5 
   1   33   37   36    9   13   17   32   41    5 
   1   33   37   36    9   13   17   32   41    5 
   1   33   37   36    9   13   17   32   41    5 
   1   33   37   36    9   13   17   32   41    5 
   1   33   37   36    9   13   17   32   41    5 
   1   33   37    9   36   13   17   32   41    5 
   1   33   37    9   36   13   17   32    5   41 
   1   33   37    9   36   13   17   32    5   41 
   1   33   37    9   36   13   17   32    5   41 
   1   33   37    9   36   13   17   32    5   41 
   1   33   37    9   36   13   17   32    5   41 
   1   37   33    9   36   13   17   32    5   41 
   1   37   33    9   36   13   17   32   41    5 
   1   37   33    9   36   13   17   32   41    5 
   1   37   33    9   36   13   17   32   41    5 
   1   33   37    9   36   13   17   32   41    5 
   1   33   37   36    9   13   17   32   41    5 
   1   33   37    9   36   13   17   32   41    5 
   1   37   36   33    9   17   13   32   41    5 
   1   37   33   36    9   17   13   32   41    5 
   1   37   33   36    9   17   13   32   41    5 
   1   37   33   36    9   17   13   32   41    5 
   1   33   37   36    9   17   13   32   41    5 
   1   33   37   36    9   17   13   32   41    5 
   1   33   37   36    9   17   13   32   41    5 
   1   33   37   36    9   17   13   32   41    5 
   1   33   37   36    9   17   13   32   41    5 
   1   33   36   37    9   17   13   32   41    5 
   1   33   36   37    9   17   13   32   41    5 
   1   33   36   37    9   17   13   32   41    5 
   1   36   33   37    9   17   13   32   41    5 
   1   33   36   37    9   17   13   32   41    5 
   1   33   36   37    9   17   13   32   41    5 
   1   36   33   37    9   17   13   32   41    5 
   1   33   36   37    9   17   13   32   41    5 
   1   33   36   37    9   17   13   32   41    5 
   1   33   36   37    9   17   13   32   41    5 
   1   33   36   37    9   17   13   32   41    5 
   1   33   36   37    9   17   13   32   41    5 
   1   33   36   37    9   17   13   32   41    5 
   1   33   36   37    9   17   13   32   41    5 
   1   33   36   37    9   17   13   32   41    5 
   1   33   36   37    9   17   13   32   41    5 
   1   33   36   37    9   17   13   32   41    5 
   1   33   36   37    9   17   13   32   41    5 
   1   33   36   37    9   17   13   32   41    5 
   1   33   36   37    9   17   13   32   41    5 
   1   33   36   37    9   17   13   32   41    5 
   1   33   36    9   37   17   13   32   41    5 
   1   33   36   37    9   17   13   32   41    5 
   1   36   33   37    9   17   13   32   41    5 
   1   36   33   37    9   17   13   32   41    5 
   1   36   33   37    9   17   13   32   41    5 
   1   33   36   37    9   17   13   32   41    5 
   1   33   36   37    9   17   13   32   41    5 
   1   33   36   37    9   17   13   32   41    5 
   1   33   36   37    9   17   13   32   41    5 
   1   36   37   33    9   17   13   32   41    5 
   1   33   36   37    9   17   13   32   41    5 
   1   33   36   37    9   17   13   32   41    5 
   1   33   36   37    9   17   13   32   41    5 
   1   33   36   37    9   17   13   32   41    5 
   1   33   36   37    9   17   13   32   41    5 
   1   33   36   37    9   17   13   32   41    5 
   1   33   36   37    9   17   13   32   41    5 
   1   33   36   37    9   17   13   32   41    5 
   1   33   36   37    9   17   13   32   41    5 
   1   33   36   37    9   17   13   32   41    5 
   1   33   36   37    9   17   13   32   41    5 
   1   33   36   37    9   17   13   32   41    5 
   1   33   36   37    9   17   13   32   41    5 
   1   33   36   37    9   17   13   32   41    5 
   1   33   36   37    9   17   13   32   41    5 
   1   33   36   37    9   17   13   32   41    5 
   1   33   36   37    9   17   13   32   41    5 
   1   33   36   37    9   17   13   32   41    5 
   1   33   36   37    9   17   13   32   41    5 
   1   33   36   37    9   17   13   32   41    5 
   1   33   36   37    9   17   13   32   41    5 
   1   33   36   37    9   17   13   32   41    5 
   1   33   36   37    9   17   13   32   41    5 
   1   33   36   37    9   13   17   32   41    5 
   1   33   36    9   37   13   17   32   41    5 
   1   36   33    9   37   13   17   32   41    5 
   1   36   33   37    9   13   17   32   41    5 
   1   36   33   37    9   13   17   32   41    5 
   1   36   33   37    9   13   17   32   41    5 
   1   36   33   37    9   17   13   32   41    5 
   1   33   36    9   37   17   13   32   41    5 
   1   33   36    9   37   13   17   32   41    5 
   1   33   36   37    9   13   17   32   41    5 
   1   36   33   37    9   13   17   32   41    5 
   1   36   33    9   37   13   17   32   41    5 
   1   33   36   37    9   13   17   32   41    5 
   1   33   36   37    9   13   17   32   41    5 
   1   36   33   37    9   13   17   32   41    5 
   1   33   36   37    9   13   17   32   41    5 
   1   33   36   37    9   13   17   32   41    5 
   1   33   36   37    9   13   17   32   41    5 
   1   33   36   37    9   13   17   32   41    5 
   1   33   36   37    9   13   17   32   41    5 
   1   33   36   37    9   13   17   32   41    5 
   1   33   36   37    9   13   17   32   41    5 
   1   33   36   37    9   13   17   32   41    5 
   1   33   36   37    9   13   17   32   41    5 
   1   36   33   37    9   13   17   32   41    5 
   1   33   36   37    9   13   17   32   41    5 
   1   33   36   37    9   13   17   32   41    5 
   1   33   36   37    9   13   17   32   41    5 
   1   33   36   37    9   13   17   32   41    5 
   1   33   36   37    9   13   17   32   41    5 
   1   33   36   37    9   13   17   32   41    5 
   1   33   36   37    9   13   17   32   41    5 
   1   33   36   37    9   13   17   32   41    5 
   1   33   36   37    9   13   17   32   41    5 
   1   33   36   37    9   13   17   32   41    5 
   1   33   36   37    9   13   17   32   41    5 
   1   33   36   37    9   13   17   32   41    5 
   1   33   36   37    9   13   17   32   41    5 
   1   33   36   37    9   13   17   32   41    5 
   1   33   36   37    9   17   13   32   41    5 
   1   36   33   37    9   17   13   32   41    5 
   1   36   33   37    9   13   17   32   41    5 
   1   33   36   37    9   17   13   32   41    5 
   1   33   36   37    9   13   17   32   41    5 
   1   33   36   37    9   13   17   32   41    5 
   1   33   36   37    9   17   13   32   41    5 
   1   33   36   37    9   17   13   32   41    5 
   1   33   36   37    9   13   17   32   41    5 
   1   33   36    9   37   13   17   32   41    5 
   1   33    9   36   37   13   17   32   41    5 
   1   33   36   37    9   13   17   32   41    5 
   1   33    9   37   36   13   17   32   41    5 
   1   33   37    9   36   13   17   32   41    5 
   1    9   33   37   36   13   17   32   41    5 
   1    9   33   13   37   17   36   32   41    5 
   1   33   37    9   36   13   17   32   41    5 
   1    9   33   37   13   36   17   32   41    5 
   1    9   33   37   13   36   17   32   41    5 
   1    9   33   37   13   36   17   32   41    5 
   1    9   33   37   13   36   17   32   41    5 
   1    9   33   37   36   13   17   32   41    5 
   1    9   33   37   36   13   17   32   41    5 
   1    9   33   37   36   13   17   32   41    5 
   1    9   33   37   36   13   17   32   41    5 
   1    9   33   37   36   13   17   32   41    5 
   1    9   33   37   36   13   17   32   41    5 
   1   33    9   37   36   13   17   32   41    5 
   1   33    9   37   36   13   17   32   41    5 
   1   33    9   37   36   13   17   32   41    5 
   1   33    9   37   36   13   17   32   41    5 
   1   33    9   37   36   13   17   32   41    5 
   1   33    9   37   36   13   17   32   41    5 
   1   33    9   37   36   13   17   32   41    5 
   1   33    9   37   36   13   17   32   41    5 
   1   33    9   37   36   13   17   32   41    5 
   1   33    9   37   36   13   17   32   41    5 
   1   33    9   37   36   13   17   32   41    5 
   1   33    9   37   36   13   17   32   41    5 
   1   33    9   37   36   13   17   32   41    5 
   1   33    9   37   36   13   17   32   41    5 
   1   33    9   37   36   13   17   32   41    5 
   1   33    9   37   36   13   17   32   41    5 
   1   33    9   37   36   13   17   32   41    5 
   1   33   37    9   36   13   17   32   41    5 
   1   33   37    9   36   13   17   32   41    5 
   1   33    9   37   36   13   17   32   41    5 
   1    9   33   37   36   13   17   32   41    5 
   1    9   33   37   36   13   17   32   41    5 
   1    9   33   37   36   13   17   32   41    5 
   1    9   33   37   36   13   17   32   41    5 
   1    9   33   37   36   13   17   32   41    5 
   1    9   33   37   36   13   17   32   41    5 
   1    9   33   37   36   13   17   32   41    5 
   1    9   33   37   36   13   17   32   41    5 
   1    9   33   37   36   13   17   32   41    5 
   1   33   37    9   36   13   17   32   41    5 
   1   33   37    9   36   13   17   32   41    5 
   1   33    9   37   36   13   17   32   41    5 
   1   33    9   37   36   13   17   32   41    5 
   1   33    9   37   36   13   17   32   41    5 
   1   33    9   37   36   13   17   32   41    5 
   1   33    9   37   36   13   17   32   41    5 
   1   33    9   37   36   13   17   32   41    5 
   1   33    9   36   37   13   17   32   41    5 
   1   33    9   36   37   13   17   32   41    5 
   1   33    9   36   37   13   17   32   41    5 
   1   33    9   36   37   13   17   32   41    5 
   1    9   33   36   37   13   17   32   41    5 
   1    9   33   36   37   13   17   32   41    5 
   1    9   33   36   37   13   17   32   41    5 
   1    9   33   36   37   13   17   32   41    5 
   1   33    9   36   37   13   17   32   41    5 
   1   33    9   36   37   13   17   32   41    5 
   1    9   33   36   37   13   17   32   41    5 
   1   33    9   36   37   13   17   32   41    5 
   1    9   33   36   37   13   17   32   41    5 
   1   33    9   36   37   13   17   32   41    5 
   1   33    9   36   37   13   17   32   41    5 
   1   33    9   36   37   13   17   32   41    5 
   1    9   36   33   37   13   17   32   41    5 
   1   36    9   33   37   13   17   32   41    5 
   1   36    9   33   37   13   17   32   41    5 
   1   36    9   33   37   13   17   32   41    5 
   1   36    9   33   37   13   17   32   41    5 
   1   36    9   33   37   13   17   32   41    5 
   1   36    9   33   37   13   17   32   41    5 
   1   36    9   33   37   13   17   32   41    5 
   1   36    9   33   37   13   17   32   41    5 
   1   36    9   33   37   13   17   32   41    5 
   1   36    9   33   37   13   17   32   41    5 
   1   36    9   33   13   37   17   32   41    5 
   1    9   36   33   13   37   17   32   41    5 
   1    9   36   33   13   37   17   32   41    5 
   1   36    9   33   37   13   17   32   41    5 
   1   36    9   33   13   37   17   32   41    5 
   1   36    9   33   13   37   17   32   41    5 
   1    9   36   33   13   37   17   32   41    5 
   1   36    9   33   13   37   17   32   41    5 
   1    9   36   33   13   37   17   32   41    5 
   1    9   36   33   37   13   17   32   41    5 
   1    9   36   33   13   37   17   32   41    5 
   1    9   36   33   13   37   17   32   41    5 
   1    9   36   33   13   37   17   32   41    5 
   1    9   36   33   13   37   17   32   41    5 
   1   36    9   33   13   37   17   32   41    5 
   1   36    9   33   37   13   32   17   41    5 
   1   36    9   33   13   37   32   17   41    5 
   1   36    9   33   37   13   32   17   41    5 
   1   36    9   33   13   37   32   17   41    5 
   1   36   33    9   37   13   32   17   41    5 
   1   36    9   33   13   37   32   17   41    5 
   1   36   33    9   37   13   32   41   17    5 
   1   36    9   33   37   13   32   17   41    5 
   1   36    9   33   37   13   32   17   41    5 
   1   36    9   33   37   13   32   17   41    5 
   1   36    9   33   37   13   32   17   41    5 
   1   36    9   33   37   13   32   17   41    5 
   1   36    9   33   37   13   32   17   41    5 
   1   36    9   33   37   13   32   17   41    5 
   1   36    9   33   37   13   32   17   41    5 
   1   36    9   33   37   13   32   17   41    5 
   1   36    9   33   37   13   32   17   41    5 
   1   36    9   33   37   13   32   17   41    5 
   1   36    9   33   37   13   32   41   17    5 
   1   36    9   33   37   13   32   41   17    5 
   1   36    9   33   37   13   32   41   17    5 
   1   36    9   33   37   13   32   41   17    5 
   1   36    9   33   37   13   32   41   17    5 
   1   36    9   33   37   13   32   41   17    5 
   1   36    9   33   37   13   32   41   17    5 
   1   36    9   33   37   13   32   41   17    5 
   1   36    9   33   37   13   32   41   17    5 
   1   36    9   33   37   13   32   41   17    5 
   1   36    9   33   37   13   32   41   17    5 
   1   36    9   33   37   13   32   41   17    5 
   1   36    9   33   37   13   32   41   17    5 
   1   36    9   33   37   13   32   41   17    5 
   1   36    9   33   37   13   32   41   17    5 
   1   36    9   33   37   13   32   41   17    5 
   1   36    9   33   37   13   32   41   17    5 
   1   36    9   33   37   13   32   41   17    5 
   1   36    9   33   37   13   32   41   17    5 
   1   36    9   33   37   13   32   41   17    5 
   1   36    9   33   37   13   32   41   17    5 
   1   36    9   33   37   13   32   41   17    5 
   1    9   36   33   37   13   32   41   17    5 
   1    9   36   33   37   13   32   17   41    5 
   1   36    9   33   37   13   32   17   41    5 
   1    9   36   33   37   13   32   17   41    5 
   1   36    9   33   37   13   32   41   17    5 
   1    9   36   33   13   37   32   17   41    5 
   1   36   33    9   37   13   32   41   17    5 
   1    9   36   33   13   37   32   17   41    5 
   1    9   36   13   33   37   32   17   41    5 
   1   36   33    9   37   13   32   41   17    5 
   1   36   33    9   37   13   32   41   17    5 
   1   36   33    9   37   13   32   41   17    5 
   1   36    9   33   37   13   32   41   17    5 
   1   36    9   33   37   13   32   41   17    5 
   1   36    9   33   37   13   32   41   17    5 
   1   36    9   33   37   13   32   41   17    5 
   1   36    9   33   37   13   32   41   17    5 
   1   36    9   33   37   13   32   41   17    5 
   1   36    9   33   37   13   32   41   17    5 
   1   36    9   33   37   13   32   41   17    5 
   1   36    9   33   37   13   32   41   17    5 
   1   36    9   33   37   13   32   41   17    5 
   1   36    9   33   37   13   32   41   17    5 
   1   36    9   33   37   13   32   41   17    5 
   1   36    9   33   37   13   32   41   17    5 
   1   36    9   33   37   13   32   41   17    5 
   1   36    9   33   37   13   32   41   17    5 
   1   36    9   33   37   13   32   41   17    5 
   1    9   36   33   37   13   32   41   17    5 
   1    9   36   33   13   37   32   41   17    5 
   1    9   36   33   13   37   32   41   17    5 
   1    9   36   33   13   37   32   17   41    5 
   1   36    9   33   13   37   32   17   41    5 
   1    9   36   33   13   37   32   17   41    5 
   1    9   36   33   13   37   32   17   41    5 
   1    9   36   33   13   37   32   17   41    5 
   1    9   36   33   13   37   32   17   41    5 
   1    9   36   33   13   37   32   17   41    5 
   1    9   36   33   13   37   32   17   41    5 
   1    9   36   33   13   37   32   17   41    5 
   1    9   36   33   13   37   32   17   41    5 
   1    9   36   33   13   37   32   17   41    5 
   1    9   36   33   13   37   32   17   41    5 
   1    9   36   33   13   37   32   17   41    5 
   1    9   36   33   13   37   32   17   41    5 
   1    9   36   33   13   37   32   17   41    5 
   1    9   36   33   13   37   32   17   41    5 
   1    9   36   33   13   37   32   17   41    5 
   1    9   36   33   13   37   32   17   41    5 
   1    9   36   33   13   37   32   17   41    5 
   1    9   36   33   13   37   32   17   41    5 
   1    9   36   33   13   37   32   17   41    5 
   1    9   36   33   13   37   32   17   41    5 
   1    9   36   33   13   37   32   17   41    5 
   1    9   36   33   13   37   32   17   41    5 
   1    9   36   33   13   37   32   17   41    5 
   1    9   36   33   13   37   32   17   41    5 
   1    9   36   33   13   37   32   17   41    5 
   1    9   36   33   13   37   32   17   41    5 
   1    9   36   33   13   37   32   17   41    5 
   1    9   36   33   13   37   32   17   41    5 
   1    9   36   33   13   37   32   17   41    5 
   1    9   36   33   13   37   32   17   41    5 
   1    9   36   33   13   37   32   17   41    5 
   1    9   36   33   13   37   32   17   41    5 
   1    9   36   33   13   37   32   17   41    5 
   1    9   36   33   13   37   32   17   41    5 
   1    9   36   33   13   37   32   17   41    5 
   1    9   36   33   13   37   32   17   41    5 
   1    9   36   33   13   37   32   17   41    5 
   1    9   36   33   13   37   32   17   41    5 
   1    9   36   33   13   37   32   17   41    5 
   1    9   36   33   13   37   32   17   41    5 
   1    9   36   33   13   37   32   17   41    5 
   1    9   36   33   13   37   32   17   41    5 
   1    9   36   33   13   37   32   17   41    5 
   1    9   36   33   13   37   32   17   41    5 
   1    9   36   33   13   37   32   17   41    5 
   1    9   36   33   13   37   32   17   41    5 
   1    9   36   33   13   37   32   17   41    5 
   1    9   36   33   13   37   32   17   41    5 
   1    9   36   33   13   37   32   17   41    5 
   1    9   36   33   13   37   32   17   41    5 
   1    9   36   33   13   37   32   17   41    5 
   1    9   36   33   13   37   32   17   41    5 
   1    9   36   33   13   37   32   17   41    5 
   1    9   36   33   13   37   32   17   41    5 
   1    9   36   33   13   37   32   17   41    5 
   1    9   36   33   13   37   32   17   41    5 
   1    9   36   33   13   37   32   17   41    5 
   1    9   36   33   13   37   32   17   41    5 
   1    9   36   33   13   37   32   17   41    5 
   1    9   36   33   13   37   32   17   41    5 
   1    9   36   33   13   37   32   17   41    5 
   1    9   36   33   13   37   32   17   41    5 
   1    9   36   33   13   37   32   17   41    5 
   1    9   36   33   13   37   32   17   41    5 
   1    9   36   33   13   37   32   17   41    5 
   1    9   36   33   13   37   32   17   41    5 
   1    9   36   33   13   37   32   17   41    5 
   1    9   36   33   13   37   32   17   41    5 
   1    9   36   33   13   37   32   17   41    5 
   1    9   36   33   13   37   32   17   41    5 
   1    9   36   33   13   37   32   17   41    5 
   1    9   36   33   13   37   32   17   41    5 
   1    9   36   33   13   37   32   17   41    5 
   1    9   36   33   13   37   32   17   41    5 
   1    9   36   33   13   37   32   17   41    5 
   1    9   36   33   13   37   32   17   41    5 
   1    9   36   33   13   37   32   17   41    5 
   1    9   36   33   13   37   32   17   41    5 
   1    9   36   33   13   37   32   17   41    5 
   1    9   36   33   13   37   32   17   41    5 
   1    9   36   33   13   37   32   17   41    5 
   1    9   36   33   13   37   32   17   41    5 
   1    9   36   33   13   37   32   17   41    5 
   1    9   36   33   13   37   32   17   41    5 
   1    9   36   33   13   37   32   17   41    5 
   1    9   36   33   13   37   32   17   41    5 
   1    9   36   33   13   37   32   17   41    5 
   1    9   36   33   13   37   32   17   41    5 
   1    9   36   33   13   37   32   17   41    5 
   1    9   36   33   13   37   32   17   41    5 
   1    9   36   33   13   37   32   17   41    5 
   1    9   36   33   13   37   32   17   41    5 
   1    9   36   33   13   37   32   17   41    5 
   1    9   36   33   13   37   32   17   41    5 
   1    9   36   33   13   37   32   17   41    5 
   1    9   36   33   13   37   32   17   41    5 
   1    9   36   33   13   37   32   17   41    5 
   1    9   36   33   13   37   32   17   41    5 
   1    9   36   33   13   37   32   17   41    5 
   1    9   36   33   13   37   32   17   41    5 
   1    9   36   33   13   37   32   17   41    5 
   1    9   36   33   13   37   32   17   41    5 
   1    9   36   33   13   37   32   17   41    5 
   1    9   36   33   13   37   32   17   41    5 
   1    9   36   33   13   37   32   17   41    5 
   1    9   36   33   13   37   32   17   41    5 
   1    9   36   33   13   37   32   17   41    5 
   1    9   36   33   13   37   32   17   41    5 
   1    9   36   33   13   37   32   17   41    5 
   1    9   36   33   13   37   32   17   41    5 
   1    9   36   33   13   37   32   17   41    5 
   1    9   36   33   13   37   32   17   41 
   1    9   36   33   13   37   32   17   41 
   1    9   36   33   13   37   32   17   41 
   1    9   36   33   13   37   32   17   41 
   1    9   36   33   13   37   32   17   41 
   1    9   36   33   13   37   32   17   41 
   1    9   36   33   13   37   32   17   41 
   1    9   36   33   13   37   32   17   41 
   1    9   36   33   13   37   32   17   41 
   1    9   36   33   13   37   32   17   41 
   1    9   36   33   13   37   32   17   41 
   1    9   36   33   13   37   32   17   41 
   1    9   36   33   13   37   32   17   41 
   1    9   36   33   13   37   32   17   41 
   1    9   36   33   13   37   32   17   41 
   1    9   36   33   13   37   32   17   41 
   1    9   36   33   13   37   32   17   41 
   1    9   36   33   13   37   32   17   41 
   1    9   36   33   13   37   32   17   41 
   1    9   36   33   13   37   32   17   41 
   1    9   36   33   13   37   32   17   41 
   1    9   36   33   13   37   32   17   41 
   1    9   36   33   13   37   32   17   41 
   1    9   36   33   13   37   32   17   41 
   1    9   36   33   13   37   32   17   41 
   1    9   36   33   13   37   32   17   41 
   1    9   36   33   13   37   32   17   41 
   1    9   36   33   13   37   32   41   17 
   1    9   36   33   13   37   32   17   41 
   1    9   36   33   13   37   32   17   41 
   1    9   36   33   13   37   32   41   17 
   1    9   36   33   13   37   32   17   41 
   1    9   36   33   13   37   32   17   41 
   1    9   36   33   13   37   32   41   17 
   1    9   36   33   13   37   32   41   17 
   1    9   36   33   13   37   32   17   41 
   1    9   36   33   13   37   32   41   17 
   1    9   36   33   13   37   32   41   17 
   1    9   36   33   13   37   32   41   17 
   1    9   36   33   13   37   32   41   17 
   1    9   36   33   13   37   32   41   17 
   1    9   36   33   13   37   32   41   17 
   1    9   36   33   13   37   32   41   17 
   1    9   36   33   13   37   32   41   17 
   1    9   36   33   13   37   32   41   17 
   1    9   36   33   13   37   32   41   17 
   1    9   36   33   13   37   32   41   17 
   1    9   36   33   13   37   32   41   17 
   1    9   36   33   13   37   32   41   17 
   1    9   36   33   13   37   32   41   17 
   1    9   36   33   13   37   32   41   17 
   1    9   36   33   13   37   32   41   17 
   1    9   36   33   13   37   32   41   17 
   1    9   36   33   13   37   32   41   17 
   1    9   36   33   13   37   32   41   17 
   1    9   36   33   13   37   32   41   17 
   1    9   36   33   13   37   32   41   17 
   1    9   36   33   13   37   32   41   17 
   1    9   36   33   13   37   32   41   17 
   1    9   36   33   13   37   32   41   17 
   1    9   36   33   13   37   32   41   17 
   1    9   36   33   13   37   32   41   17 
   1    9   36   33   13   37   32   41   17 
   1    9   36   33   13   37   32   41   17 
   1    9   36   33   13   37   32   41   17 
   1    9   36   33   13   37   32   41   17 
   1    9   36   33   13   37   32   41   17 
   1    9   36   33   13   37   32   41   17 
   1    9   36   33   13   37   32   41   17 
   1    9   36   33   13   37   32   41   17 
   1    9   36   33   13   37   32   41   17 
   1    9   36   33   13   37   32   41   17 
   1    9   36   33   13   37   32   41   17 
   1    9   36   33   13   37   32   41   17 
   1    9   36   33   13   37   32   41   17 
   1    9   36   33   13   37   32   41   17    5 
   1    9   36   33   13   37   32   41    5   17 
   1    9   36   33   13   37   32   41    5   17 
   1    9   36   33   13   37   32   41   17    5 
   1    9   36   33   13   37   32   41    5   17 
   1    9   36   33   13   37   32   41    5   17 
   1    9   36   33   13   37   32   41   17    5 
   1    9   36   33   13   37   32   41    5   17 
   1    9   36   33   13   37   32   41   17    5 
   1    9   36   33   13   37   32   41   17    5 
   1    9   36   33   13   37   32   41   17 
   1    9   36   33   13   37   32   41   17 
   1    9   36   33   13   37   32   41   17 
   1    9   36   33   13   37   32   41   17 
   1    9   36   33   13   37   32   41   17 
   1    9   36   33   13   37   32   41   17 
   1    9   36   33   13   37   32   41   17 
   1    9   36   33   13   37   32   41   17 
   1    9   36   33   13   37   32   41   17    5 
   1    9   36   33   13   37   32   41    5   17 
   1    9   36   33   13   37   32   41    5   17 
   1    9   36   33   13   37   32   41   17    5 
   1    9   36   33   13   37   32   41   17    5 
   1    9   36   33   13   37   32    5   41   17 
   1    9   36   33   13   37   32   17   41    5 
   1    9   36   33   13   37   32   17   41    5 
   1    9   36   33   13   37   32   17    5   41 
   1    9   36   33   13   37   32   17   41    5 
   1    9   36   33   13   37   32   17   41    5 
   1    9   36   33   13   37   32   17    5   41 
   1    9   36   33   13   37   32   17   41    5 
   1    9   36   33   13   37   32   17   41    5 
   1    9   36   33   13   37   32   17    5   41 
   1    9   36   33   13   37   32   17   41    5 
   1    9   36   33   13   37   32   17   41    5 
   1    9   36   33   13   37   32   17    5   41 
   1    9   36   33   13   37   32   17   41    5 
   1    9   36   33   13   37   32   17    5   41 
   1    9   36   33   13   37   32   17    5   41 
   1    9   36   33   13   37   32   17   41    5 
   1    9   36   33   13   37   32   17    5   41 
   1    9   36   33   13   37   32   17    5   41 
   1    9   36   33   13   37   32   17   41    5 
   1    9   36   33   13   37   32   17    5   41 
   1    9   36   33   13   37   32   17    5   41 
   1    9   36   33   13   37   32   17   41    5 
   1    9   36   33   13   37   32   17    5   41 
   1    9   36   33   13   37   32   17    5   41 
   1    9   36   33   13   37   32   17    5   41 
   1    9   36   33   13   37   32   17   41 
   1    9   36   33   13   37   32   17   41 
   1    9   36   33   13   37   32   17   41 
   1    9   36   33   13   37   32   17   41 
   1    9   36   33   13   37   32   17   41 
   1    9   36   33   13   37   32   17   41 
   1    9   36   33   13   37   32   17   41 
   1    9   36   33   13   37   32   17   41 
   1    9   36   33   13   37   32   17   41 
   1    9   36   33   13   37   32   17   41 
   1    9   36   33   13   37   32   17   41 
   1    9   36   33   13   37   32   17   41 
   1    9   36   33   13   37   32   17   41 
   1    9   36   33   13   37   32   17   41 
   1    9   36   33   13   37   32   17   41 
   1    9   36   33   13   37   32   17   41 
   1    9   36   33   13   37   32   17   41 
   1    9   36   33   13   37   32   17   41 
   1    9   36   33   13   37   32   41 
   1    9   36   33   13   37   32   41 
   1    9   36   33   13   37   32   41 
   1    9   36   33   13   37   32   41 
   1    9   36   33   13   37   32   41 
   1    9   36   33   13   37   32   41 
   1    9   36   33   13   37   32   41 
   1    9   36   33   13   37   32   41 
   1    9   36   33   13   37   32   41 
   1    9   36   33   13   37   32   41 
   1    9   36   33   13   37   32   41   17 
   1    9   36   33   13   37   32   41   17 
   1    9   36   33   13   37   32   41   17 
   1    9   36   33   13   37   32   41   17 
   1    9   36   33   13   37   32   17   41 
   1    9   36   33   13   37   32   17   41 
   1    9   36   33   13   37   32   17   41 
   1    9   36   33   13   37   32   17   41 
   1    9   36   33   13   37   32   17   41 
   1    9   36   33   13   37   32   17   41 
   1    9   36   33   13   37   32   17   41 
   1    9   36   33   13   37   32   17   41 
   1    9   36   33   13   37   32   17   41 
   1    9   36   33   13   37   32   17   41 
   1    9   36   33   13   37   32   17   41 
   1    9   36   33   13   37   32   17   41 
   1    9   36   33   13   37   32   17   41 
   1    9   36   33   13   37   32   17   41 
   1    9   36   33   13   37   32   17   41 
   1    9   36   33   13   37   32   17   41 
   1    9   36   33   13   37   32   17   41 
   1    9   36   33   13   37   32   17   41 
   1    9   36   33   13   37   32   17   41 
   1    9   36   33   13   37   32   17   41 
   1    9   36   33   13   37   32   17   41 
   1    9   36   33   13   37   32   17   41 
   1    9   36   33   13   37   32   17   41 
   1    9   36   33   13   37   32   17   41 
   1    9   36   33   13   37   32   17   41 
   1    9   36   33   13   37   32   41   17 
   1    9   36   33   13   37   32   17   41 
   1    9   36   33   13   37   32   17   41 
   1    9   36   33   13   37   32   17   41 
   1    9   36   33   13   37   32   17   41 
   1    9   36   33   13   37   32   17   41 
   1    9   36   33   13   37   32   17   41 
   1    9   36   33   13   37   32   17   41 
   1    9   36   33   13   37   32   41   17 
   1    9   36   33   13   37   32   17   41 
   1    9   36   33   13   37   32   17   41 
   1    9   36   33   13   37   32   41   17 
   1    9   36   33   13   37   32   17   41 
   1    9   36   33   13   37   32   17   41 
   1    9   36   33   13   37   32   17   41 
   1    9   36   33   13   37   32   17   41 
   1    9   36   33   13   37   32   41   17 
   1    9   36   33   13   37   32   17   41 
   1    9   36   33   13   37   32   17   41 
   1    9   36   33   13   37   32   41   17 
   1    9   36   33   13   37   32   17   41 
   1    9   36   33   13   37   32   17   41 
   1    9   36   33   13   37   32   41   17 
   1    9   36   33   13   37   32   17   41 
   1    9   36   33   13   37   32   41   17 
   1    9   36   33   13   37   32   17   41 
   1    9   36   33   13   37   32   17   41 
   1    9   36   33   13   37   32   17   41 
   1    9   36   33   13   37   32   17   41 
   1    9   36   33   13   37   32   17   41 
   1    9   36   33   13   37   32   17   41 
   1    9   36   33   13   37   32   17   41 
   1    9   36   33   13   37   32   17   41 
   1    9   36   33   13   37   32   17   41 
   1    9   36   33   13   37   32   17   41 
   1    9   36   33   13   37   32   17   41 
   1    9   36   33   13   37   32   17   41 
   1    9   36   33   13   37   32   41   17 
   1    9   36   33   13   37   32   17   41 
   1    9   36   33   13   37   32   17   41 
   1    9   36   33   13   37   32   41   17 
   1    9   36   33   13   37   32   17   41 
   1    9   36   33   13   37   32   41   17 
   1    9   36   33   13   37   32   41   17 
   1    9   36   33   13   37   32   17   41 
   1    9   36   33   13   37   32   41   17 
   1    9   36   33   13   37   32   41   17 
   1    9   36   33   13   37   32   17   41 
   1    9   36   33   13   37   32   41   17 
   1    9   36   33   13   37   32   17   41 
   1    9   36   33   13   37   32   41   17 
   1    9   36   33   13   37   32   41   17 
   1    9   36   33   13   37   32   17   41 
   1    9   36   33   13   37   32   41   17 
   1    9   36   33   13   37   32   41   17 
   1    9   36   33   13   37   32   41   17 
   1    9   36   33   13   37   32   41   17 
   1    9   36   33   13   37   32   41   17 
   1    9   36   33   13   37   32   41   17 
   1    9   36   33   13   37   32   41   17 
   1    9   36   33   13   37   32   17   41 
   1    9   36   33   13   37   32   41   17 
   1    9   36   33   13   37   32   41   17 
   1    9   36   33   13   37   32   41   17 
   1    9   36   33   13   37   32   41   17 
   1    9   36   33   13   37   32   17   41 
   1    9   36   33   13   37   32   41   17 
   1    9   36   33   13   37   32   41   17 
   1    9   36   33   13   37   32   41   17 
   1    9   36   33   13   37   32   41   17 
   1    9   36   33   13   37   32   41   17 
   1    9   36   33   13   37   32   41   17 
   1    9   36   33   13   37   32   41   17 
   1    9   36   33   13   37   32   41   17 
   1    9   36   33   13   37   32   41   17 
   1    9   36   33   13   37   32   41   17 
   1    9   36   33   13   37   32   41   17 
   1    9   36   33   13   37   32   41   17 
   1    9   36   33   13   37   32   41   17 
   1    9   36   33   13   37   32   41   17 
   1    9   36   33   13   37   32   41   17 
   1    9   36   33   13   37   32   41   17 
   1    9   36   33   13   37   32   41   17 
   1    9   36   33   13   37   32   41   17 
   1    9   36   33   13   37   32   41   17 
   1    9   36   33   13   37   32   41   17 
   1    9   36   33   13   37   32   41   17 
   1    9   36   33   13   37   32   41   17 
   1    9   36   33   13   37   32   41   17 
   1    9   36   33   13   37   32   41   17 
   1    9   36   33   13   37   32   41   17 
   1    9   36   33   13   37   32   41   17 
   1    9   36   33   13   37   32   41   17 
   1    9   36   33   13   37   32   41   17 
   1    9   36   33   13   37   32   41   17 
   1    9   36   33   13   37   32   41   17 
   1    9   36   33   13   37   32   41   17 
   1    9   36   33   13   37   32   41   17 
   1    9   36   33   13   37   32   41   17 
   1   36    9   33   13   37   32   41   17 
   1   36    9   33   13   37   32   41   17 
   1    9   36   33   13   37   32   17   41 
   1    9   36   33   13   37   32   17   41 
   1    9   36   33   13   37   32   17   41 
   1    9   36   33   13   37   32   17   41 
   1    9   36   33   13   37   32   17   41 
   1    9   36   33   13   37   32   17 
   1    9   36   33   13   37   32   17 
   1    9   36   33   13   37   32   17 
   1    9   36   33   13   37   32   17 
   1    9   36   33   13   37   32   17 
   1   36    9   33   13   37   32   17 
   1   36    9   33   13   37   32   17 
   1    9   36   33   13   37   32   17 
   1   36    9   13   33   37   32   17 
   1    9   36   33   13   37   32   17 
   1    9   36   13   33   37   32   17 
   1    9   36   13   33   37   32   17 
   1    9   36   13   33   37   32   17 
   1    9   36   13   33   37   32   17 
   1    9   36   13   33   37   32   17 
   1    9   36   13   33   37   32   17 
   1    9   36   13   33   37   32   17 
   1    9   36   13   33   37   32   17    5   21 
   1   36    9   13   33   37   32   17    5   21 
   1   36    9   13   33   37   32   17    5   21 
   1   36    9   13   33   37   32   17    5   21 
   1    9   36   13   33   37   32    5   21 
   1   36    9   13   33   37   32   17    5   21 
   1    9   36   13   33   37   32 
   1   36    9   13   33   37   32    5   21 
   1    9   36   13   33   37   32 
   1   36    9   13   33   37   32    5   21 
   1    9   36   13   33   37   32 
   1    9   36   13   33   37   32    5   21 
   1    9   36   13   33   37   32    5   21 
   1    9   36   13   33   37   32   17    5   21    4 
   1    9   36   13   33   37   32   17    5   21    4 
   1    9   36   13   33   37   32   17    5   21    4 
   1    9   36   13   33   37   32   17    5   21    4 
   1    9   36   13   33   37   32   17    5   21    4 
   1   36    9   13   33   37   32   17    5   21    4 
   1   36    9   13   33   37   32   17    5   21    4 
   1   36    9   13   33   37   32   17    5   21    4 
   1    9   36   13   33   37   32   17    5   21    4 
   1   36    9   13   33   37   32   17    5   21    4 
   1   36    9   13   33   37   32   17    5   21    4 
   1   36    9   13   33   37   32   17    5   21    4 
   1   36    9   13   33   37   32   17    5   21    4 
   1   36    9   13   33   37   32   17    5   21    4 
   1   36    9   13   33   37   32   17    5   21    4 
   1   36    9   13   33   37   32   17    5   21    4 
   1   36    9   13   33   37   32   17    5   21 
   1   36    9   13   33   37   32   17    5   21 
   1    9   36   13   33   37   17   32    5   21 
   1    9   36   13   33   37   17   32    5   21    4 
   1    9   36   13   33   37   17   32    5   21    4 
   1    9   36   13   33   37   17    5   32   21    4 
   1    9   36   13   33   37   17    5   32   21    4 
   1   36    9   13   33   37   17    5   32   21    4 
   1   36    9   13   33   37   17    5   32   21    4 
   1   36    9   13   33   37   17    5   32   21    4 
   1   36    9   13   33   37   17    5   32   21    4 
   1   36    9   13   33   37   17    5   32   21    4 
   1   36    9   13   33   37   17    5   32   21    4 
   1   36    9   13   33   37   17    5   32   21    4 
   1   36    9   13   33   37   17    5   32   21    4 
   1   36    9   13   33   37   17    5   32   21    4 
   1   36    9   13   33   37   17   32    5   21    4 
   1   36    9   13   33   37   17   32    5   21    4 
   1   36    9   13   33   37   17   32    5   21    4 
   1   36    9   13   33   37   17   32    5   21    4 
   1   36    9   13   33   37   17   32    5   21    4 
   1    9   36   13   33   37   17   32    5   21    4 
   1    9   36   13   33   37   17   32    5   21    4 
   1   36    9   13   33   37   17   32    5   21    4 
   1   36    9   13   33   37   17   32    5   21    4 
   1    9   36   13   33   37   17   32    5   21    4 
   1    9   36   13   33   37   17   32    5   21    4 
   1    9   36   13   33   37   17   32    5   21    4 
   1    9   36   13   33   37   17   32    5   21    4 
   1    9   36   13   33   37   17   32    5   21    4 
   1   36    9   13   33   37   17   32    5   21    4 
   1    9   36   13   33   37   17   32    5   21    4 
   1    9   36   13   33   37   17   32    5   21    4 
   1   36    9   13   33   37   17   32    5   21    4 
   1   36    9   13   33   37   17   32    5   21    4 
   1    9   36   13   33   37   17   32    5   21    4 
   1   36    9   13   33   37   17   32    5   21    4 
   1    9   36   13   33   37   17   32    5   21    4 
   1    9   36   13   33   37   17   32    5   21 
   1    9   36   13   33   37   17   32    5   21 
   1    9   36   13   33   37   17   32    5   21 
   1    9   36   13   33   37   17   32    5   21 
   1    9   36   13   33   37   17   32    5   21 
   1    9   36   13   33   37   17   32    5   21    4 
   1    9   36   13   33   37   17   32    5   21    4 
   1    9   36   13   33   37   17   32    5   21    4 
   1    9   36   13   33   37   17   32    5   21    4 
   1    9   13   36   33   37   17    5   32   21    4 
   1    9   36   13   33   37   17    5   32   21    4 
   1    9   36   13   33   37   17    5   32   21    4 
   1    9   36   13   33   37   17    5   32   21    4 
   1    9   36   13   33   37   17    5   32    4   21 
   1    9   13   36   33   37   17    5   32    4   21 
   1    9   36   13   33   37   17    5   32    4   21 
   1    9   13   36   17   33   37    5   32    4   21 
   1    9   36   13   33   37   17   32    5    4   21 
   1    9   13   36   17   33   37    5   32    4   21 
   1    9   36   13   33   37   17   32    5    4   21 
   1    9   36   13   33   37   17   32    5    4   21 
   1    9   36   13   33   37   17   32    5    4   21 
   1    9   36   13   33   37   17   32    5    4   21 
   1   36    9   13   33   37   17   32    5    4   21 
   1   36    9   13   33   37   17   32    5    4   21 
   1   36    9   13   33   37   17   32    5    4   21 
   1   36    9   13   33   37   17   32    5    4   21 
   1   36    9   13   33   37   17   32    5    4   21 
   1   36    9   13   33   37   17   32    5    4   21 
   1   36    9   13   33   37   17   32    5    4   21 
   1   36    9   13   33   37   17   32    5    4   21 
   1   36    9   13   33   37   17   32    5    4   21 
   1   36    9   13   33   37   17   32    5    4   21 
   1   36    9   13   33   37   17   32    5    4   21 
   1   36    9   13   33   37   17   32    5    4   21 
   1   36    9   13   33   37   17   32    5   21    4 
   1   36    9   13   33   37   17   32    5   21    4 
   1   36    9   13   33   37   17   32    5   21    4 
   1   36    9   13   33   37   17   32    5   21    4 
   1   36    9   13   33   37   17   32    5   21    4 
   1   36    9   13   33   37   17   32    5   21    4 
   1   36    9   13   33   37   17   32    5   21    4 
   1   36    9   13   33   37   17   32    5   21    4 
   1   36    9   13   33   37   17   32    5   21    4 
   1    9   36   13   33   37   17   32    5   21    4 
   1    9   36   13   33   37   17   32    5   21    4 
   1    9   36   13   33   37   17   32    5   21    4 
   1    9   36   13   33   37   17   32    5   21    4 
   1    9   36   13   33   37   17   32    5   21    4 
   1    9   36   13   33   37   17   32    5   21    4 
   1    9   36   13   33   37   17   32    5   21    4 
   1    9   36   13   33   37   17   32    5   21    4 
   1    9   36   13   33   37   17   32    5   21    4 
   1    9   36   13   33   37   17    5   32   21    4 
   1   36    9   13   33   37   17   32    5   21    4 
   1    9   36   13   33   37   17    5   32   21    4 
   1   36    9   13   33   37   17   32    5   21    4 
   1    9   36   13   33   37   17    5   32   21    4 
   1   36    9   13   33   37   17   32    5   21    4 
   1   36    9   13   33   37   17   32    5   21    4 
   1   36    9   13   33   37   17   32    5   21    4 
   1    9   36   13   33   37   17   32    5   21    4 
   1    9   36   13   33   37   17   32    5   21    4 
   1    9   36   13   33   37   17   32    5   21    4 
   1    9   36   13   33   37   17   32    5   21    4 
   1    9   36   13   33   37   17   32    5   21    4 
   1    9   36   13   33   37   17   32    5   21    4 
   1    9   36   13   33   37   17   32    5   21    4 
   1   36    9   13   33   37   17   32    5   21    4 
   1   36    9   13   33   37   17   32    5   21    4 
   1   36    9   13   33   37   17   32    5   21    4 
   1   36    9   13   33   37   17   32    5   21    4 
   1   36    9   13   33   37   17   32    5   21    4 
   1   36    9   13   33   37   17   32    5   21    4 
   1   36    9   13   33   37   17   32    5   21    4 
   1   36    9   13   33   37   17   32    5   21    4 
   1   36    9   13   33   37   17   32    5   21    4 
   1    9   36   13   33   37   17   32    5   21    4 
   1    9   36   13   33   37   17   32    5   21    4 
   1   36    9   13   33   37   17   32    5   21    4 
   1    9   36   13   33   37   17   32    5   21    4 
   1    9   36   13   33   37   17   32    5   21    4 
   1    9   36   13   33   37   17   32    5   21    4 
   1    9   36   13   33   37   17   32    5   21    4 
   1    9   36   13   33   37   17   32    5   21    4 
   1    9   36   13   33   37   17   32    5   21    4 
   1    9   36   13   33   37   17   32    5   21    4 
   1    9   36   13   33   37   17   32    5   21    4 
   1    9   36   13   33   37   17   32    5   21    4 
   1    9   36   13   33   37   17    5   32   21    4 
   1   36    9   13   33   37   17    5   32   21    4 
   1    9   36   13   33   37   17    5   32   21    4 
   1   36    9   13   33   37   17    5   32   21    4 
   1    9   36   13   33   37   17    5   32   21    4 
   1   36    9   13   33   37   17    5   32   21    4 
   1   36    9   13   33   37   17    5   32   21    4 
   1    9   36   13   33   37   17    5   32   21    4 
   1    9   36   13   33   37   17    5   32   21    4 
   1    9   36   13   33   37   17    5   32   21    4 
   1    9   36   13   33   37   17    5   32   21    4 
   1    9   36   13   33   37   17   32    5    4   21 
   1    9   36   13   33   37   17    5   32   21    4 
   1   36    9   13   33   37   17    5   32   21    4 
   1    9   36   13   33   37   17    5   32   21    4 
   1   36    9   13   33   37   17    5   32   21    4 
   1   36    9   13   33   37   17    5   32   21    4 
   1    9   36   13   33   37   17    5   32   21    4 
   1   36    9   13   33   37   17    5   32   21    4 
   1   36    9   13   33   37   17    5   32   21    4 
   1   36    9   13   33   37   17    5   32   21    4 
   1   36    9   13   33   37   17    5   32   21    4 
   1   36    9   13   33   37   17    5   32   21    4 
   1    9   36   13   33   37   17    5   32   21    4 
   1   36    9   13   33   37   17    5   32   21    4 
   1   36    9   13   33   37   17    5   32   21    4 
   1   36    9   13   33   37   17    5   32   21    4 
   1   36    9   13   33   37   17   32    5   21    4 
   1   36    9   13   33   37   17   32    5   21 
   1   36    9   13   33   37   17   32    5   21 
   1   36    9   13   33   37   17   32    5   21 
   1   36    9   13   33   37   17   32    5   21 
   1   36    9   13   33   37   17   32    5   21 
   1   36    9   13   33   37   17   32    5   21 
   1   36    9   13   33   37   17   32    5   21 
   1   36    9   13   33   37   17   32    5   21 
   1    9   36   13   33   37   17    5   32   21 
   1   36    9   13   33   37   17   32    5   21    4 
   1    9   36   13   33   37   17   32    5   21 
   1   36    9   13   33   37   17   32    5   21    4 
   1    9   36   13   33   37   17    5   32   21    4 
   1   36    9   13   33   37   17    5   32   21    4 
   1   36    9   13   33   37   17   32    5   21    4 
   1    9   36   13   33   37   17    5   32   21    4 
   1   36    9   13   33   37   17   32    5   21    4 
   1    9   36   13   33   37   17    5   32   21 
   1   36    9   13   33   37   32   17    5   21    4 
   1    9   36   13   33   37   17    5   32   21 
   1   36    9   13   33   37   32   17    5   21    4 
   1   36    9   13   33   37   32   17    5   21 
   1   36    9   13   33   37   32   17    5   21 
   1   36    9   13   33   37   32    5   21 
   1   36    9   13   33   37   32    5   21 
   1   36    9   13   33   37   32   17    5   21 
   1   36    9   13   33   37   32   17    5   21 
   1    9   36   13   33   37   32   17    5   21 
   1   36    9   13   33   37   32   17    5   21 
   1    9   36   13   33   37   32   17    5   21 
   1   36    9   13   33   37   32   17    5   21 
   1   36    9   13   33   37   32   17    5   21 
   1    9   36   13   33   37   32   17    5   21 
   1    9   36   13   33   37   32   17    5   21 
   1    9   36   13   33   37   32   17    5   21 
   1   36    9   13   33   37   32   17    5   21 
   1    9   36   13   33   37   32   17    5   21 
   1    9   36   13   33   37   32   17    5   21 
   1    9   36   13   33   37   32   17    5   21 
   1   36    9   13   33   37   32   17    5   21 
   1   36    9   13   33   37   32   17    5   21 
   1   36    9   13   33   37   32   17    5   21 
   1   36    9   13   33   37   32   17    5   21 
   1    9   36   13   33   37   32   17    5   21 
   1    9   36   13   33   37   32   17    5   21 
   1    9   36   13   33   37   32   17    5   21 
   1    9   36   13   33   37   32   17    5    4   21 
   1    9   36   13   33   37   17   32    5    4   21 
   1    9   36   13   33   37   17   32    5    4   21 
   1    9   36   13   33   37   17   32    5    4   21 
   1    9   36   13   33   37   17   32    5    4   21 
   1    9   36   13   33   37   17   32    5    4   21 
   1    9   36   13   33   37   17   32    5    4   21 
   1    9   36   13   33   37   17   32    5    4   21 
   1    9   36   13   33   37   17   32    5    4   21 
   1    9   36   13   33   37   17   32    5    4   21 
   1    9   36   13   33   37   17   32    5    4   21 
   1    9   36   13   33   37   17   32    5    4   21 
   1    9   36   13   33   37   17   32    5    4   21 
   1   36    9   13   33   37   17   32    5    4   21 
   1    9   36   13   33   37   17   32    5   21 
   1    9   36   13   33   37   17   32    5   21 
   1    9   36   13   33   37   17   32    5   21 
   1    9   36   13   33   37   17   32    5   21 
   1    9   36   13   33   37   17   32    5   21 
   1   36    9   13   33   37   17   32    5   21 
   1    9   36   13   33   37   17   32    5   21 
   1    9   36   13   33   37   17   32    5   21 
   1   36    9   13   33   37   17   32    5   21 
   1   36    9   13   33   37   17   32    5   21 
   1   36    9   13   33   37   17   32    5   21 
   1   36    9   13   33   37   17   32    5   21 
   1   36    9   13   33   37   17   32    5   21 
   1   36    9   13   33   37   17   32    5   21 
   1    9   36   13   33   37   17   32    5   21 
   1    9   36   13   33   37   17   32    5   21 
   1    9   36   13   33   37   17   32    5   21 
   1    9   36   13   33   37   17   32    5   21 
   1    9   36   13   33   37   32   17    5   21 
   1    9   36   13   33   37   17   32    5   21 
   1    9   36   13   33   37   17   32    5   21 
   1    9   36   13   33   37   17   32    5   21 
   1    9   36   13   33   37   17   32    5   21 
   1   36    9   13   33   37   17   32    5   21 
   1   36    9   13   33   37   17   32    5   21 
   1   36    9   13   33   37   17   32    5   21 
   1   36    9   13   33   37   17   32    5   21 
   1   36    9   13   33   37   32   17    5   21 
   1   36    9   13   33   37   32   17    5   21 
   1   36    9   13   33   37   32   17    5   21 
   1   36    9   13   33   37   32   17    5   21 
   1   36    9   13   33   37   32   17    5   21 
   1   36    9   13   33   37   17   32    5   21 
   1    9   36   13   33   37   17   32    5   21 
   1   36    9   13   33   37   17   32    5   21 
   1   36    9   13   33   37   17   32    5   21 
   1   36    9   13   33   37   17   32    5   21 
   1   36    9   13   33   37   17   32    5   21 
   1   36    9   13   33   37   17   32    5   21 
   1    9   36   13   33   37   17   32    5   21 
   1   36    9   13   33   37   32   17    5   21 
   1   36    9   13   33   37   32   17    5   21 
   1   36    9   13   33   37   32    5   21 
   1   36    9   13   33   37   32    5   21 
   1   36    9   13   33   37   32    5   21 
   1   36    9   13   33   37   32    5   21 
   1    9   36   13   33   37   32    5   21 
   1    9   36   13   33   37   32    5   21 
   1    9   36   13   33   37   32    5   21 
   1    9   36   13   33   37   32    5   21 
   1    9   36   13   33   37   32    5   21 
   1    9   36   13   33   37   32    5   21 
   1    9   36   13   33   37   32    5   21 
   1    9   36   13   33   37   32    5   21 
   1    9   36   13   33   37   32    5   21 
   1    9   36   13   33   37   32    5   21 
   1    9   36   13   33   37   32    5   21 
   1    9   36   13   33   37   32    5   21 
   1    9   36   13   33   37   32    5   21 
   1    9   36   13   33   37   32    5   21 
   1    9   36   13   33   37   32    5   21 
   1    9   36   13   33   37   32    5   21 
   1    9   36   13   33   37   32    5   21 
   1    9   36   13   33   37   32    5   21 
   1    9   36   13   33   37   32    5   21 
   1    9   36   13   33   37   32    5   21 
   1    9   36   13   33   37   17   32    5    4   21 
   1    9   36   13   33   37   17   32    5   21    4 
   1    9   36   13   33   37   17   32    5   21    4 
   1    9   36   13   33   37   17   32    5   21    4 
   1    9   36   13   33   37   17   32    5   21    4 
   1    9   36   13   33   37   17   32    5   21    4 
   1    9   36   13   33   37   17    5   32   21    4 
   1    9   36   13   33   37   17   32    5   21    4 
   1    9   36   13   33   37   17    5   32   21    4 
   1    9   36   13   33   37   17   32    5   21    4 
   1    9   36   13   33   37   17    5   32    4   21 
   1   36    9   13   33   37   17   32    5   21    4 
   1    9   36   13   33   37   17    5   32    4   21 
   1   36    9   13   33   37   32   17    5    4   21 
   1   36    9   13   33   37   32   17    5    4   21 
   1   36    9   13   33   37   32   17    5    4   21 
   1    9   36   13   33   37   17   32    5    4   21 
   1    9   36   13   33   37   17   32    5    4   21 
   1    9   36   13   33   37   17   32    5    4   21 
   1    9   36   13   33   37   17   32    5    4   21 
   1    9   36   13   33   37   17   32    5    4   21 
   1    9   36   13   33   37   17   32    5    4   21 
   1    9   36   13   33   37   17   32    5    4   21 
   1    9   36   13   33   37   17   32    5    4   21 
   1    9   36   13   33   37   17   32    5    4   21 
   1    9   36   13   33   37   17   32    5    4   21 
   1    9   36   13   33   37   17   32    5    4   21 
   1    9   36   13   33   37   17   32    5    4   21 
   1    9   36   13   33   37   17   32    5    4   21 
   1    9   36   13   33   37   17    5   32    4   21 
   1    9   36   13   33   37    5   17   32    4   21 
   1    9   36   13   33   37    5   17   32    4   21 
   1    9   36   13   33   37    5   17   32    4   21 
   1    9   36   13   33   37   17    5   32    4   21 
   1    9   36   13   33   37   32   17    5    4   21 
   1    9   36   13   33   37   32   17    5    4   21 
   1    9   36   13   33   37    5   32   17    4   21 
   1    9   36   13   33   37   17    5   32    4   21 
   1    9   36   13   33   37    5   17   32    4   21 
   1    9   36   13   33   37    5   17   32    4   21 
   1    9   36   13   33   37    5   17   32   21    4 
   1    9   36   13   33   37    5   17   32   21    4 
   1    9   36   13   33   37    5   17   32   21    4 
   1    9   36   13   33   37    5   17   32   21    4 
   1    9   36   13   33   37    5   17   32   21    4 
   1    9   36   13   33   37    5   17   32   21    4 
   1    9   36   13   33   37    5   17   32   21    4 
   1    9   36   13   33   37    5   17   32   21    4 
   1    9   36   13   33   37    5   17   32   21    4 
   1    9   36   13   33   37    5   17   32   21    4 
   1    9   36   13   33   37    5   17   32   21    4 
   1    9   36   13   33   37    5   17   32   21    4 
   1   36    9   13   33   37    5   17   32   21    4 
   1    9   36   13   33   37   17    5   32   21    4 
   1   36    9   13   33   37   17    5   32   21    4 
   1    9   36   13   33   37   17    5   32   21    4 
   1   36    9   13   33   37   32   17    5   21    4 
   1   36    9   13   33   37   17   32    5   21    4 
   1   36    9   13   33   37   32   17    5   21    4 
   1   36    9   13   33   37   17   32    5   21    4 
   1   36    9   13   33   37   17   32    5   21    4 
   1   36    9   13   33   37   17   32    5   21    4 
   1   36    9   13   33   37   32   17    5   21    4 
   1   36    9   13   33   37   17    5   32   21    4 
   1   36    9   13   33   37    5   32   17   21    4 
   1    9   36   13   33   37    5   17   32   21    4 
   1   36    9   13   33   37    5   17   32   21    4 
   1   36    9   13   33   37    5   17   32   21    4 
   1    9   36   13   33   37    5   17   32   21    4 
   1    9   36   13   33   37    5   17   32   21    4 
   1    9   36   13   33   37    5   17   32   21    4 
   1    9   36   13   33   37    5   17   32   21    4 
   1    9   36   13   33   37    5   17   32   21    4 
   1    9   36   13   33   37    5   17   32   21    4 
   1    9   36   13   33   37    5   17   32   21    4 
   1    9   36   13   33   37    5   17   32   21    4 
   1    9   36   13   33   37    5   17   32   21    4 
   1   36    9   13   33   37   17    5   32   21    4 
   1   36    9   13   33   37   17    5   32   21    4 
   1   36    9   13   33   37    5   17   32   21    4 
   1   36    9   13   33   37    5   17   32   21    4 
   1   36    9   13   33   37    5   17   32   21    4 
   1   36    9   13   33   37    5   17   32   21    4 
   1   36    9   13   33   37    5   17   32   21    4 
   1   36    9   13   33   37    5   17   32   21    4 
   1   36    9   13   33   37    5   17   32   21    4 
   1   36    9   13   33   37    5   32   21 
   1   36    9   13   33   37    5   32   21 
   1   36    9   13   33   37    5   32   21 
   1   36    9   13   33   37    5   32   21 
   1   36    9   13   33   37    5   32   21 
   1   36    9   13   33   37    5   32   21 
   1   36    9   13   33   37    5   17   32   21 
   1   36    9   13   33   37    5   17   32   21 
   1   36    9   13   33   37   17    5   32   21 
   1   36    9   13   33   37   17    5   32   21 
   1   36    9   13   33   37   17    5   32   21 
   1   36    9   13   33   37   17    5   32   21 
   1   36    9   13   33   37   17    5   32   21 
   1    9   36   13   33   37   17    5   32   21 
   1    9   36   13   33   37   17    5   32   21 
   1   36    9   13   33   37   17    5   32   21 
   1   36    9   13   33   37   17    5   32   21 
   1   36    9   13   33   37   17    5   32   21 
   1   36    9   13   33   37   17    5   32   21 
   1   36    9   13   33   37   17    5   32   21 
   1   36    9   13   33   37   17    5   32   21 
   1   36    9   13   33   37   17    5   32   21 
   1   36    9   13   33   37   17    5   32   21 
   1   36    9   13   33   37   17    5   32   21 
   1   36    9   13   33   37   17    5   32   21 
   1   36    9   13   33   37   17    5   32   21 
   1   36    9   13   33   37    5   17   32   21 
   1   36    9   13   33   37   17    5   32   21 
   1   36    9   13   33   37   17    5   32   21 
   1   36    9   13   33   37   17    5   32   21 
   1    9   36   13   33   37   17    5   32   21 
   1    9   36   13   33   37   17    5   32   21 
   1    9   36   13   33   37   17    5   32   21 
   1    9   36   13   33   37   17    5   32   21    4 
   1    9   36   13   33   37   17    5   32   21 
   1   36    9   13   33   37   17    5   32   21    4 
   1    9   36   13   33   37    5   32   21 
   1    9   36   13   33   37    5   17   32   21    4 
   1    9   36   13   33   37    5   17   32   21    4 
   1   36    9   13   33   37    5   17   32   21    4 
   1    9   36   13   33   37    5   17   32   21    4 
   1   36    9   13   33   37    5   17   32   21    4 
   1   36    9   13   33   37   17    5   32   21    4 
   1   36    9   13   33   37    5   17   32   21    4 
   1   36    9   13   33   37   17    5   32   21    4 
   1   36    9   13   33   37   17    5   32   21    4 
   1   36    9   13   33   37   17    5   32   21    4 
   1   36    9   13   33   37   17    5   32   21    4 
   1   36    9   13   33   37   17    5   32   21    4 
   1   36    9   33   13   37   17    5   32   21    4 
   1   36    9   33   13   37   17    5   32   21 
   1   36    9   33   13   37   17    5   32   21 
   1   36    9   33   13   37   17    5   32   21 
   1   36    9   33   13   37   17    5   32   21 
   1   36    9   33   13   37   17    5   32   21 
   1   36    9   33   13   37   17    5   32   21 
   1   36    9   33   13   37   17    5   32   21 
   1   36    9   33   37   13   17    5   32   21 
   1   36    9   33   37   13   17    5   32   21 
   1   36    9   33   37   13    5   17   32   21 
   1   36    9   33   37   13    5   17   32   21 
   1   36    9   33   37   13    5   17   32   21 
   1   36    9   33   37   13    5   17   32   21 
   1   36    9   33   37   13    5   17   32   21 
   1   36    9   33   37   13    5   17   32   21 
   1   36    9   33   37   13   17    5   32   21 
   1   36    9   33   37   13   17    5   32   21 
   1   36    9   33   37   13    5   17   32   21 
   1   36    9   33   37   13   17    5   32   21 
   1   36    9   33   37   13   17    5   32   21 
   1   36    9   33   37   13    5   17   32   21 
   1    9   36   33   37   13    5   17   32   21 
   1    9   36   33   13   37   17    5   32   21 
   1    9   36   33   37   13    5   17   32   21    4 
   1    9   36   33   13   37    5   17   32   21    4 
   1   36    9   33   37   13    5   17   32   21    4 
   1    9   36   33   13   37    5   17   32   21    4 
   1   36    9   33   37   13    5   17   32   21    4 
   1    9   36   13   33   37    5   21   32 
   1    9   36   13   33   37    5   17   21   32    4 
   1    9   36   13   33   37    5   17   21   32    4 
   1    9   36   13   33   37    5   17   21   32    4 
   1    9   36   13   33   37    5   17   21   32    4 
   1    9   36   13   33   37    5   17   21   32    4 
   1    9   36   13   33   37    5   17   21   32    4 
   1    9   36   13   33   37   17    5   21   32    4 
   1    9   36   13   33   37   17    5   21   32    4 
   1   36    9   13   33   37   17    5   21   32    4 
   1   36    9   13   33   37    5   17   21   32    4 
   1   36    9   13   33   37   17    5   21   32    4 
   1    9   36   13   33   37   17    5   21   32    4 
   1   36    9   33   13   37   17    5   21   32    4 
   1   36    9   33   13   37   17    5   21   32    4 
   1   36    9   33   13   37   17    5   32   21    4 
   1   36    9   33   37   13   17    5   32   21    4 
   1   36    9   33   37   13   17    5   32   21    4 
   1   36    9   33   37   13   17    5   32   21    4 
   1   36    9   33   37   13   17    5   32   21    4 
   1   36    9   33   37   13   17    5   32   21 
   1   36    9   33   37   13    5   17   32   21    4 
   1   36    9   33   37   13    5   17   32   21 
   1   36    9   33   37   13    5   17   32   21 
   1   36    9   33   37   13    5   17   32   21 
   1   36    9   33   37   13    5   17   32   21 
   1   36    9   33   37   13    5   17   32   21 
   1   36    9   33   37   13    5   17   32   21 
   1   36    9   33   37   13    5   17   32   21 
   1   36    9   33   37   13    5   17   32   21 
   1   36    9   33   37   13    5   17   32   21 
   1   36    9   33   37   13    5   17   32   21 
   1   36    9   33   37   13    5   17   32   21 
   1   36    9   33   37   13    5   17   32   21 
   1   36    9   33   37   13    5   17   32   21 
   1    9   36   33   37   13    5   17   32   21    4 
   1    9   36   33   37   13    5   17   32   21    4 
   1    9   36   33   37   13    5   17   32   21    4 
   1    9   36   33   37   13    5   17   32   21    4 
   1    9   36   33   37   13    5   17   32   21    4 
   1    9   36   33   37   13    5   17   32   21    4 
   1    9   36   33   37   13    5   17   32   21    4 
   1    9   36   33   37   13    5   17   21   32    4 
   1    9   36   33   37   13    5   17   32   21    4 
   1    9   36   33   37   13    5   17   21   32    4 
   1   36    9   33   37   13    5   17   32   21    4 
   1    9   36   33   37   13    5   17   21   32    4 
   1   36    9   33   37   13   17    5   32   21    4 
   1    9   36   33   13   37   17    5   21   32    4 
   1   36    9   33   37   13   17    5   32   21    4 
   1    9   36   13   33   17    5   37   32   21    4 
   1    9   36   13   33   17    5   37   32   21    4 
   1    9   36   13   33   17    5   37   32   21    4 
   1    9   36   13   17   33    5   37   32   21    4 
   1    9   36   13   17   33    5   37   32   21    4 
   1    9   36   13   17   33    5   37   32   21    4 
   1   36    9   13   17   33    5   37   32   21    4 
   1   36    9   13   33   17    5   37   21   32    4 
   1   36    9   33   13   17   37    5   21   32    4 
   1   36    9   33   13   17   37    5   21   32    4 
   1   36    9   33   13   37   17    5   21   32    4 
   1   36    9   33   37   13   17    5   21   32    4 
   1   36    9   33   37   13   17    5   21   32    4 
   1   36    9   33   37   13   17    5   21   32    4 
   1   36    9   33   37   13   17    5   21   32    4 
   1   36    9   33   37   13   17    5   21   32    4 
   1   36    9   33   37   13   17    5   21   32    4 
   1   36    9   33   37   13   17    5   21   32    4 
   1   36    9   33   37   13   17    5   21   32    4 
   1   36    9   33   37   13   17    5   21   32    4 
   1   36    9   33   37   13   17    5   21   32    4 
   1   36    9   33   37   13   17    5   21   32    4 
   1   36    9   33   37   13   17    5   21   32    4 
   1   36    9   33   13   37   17    5   21   32    4 
   1   36    9   33   37   13   17    5   21   32    4 
   1    9   36   33   13   37   17    5   21   32    4 
   1    9   36   33   13   37   17    5   21   32    4 
   1    9   36   33   13   37   17    5   21   32    4 
   1   36    9   33   13   37   17    5   21   32    4 
   1    9   36   13   33   17   37    5   21   32    4 
   1   36    9   33   37   13   17    5   21   32    4 
   1    9   36   17   13   33    5   37   21   32    4 
   1   36    9   33   37   13   17    5   32   21    4 
   1    9   36   13   17    5   33   37   21   32    4 
   1    9   36   13   17    5   33   37   21   32    4 
   1    9   36   13   17    5   33   37   21   32    4 
   1    9   36   13   17    5   33   37   21   32    4 
   1    9   36   13   17    5   33   37   21   32    4 
   1    9   36   13   17    5   33   37   21   32    4 
   1    9   36   17   13    5   33   37   21   32    4 
   1    9   36   17   13    5   33   37   21   32    4 
   1    9   36   13   17    5   33   37   21   32    4 
   1    9   36   13   17    5   33   37   21   32    4 
   1    9   36   13   17    5   33   37   21   32    4 
   1    9   36   13   17    5   33   37   21   32    4 
   1    9   36   13   17    5   33   37   21   32    4 
   1    9   36   13   17    5   33   37   21   32    4 
   1    9   36   13   17    5   33   37   21   32    4 
   1   36    9   13    5   33   17   37   21   32    4 
   1   36    9   13   17    5   33   37   21   32    4 
   1   36    9   13    5   33   17   37   21   32    4 
   1   36    9   13    5   33   17   37   21   32    4 
   1   36    9   13    5   33   17   37   21   32    4 
   1   36    9   13    5   33   17   37   21   32    4 
   1   36    9   13    5   33   17   37   21   32    4 
   1   36    9   13    5   33   17   37   21   32    4 
   1   36    9   13    5   33   17   37   21   32    4 
   1   36    9   13    5   33   17   37   21   32    4 
   1   36    9   13    5   33   17   37   21   32    4 
   1   36    9   13    5   33   17   37   21   32    4 
   1   36    9   13    5   33   17   37   21   32    4 
   1   36    9   13    5   33   17   37   21   32    4 
   1   36    9   13    5   33   17   37   21   32    4 
   1   36    9   13   17    5   33   37   21   32    4 
   1   36    9   13   17    5   33   37   21   32    4 
   1   36    9   13   17    5   33   37   21   32    4 
   1   36    9   13   17    5   33   37   21   32    4 
   1   36    9   13   17    5   33   37   21   32    4 
   1   36    9   13   17    5   33   37   21   32    4 
   1   36    9   13   17    5   33   37   21   32    4 
   1   36    9   13   17    5   33   37   21   32    4 
   1   36    9   13   17    5   33   37   21   32    4 
   1   36    9   13   17    5   33   37   21   32    4 
   1   36    9   13   17    5   33   37   21   32    4 
   1   36    9   13   17    5   33   37   21   32    4 
   1   36    9   13   17    5   33   37   21   32    4 
   1   36    9   13   17    5   33   37   21   32    4 
   1   36    9   13   17   33    5   37   21   32    4 
   1   36    9   13   33   17   37    5   21   32    4 
   1   36    9   13   17   33    5   37   21   32    4 
   1   36    9   13   33   17   37    5   21   32    4 
   1   36    9   13   33   17   37    5   21   32    4 
   1   36    9   13   17    5   33   37   21   32    4 
   1   36    9   33   13   37   17    5   32   21    4 
   1   36    9   13   17    5   33   37   21   32    4 
   1   36    9   13   17    5   33   37   21   32    4 
   1   36    9   13   17    5   33   37   21   32    4 
   1   36    9   13   17    5   33   37   21   32    4 
   1   36    9   13   17    5   33   37   21   32    4 
   1   36    9   13   17    5   33   37   21   32    4 
   1   36    9   13   17    5   33   37   21   32    4 
   1   36    9   13   17    5   33   37   21    4   32 
   1   36    9   13   17    5   33   37   21    4   32 
   1   36    9   13   17    5   33   37   21    4   32 
   1   36    9   17   13    5   33   37   21    4   32 
   1   36    9   17   13    5   33   21   37    4   32 
   1   36    9   17   13    5   33   21   37    4   32 
   1   36    9   17   13    5   33   21   37    4   32 
   1   36    9   17   13    5   33   21   37    4   32 
   1   36    9   17   13    5   33   21   37    4   32 
   1   36    9   13   17    5   33   21   37    4   32 
   1   36    9   13   17    5   33   21   37    4   32 
   1   36    9   13   17    5   33   21   37    4   32 
   1   36    9   13   17    5   33   21   37    4   32 
   1   36    9   13   17    5   33   21   37    4   32 
   1   36    9   13   17    5   33   21   37    4   32 
   1   36    9   13   17    5   33   21   37    4   32 
   1   36    9   13   17    5   33   21   37    4   32 
   1   36    9   13   17    5   33   21   37    4   32 
   1   36    9   13   17    5   33   21   37    4   32 
   1   36    9   13   17    5   33   21   37    4   32 
   1   36    9   13   17    5   33   21   37    4   32 
   1   36    9   13   17    5   33   21   37    4   32 
   1   36    9   13   17    5   33   21   37    4   32 
   1   36    9   13   17    5   33   21   37    4   32 
   1   36    9   13   17    5   33   21   37    4   32 
   1   36    9   13   17    5   33   21   37    4   32 
   1   36    9   13   17    5   33   21   37    4   32 
   1   36    9   13   17    5   33   21   37    4   32 
   1   36    9   13   17    5   33   21   37    4   32 
   1   36    9   13   17    5   33   21   37    4   32 
   1   36    9   13   17    5   33   21   37    4   32 
   1   36    9   13   17    5   33   21   37    4   32 
   1   36    9   13   17    5   33   21   37    4   32 
   1   36    9   13   17    5   33   21   37    4   32 
   1   36    9   13   17    5   33   21   37    4   32 
   1   36    9   13   17    5   33   21   37    4   32 
   1   36    9   13   17    5   33   21   37    4   32 
   1   36    9   13   17    5   33   21   37    4   32 
   1   36    9   13   17    5   33   21   37    4   32 
   1   36    9   13   17    5   33   21   37    4   32 
   1   36    9   13   17    5   33   21   37    4   32 
   1   36    9   13   17    5   33   21   37    4   32 
   1   36    9   13   17    5   33   21   37    4   32 
   1   36    9   13   17    5   33   21   37    4   32 
   1   36    9   13   17    5   33   21   37    4   32 
   1   36    9   13   17    5   33   21   37    4   32 
   1   36    9   13   17    5   33   21   37    4   32 
   1   36    9   13   17    5   33   21   37    4   32 
   1   36    9   13   17    5   33   21   37    4   32 
   1   36    9   13   17    5   33   21   37    4   32 
   1   36    9   13   17    5   33   21   37    4   32 
   1   36    9   13   17    5   33   21   37    4   32 
   1   36    9   13   17    5   33   21   37    4   32 
   1   36    9   13   17    5   33   21   37    4   32 
   1   36    9   13   17    5   33   21   37    4   32 
   1   36    9   13   17    5   33   21   37    4   32 
   1   36    9   13   17    5   33   21   37    4   32 
   1   36    9   13   17    5   33   21   37    4   32 
   1   36    9   13    5   17   33   21   37    4   32 
   1   36    9   13   17    5   33   21   37    4   32 
   1   36    9   13   17    5   33   21   37    4   32 
   1   36    9   13   17    5   33   21   37    4   32 
   1   36    9   13   17    5   33   21   37    4   32 
   1   36    9   13   17    5   33   21   37    4   32 
   1   36    9   13   17    5   33   21   37    4   32 
   1   36    9   13   17    5   33   21   37    4   32 
   1   36    9   13   17    5   33   21   37    4   32 
   1   36    9   13   17    5   33   21   37    4   32 
   1   36    9   13   17    5   33   21   37    4   32 
   1   36    9   13   17    5   33   21   37    4   32 
   1   36    9   13   17    5   33   37   21    4   32 
   1   36    9   13   17    5   33   21   37    4   32 
   1   36    9   13   17    5   33   37   21    4   32 
   1   36    9   13   17    5   21   33   37    4   32 
   1   36    9   13   17    5   33   37   21   32    4 
   1   36    9   13   17    5   33   37   21   32    4 
   1   36    9   13   17    5   21   33   37    4   32 
   1   36    9   13   17    5   33   37   21   32    4 
   1   36    9   13   17    5   33   21   37    4   32 
   1   36    9   13   17    5   33   21   37    4   32 
   1   36    9   13   17    5   33   21   37    4   32 
   1   36    9   13   17    5   33   21   37    4   32 
   1   36    9   13   17    5   33   21   37    4   32 
   1   36    9   13   17    5   33   21   37    4   32 
   1   36    9   13   17    5   33   21   37    4   32 
   1   36    9   13   17    5   33   21   37    4   32 
   1   36    9   13   17    5   33   21   37    4   32 
   1   36    9   13   17    5   33   21   37    4   32 
   1   36    9   13   17    5   33   21   37    4   32 
   1   36    9   13   17    5   33   21   37    4   32 
   1   36    9   13   17    5   33   21   37    4   32 
   1   36    9   13   17    5   33   21   37    4   32 
   1   36    9   13   17    5   33   21   37    4   32 
   1   36    9   13   17    5   33   21   37    4   32 
   1   36    9   13   17    5   33   21   37    4   32 
   1   36    9   13   17    5   33   21   37    4   32 
   1   36    9   13   17    5   33   21   37    4   32 
   1   36    9   13   17    5   33   21   37    4   32 
   1   36    9   13   17    5   33   21   37    4   32 
   1   36    9   13   17    5   33   21   37    4   32 
   1   36    9   13   17    5   33   21   37    4   32 
   1   36    9   13   17    5   33   21   37    4   32 
   1   36    9   13   17    5   33   21   37    4   32 
   1   36    9   13   17    5   33   21   37    4   32 
   1   36    9   13   17    5   33   21   37    4   32 
   1   36    9   13   17    5   33   21   37    4   32 
   1   36    9   13   17    5   33   21   37    4   32 
   1   36    9   13   17    5   33   21   37    4   32 
   1   36    9   13   17    5   33   21   37    4   32 
   1   36    9   13   17    5   33   21   37    4   32 
   1   36    9   13   17    5   33   21   37    4   32 
   1   36    9   13   17    5   33   21   37    4   32 
   1   36    9   13   17    5   33   21   37    4   32 
   1   36    9   13   17    5   33   37   21    4   32 
   1   36    9   13   17    5   33   21   37    4   32 
   1   36    9   13   17    5   33   37   21    4   32 
   1   36    9   13   17    5   21   33   37    4   32 
   1   36    9   13   17    5   33   37   21   32    4 
   1   36    9   13   17    5   33   37   21   32    4 
   1   36    9   13   17    5   21   33   37    4   32 
   1   36    9   13   17    5   21   33   37    4   32 
   1   36    9   13   17    5   21   33   37    4   32 
   1   36    9   13   17    5   21   33   37    4   32 
   1   36    9   13   17    5   21   33    4   37   32 
   1   36    9   13   17    5   21   33   37    4   32 
   1   36    9   13   17    5   21    4   33   37   32 
   1   36    9   13   17    5   21   33   37    4   32 
   1   36    9   13   17    5   21    4   33   37   32 
   1   36    9   13   17    5   33   21   37    4   32 
   1   36    9   13   17    5   21    4   33   37   32 
   1   36    9   13   17    5   21    4   33   37   32 
   1   36    9   13   17    5   21    4   33   37   32 
   1   36    9   13   17    5   21    4   33   37   32 
   1   36    9   13   17    5   21    4   33   37   32 
   1   36    9   13   17    5   21    4   33   37   32 
   1   36    9   13   17    5   21    4   33   37   32 
   1   36    9   13   17    5   21   33    4   37   32 
   1   36    9   13   17    5   21   33    4   37   32 
   1   36    9   13   17    5   21   33   37    4   32 
   1   36    9   13   17    5   21   33   37    4   32 
   1   36    9   13   17    5   33   21   37    4   32 
   1   36    9   13   17    5   33   21   37    4   32 
   1   36    9   13   17    5   33   21   37    4   32 
   1   36    9   13   17    5   33   21   37    4   32 
   1   36    9   13   17    5   33   21   37    4   32 
   1   36    9   13   17    5   33   21   37    4   32 
   1   36    9   13   17    5   33   21   37    4   32 
   1   36    9   13   17    5   33   21   37    4   32 
   1   36    9   13   17    5   33   21   37    4   32 
   1   36    9   13   17    5   33   21   37    4   32 
   1   36    9   13   17    5   33   21   37    4   32 
   1   36    9   13   17    5   33   21   37    4   32 
   1   36    9   13   17    5   33   21   37    4   32 
   1   36    9   13   17    5   33   21   37    4   32 
   1   36    9   13   17    5   33   21   37    4   32 
   1   36    9   13   17    5   33   21   37    4   32 
   1   36    9   13   17    5   33   37   21    4   32 
   1   36    9   13   17    5   33   37   21    4   32 
   1   36    9   13   17    5   33   37   21    4   32 
   1   36    9   13   17    5   33   37   21    4   32 
   1   36    9   13   17    5   33   37   21    4   32 
   1   36    9   13   17    5   33   37   21    4   32 
   1   36    9   13   17    5   33   37   21    4   32 
   1   36    9   13   17    5   33   37   21    4   32 
   1   36    9   13   17    5   33   37   21    4   32 
   1   36    9   17   13    5   33   37   21    4   32 
   1   36    9   17   13    5   33   21   37    4   32 
   1   36    9   17   13    5   33   37   21    4   32 
   1   36    9   13   17    5   33   21   37    4   32 
   1   36    9   13   17    5   33   37   21   32    4 
   1   36    9   13   17    5   33   21   37    4   32 
   1   36    9   13   17   33    5   37   21   32    4 
   1   36    9   13   17    5   21   33   37    4   32 
   1   36    9   13   17    5   21   33   37    4   32 
   1   36    9   13   17    5   21   33   37    4   32 
   1   36    9   13   17    5   21   33   37    4   32 
   1   36    9   13   17    5   21   33   37    4   32 
   1   36    9   13   17    5   21   33   37    4   32 
   1   36    9   13   17    5   21   33   37    4   32 
   1   36    9   13   17    5   21   33   37    4   32 
   1   36    9   13   17    5   21   33   37    4   32 
   1   36    9   13   17    5   21   33   37    4   32 
   1   36    9   13   17    5   21   33   37    4   32 
   1   36    9   13   17    5   21   33   37    4   32 
   1   36    9   13   17    5   21   33   37    4   32 
   1   36    9   13   17    5   21   33   37    4   32 
   1   36    9   13   17    5   21   33   37    4   32 
   1   36    9   13   17    5   21   33   37    4   32 
   1   36    9   13   17    5   21   33   37    4   32 
   1   36    9   13   17    5   21   33   37    4   32 
   1   36    9   13   17    5   21   33   37    4   32 
   1   36    9   13   17    5   21   33   37    4   32 
   1   36    9   13   17    5   21   33   37    4   32 
   1   36    9   13   17    5   21   33   37    4   32 
   1   36    9   13   17    5   21   33   37    4   32 
   1   36    9   13   17    5   21   33   37    4   32 
   1   36    9   13   17    5   21   33   37    4   32 
   1   36    9   13   17    5   21   33   37    4   32 
   1   36    9   13   17    5   21   33   37    4   32 
   1   36    9   13   17    5   21   33   37    4   32 
   1   36    9   13   17    5   33   21   37    4   32 
   1   36    9   13   17    5   21    4   33   37   32 
   1   36    9   13   17    5   33   37   21   32    4 
   1    9   36   13   17    5   21    4   33   37   32 
   1    9   36   13   17    5   21    4   33   37   32 
   1    9   36   13   17    5   21    4   33   37   32 
   1    9   36   13   17    5   21    4   33   37   32 
   1    9   36   13   17    5   21    4   33   37   32 
   1    9   36   13   17    5   21    4   33   37   32 
   1    9   36   13   17    5   21    4   33   37   32 
   1    9   36   13   17    5   21    4   33   37   32 
   1    9   36   13   17    5   21    4   33   37   32 
   1    9   36   13   17    5   21    4   33   37   32 
   1    9   36   13   17    5   21    4   33   37   32 
   1    9   36   13   17    5   21    4   33   37   32 
   1    9   36   13   17    5   21    4   33   37   32 
   1    9   36   13   17    5   21    4   33   37   32 
   1    9   36   13   17    5   21    4   33   37   32 
   1    9   36   13   17    5   21    4   33   37   32 
   1   36    9   13   17    5   21    4   33   37   32 
   1   36    9   13   17    5   21    4   33   37   32 
   1   36    9   13   17    5   21    4   33   37   32 
   1   36    9   13   17    5   21    4   33   37   32 
   1   36    9   13   17    5   21    4   33   37   32 
   1   36    9   13   17    5   21    4   33   37   32 
   1   36    9   13   17    5   21    4   33   37   32 
   1   36    9   13   17    5   21    4   33   37   32 
   1   36    9   13   17    5   21    4   33   37   32 
